observation_time_wib,generated_at_wib,monitoring_status,freshness_status,data_age_minutes,station_id,station_name,latitude,longitude,elevation_m,city,tt_air_avg,tt_air_min,rh_avg,rh_avg_source,rh_adapter_invalid,ws_avg,wd_avg,rr,pp_air,dew_point_c,temp_change_1h,tmin_change_1h,rh_change_1h,ws_change_1h,pressure_change_1h,recent_1h_observation_count,recent_1h_median_interval_minutes,recent_1h_maximum_interval_minutes,tmin_min_1h,rh_mean_1h,ws_mean_1h,ws_max_1h,tt_air_avg_flag,tt_air_min_flag,rh_avg_flag,ws_avg_flag,wd_avg_flag,rr_flag,pp_air_flag
2026-09-04T12:00:00+07:00,2026-09-04T12:11:01.008800+07:00,valid,current,11.016813333333332,STA2285,AWS Batur Dieng,-7.20399,109.91158,2078.0,Kab. Banjarnegara,20.26,17.61,18.27,18.27,False,2.242,130.3,0.0,800.1181,-4.649177665258312,0.1400000000000005,0.0,,-1.13,-0.5893999999999551,6,10.0,10.0,17.61,70.506,1.607,2.242,,,,,,,
2026-09-04T12:30:00+07:00,2026-09-04T12:42:23.463686+07:00,partial,current,12.391061433333334,STA2285,AWS Batur Dieng,-7.20399,109.91158,2078.0,Kab. Banjarnegara,20.04,17.61,,0.0,True,3.325,117.6,0.0,800.0706,,1.0,0.0,,1.2910000000000004,-0.5354999999999563,6,10.0,10.0,17.61,68.79,2.300333333333333,3.325,,,,,,,
2026-09-04T13:50:00+07:00,2026-09-04T13:57:07.038604+07:00,valid,current,7.117310066666667,STA2285,AWS Batur Dieng,-7.20399,109.91158,2078.0,Kab. Banjarnegara,19.23,17.61,97.0,97.0,False,4.737,106.8,0.0,799.6013,18.74179774714377,-0.7699999999999996,0.0,,0.4500000000000002,-0.1862999999999601,6,10.0,10.0,17.61,79.035,3.3046666666666664,4.737,,,,,,,
2026-09-04T14:00:00+07:00,2026-09-04T14:14:12.238339+07:00,valid,current,14.203972316666666,STA2285,AWS Batur Dieng,-7.20399,109.91158,2078.0,Kab. Banjarnegara,19.33,17.61,97.0,97.0,False,3.613,111.5,0.0,799.5629,18.841425733114527,-0.5500000000000007,0.0,,-0.4929999999999999,-0.1865000000000236,6,10.0,10.0,17.61,82.628,3.2225,4.737,,,,,,,
2026-09-04T14:50:00+07:00,2026-09-04T15:04:22.234737+07:00,valid,current,14.37057895,STA2285,AWS Batur Dieng,-7.20399,109.91158,2078.0,Kab. Banjarnegara,18.25,17.61,97.0,97.0,False,4.272,117.8,0.0,799.1782,17.765436000579168,-0.9800000000000004,0.0,0.0,-0.4649999999999998,-0.4231000000000904,6,10.0,10.0,17.61,85.05166666666666,4.009333333333333,4.674,,,,,,,
2026-09-04T17:00:00+07:00,2026-09-04T17:14:02.551333+07:00,valid,current,14.042522216666669,STA2285,AWS Batur Dieng,-7.20399,109.91158,2078.0,Kab. Banjarnegara,15.84,15.51,97.0,97.0,False,1.995,123.2,0.0,799.5935,15.36432536242462,-1.6499999999999986,-1.3499999999999996,0.0,-0.71,0.3423999999999978,6,10.0,10.0,15.51,83.85833333333333,2.8121666666666667,3.556,,,,,,,
2026-09-04T17:10:00+07:00,2026-09-04T17:23:25.896937+07:00,valid,current,13.431615616666669,STA2285,AWS Batur Dieng,-7.20399,109.91158,2078.0,Kab. Banjarnegara,15.6,15.24,97.0,97.0,False,3.07,143.8,0.0,799.6657,15.125206112631036,-1.6500000000000004,-1.6199999999999992,0.0,0.8619999999999997,0.3431000000000495,6,10.0,10.0,15.24,83.85833333333333,2.955833333333334,3.556,,,,,,,
2026-09-04T17:30:00+07:00,2026-09-04T17:41:05.784095+07:00,valid,current,11.096401583333334,STA2285,AWS Batur Dieng,-7.20399,109.91158,2078.0,Kab. Banjarnegara,14.86,14.65,97.0,97.0,False,2.328,137.4,0.0,799.8526,14.38791663075728,-1.740000000000002,-1.679999999999998,0.0,-0.7600000000000002,0.4057999999999993,6,10.0,10.0,14.65,83.85833333333333,2.68,3.556,,,,,,,
2026-09-04T17:40:00+07:00,2026-09-04T17:51:09.110854+07:00,valid,current,11.151847566666667,STA2285,AWS Batur Dieng,-7.20399,109.91158,2078.0,Kab. Banjarnegara,14.61,14.48,97.0,97.0,False,2.155,138.1,0.0,799.8817,14.138830596097634,-1.900000000000002,-1.6400000000000006,53.33,-1.1190000000000002,0.3617000000000416,6,10.0,10.0,14.48,92.74666666666668,2.4935,3.556,,,,,,,
2026-09-04T17:50:00+07:00,2026-09-04T18:01:11.229866+07:00,valid,current,11.187164433333333,STA2285,AWS Batur Dieng,-7.20399,109.91158,2078.0,Kab. Banjarnegara,14.44,14.28,97.0,97.0,False,2.914,144.9,0.0,799.911,13.969451587606375,-1.4000000000000004,-1.2300000000000004,25.52,-0.6419999999999999,0.323099999999954,6,10.0,10.0,14.28,97.0,2.3865,3.07,,,,,,,
2026-09-04T18:10:00+07:00,2026-09-04T18:16:12.237361+07:00,valid,current,6.203956016666667,STA2285,AWS Batur Dieng,-7.20399,109.91158,2078.0,Kab. Banjarnegara,14.26,14.16,96.9,96.9,False,3.062,146.8,0.0,799.9094,13.774226473623298,-1.34,-1.08,-0.0999999999999943,-0.008,0.2436999999999898,6,10.0,10.0,14.16,96.98333333333332,2.5345,3.062,,,,,,,
2026-09-04T18:20:00+07:00,2026-09-04T18:31:13.479550+07:00,valid,current,11.224659166666669,STA2285,AWS Batur Dieng,-7.20399,109.91158,2078.0,Kab. Banjarnegara,14.03,13.96,97.0,97.0,False,3.255,144.5,0.0,800.0393,13.5609475913386,-1.2700000000000014,-1.1499999999999986,0.0,1.398,0.2684000000000424,6,10.0,10.0,13.96,96.98333333333332,2.7675,3.255,,,,,,,
2026-09-04T18:40:00+07:00,2026-09-04T18:46:00.181174+07:00,valid,current,6.003019566666667,STA2285,AWS Batur Dieng,-7.20399,109.91158,2078.0,Kab. Banjarnegara,13.81,13.63,97.0,97.0,False,3.185,144.9,0.0,800.0385,13.341749344893175,-0.7999999999999989,-0.8499999999999996,0.0,1.0300000000000002,0.1567999999999756,6,10.0,10.0,13.63,96.98333333333332,3.1705,3.716,,,,,,,
2026-09-04T18:50:00+07:00,2026-09-04T19:01:15.771083+07:00,valid,current,11.262851383333333,STA2285,AWS Batur Dieng,-7.20399,109.91158,2078.0,Kab. Banjarnegara,13.54,13.46,97.0,97.0,False,3.1,145.5,0.0,800.1495,13.07273237955584,-0.9000000000000004,-0.8199999999999985,0.0,0.1859999999999999,0.2385000000000445,6,10.0,10.0,13.46,96.98333333333332,3.2015,3.716,,,,,,,
2026-09-04T19:10:00+07:00,2026-09-04T19:16:15.702024+07:00,valid,current,6.2617004,STA2285,AWS Batur Dieng,-7.20399,109.91158,2078.0,Kab. Banjarnegara,13.55,13.31,97.0,97.0,False,3.349,138.4,0.0,800.418,13.082695989251564,-0.7099999999999991,-0.8499999999999996,0.0999999999999943,0.2870000000000003,0.5086000000000013,6,10.0,10.0,13.31,97.0,3.295666666666667,3.716,,,,,,,
2026-09-04T19:30:00+07:00,2026-09-04T19:42:17.557539+07:00,valid,current,12.29262565,STA2285,AWS Batur Dieng,-7.20399,109.91158,2078.0,Kab. Banjarnegara,13.27,13.11,97.0,97.0,False,3.538,145.8,0.0,800.4933,12.803714383133796,-0.6600000000000001,-0.6900000000000013,0.0,-0.1780000000000003,0.4546000000000276,6,10.0,10.0,13.11,97.0,3.286666666666667,3.538,,,,,,,
2026-09-04T19:40:00+07:00,2026-09-04T19:46:04.824716+07:00,valid,current,6.080411933333334,STA2285,AWS Batur Dieng,-7.20399,109.91158,2078.0,Kab. Banjarnegara,13.39,13.11,96.9,96.9,False,3.621,142.0,0.0,800.5509,12.907502899658429,-0.4199999999999999,-0.5200000000000014,-0.0999999999999943,0.4359999999999999,0.5123999999999569,6,10.0,10.0,13.11,96.98333333333332,3.3593333333333333,3.621,,,,,,,
2026-09-04T19:50:00+07:00,2026-09-04T20:01:07.301352+07:00,valid,current,11.1216892,STA2285,AWS Batur Dieng,-7.20399,109.91158,2078.0,Kab. Banjarnegara,13.44,13.11,96.9,96.9,False,3.312,135.5,0.0,800.6348,12.957314899022176,-0.0999999999999996,-0.3500000000000014,-0.0999999999999943,0.2119999999999997,0.485300000000052,6,10.0,10.0,13.11,96.96666666666664,3.394666666666667,3.621,,,,,,,
2026-09-04T20:10:00+07:00,2026-09-04T20:16:16.879343+07:00,valid,current,6.281322383333333,STA2285,AWS Batur Dieng,-7.20399,109.91158,2078.0,Kab. Banjarnegara,13.09,12.93,97.0,97.0,False,2.749,136.4,0.0,800.6597,12.624368479358,-0.4600000000000008,-0.3800000000000008,0.0,-0.6000000000000001,0.2417000000000371,6,10.0,10.0,12.93,96.96666666666664,3.361333333333333,3.621,,,,,,,
2026-09-04T20:20:00+07:00,2026-09-04T20:31:13.181810+07:00,valid,current,11.219696833333334,STA2285,AWS Batur Dieng,-7.20399,109.91158,2078.0,Kab. Banjarnegara,13.12,12.93,97.0,97.0,False,3.174,140.7,0.0,800.6607,12.65425949514449,-0.5,-0.3800000000000008,0.0,-0.205,0.1680000000000063,6,10.0,10.0,12.93,96.96666666666664,3.3271666666666664,3.621,,,,,,,
2026-09-04T20:40:00+07:00,2026-09-04T20:46:02.002641+07:00,valid,current,6.033377349999999,STA2285,AWS Batur Dieng,-7.20399,109.91158,2078.0,Kab. Banjarnegara,12.84,12.67,97.0,97.0,False,3.39,140.4,0.0,800.6602,12.375276186097896,-0.5500000000000007,-0.4399999999999995,0.0999999999999943,-0.2309999999999998,0.1093000000000756,6,10.0,10.0,12.67,96.98333333333332,3.2471666666666668,3.569,,,,,,,
2026-09-04T20:50:00+07:00,2026-09-04T21:01:20.616570+07:00,valid,current,11.3436095,STA2285,AWS Batur Dieng,-7.20399,109.91158,2078.0,Kab. Banjarnegara,13.04,12.67,97.0,97.0,False,3.95,142.1,0.0,800.6595,12.57455009142592,-0.4000000000000003,-0.4399999999999995,0.0999999999999943,0.6380000000000003,0.0246999999999388,6,10.0,10.0,12.67,97.0,3.3535,3.95,,,,,,,
2026-09-04T21:10:00+07:00,2026-09-04T21:16:06.839359+07:00,valid,current,6.113989316666666,STA2285,AWS Batur Dieng,-7.20399,109.91158,2078.0,Kab. Banjarnegara,13.09,12.67,52.35,52.35,False,3.405,139.8,0.0,800.66,3.5472205494591336,0.0,-0.2599999999999998,-44.65,0.6559999999999997,0.0002999999999246,6,10.0,10.0,12.67,89.55833333333334,3.5205,3.95,,,,,,,
2026-09-04T21:20:00+07:00,2026-09-04T21:31:03.723801+07:00,partial,current,11.06206335,STA2285,AWS Batur Dieng,-7.20399,109.91158,2078.0,Kab. Banjarnegara,13.03,12.67,,0.0,True,3.467,136.5,0.0,800.6598,,-0.0899999999999998,-0.2599999999999998,,0.2930000000000001,-0.0009000000000014,6,10.0,10.0,12.67,88.07000000000001,3.569333333333333,3.95,,,,,,,
2026-09-04T21:40:00+07:00,2026-09-04T21:46:04.915452+07:00,partial,current,6.0819242,STA2285,AWS Batur Dieng,-7.20399,109.91158,2078.0,Kab. Banjarnegara,13.11,12.67,,0.0,True,3.297,135.0,0.0,800.659,,0.2699999999999996,0.0,,-0.0929999999999999,-0.0012000000000398,6,10.0,10.0,12.67,82.11666666666666,3.59,3.95,,,,,,,
2026-09-04T21:50:00+07:00,2026-09-04T22:01:04.953436+07:00,partial,current,11.082557266666669,STA2285,AWS Batur Dieng,-7.20399,109.91158,2078.0,Kab. Banjarnegara,12.87,12.6,,0.0,True,3.13,135.3,0.0,800.659,,-0.1699999999999999,-0.0700000000000002,,-0.8200000000000003,-0.0004999999999881,6,10.0,10.0,12.6,74.675,3.453333333333333,3.915,,,,,,,
2026-09-04T22:10:00+07:00,2026-09-04T22:16:06.029534+07:00,partial,current,6.100492233333333,STA2285,AWS Batur Dieng,-7.20399,109.91158,2078.0,Kab. Banjarnegara,13.35,12.6,,0.0,True,3.666,135.6,0.0,800.6582,,0.2599999999999998,-0.0700000000000002,,0.2610000000000001,-0.0018000000000029,6,10.0,10.0,12.6,,3.409333333333333,3.666,,,,,,,
2026-09-04T22:20:00+07:00,2026-09-04T22:31:05.788035+07:00,partial,current,11.09646725,STA2285,AWS Batur Dieng,-7.20399,109.91158,2078.0,Kab. Banjarnegara,13.14,12.6,,0.0,True,3.482,135.2,0.0,800.6593,,0.1100000000000012,-0.0700000000000002,,0.0150000000000001,-0.0004999999999881,6,10.0,10.0,12.6,,3.411833333333333,3.666,,,,,,,
2026-09-04T22:40:00+07:00,2026-09-04T22:46:07.180015+07:00,partial,current,6.119666916666668,STA2285,AWS Batur Dieng,-7.20399,109.91158,2078.0,Kab. Banjarnegara,13.05,12.6,,0.0,True,4.097,141.1,0.0,800.6605,,-0.0599999999999987,-0.0700000000000002,,0.8000000000000003,0.0014999999999645,6,10.0,10.0,12.6,,3.5380000000000003,4.097,,,,,,,
2026-09-04T22:50:00+07:00,2026-09-04T23:01:11.827902+07:00,partial,current,11.1971317,STA2285,AWS Batur Dieng,-7.20399,109.91158,2078.0,Kab. Banjarnegara,13.02,12.6,,0.0,True,3.656,139.9,0.0,800.5431,,0.1500000000000003,0.0,,0.5260000000000002,-0.1159000000000105,6,10.0,10.0,12.6,,3.625666666666667,4.097,,,,,,,
2026-09-04T23:20:00+07:00,2026-09-04T23:31:09.590656+07:00,partial,current,11.159844266666664,STA2285,AWS Batur Dieng,-7.20399,109.91158,2078.0,Kab. Banjarnegara,13.03,12.56,,0.0,True,3.691,133.9,0.0,800.2885,,-0.1100000000000012,-0.0399999999999991,,0.2089999999999996,-0.3708000000000311,6,10.0,10.0,12.56,,3.831333333333333,4.189,,,,,,,
2026-09-04T23:30:00+07:00,2026-09-04T23:38:03.078484+07:00,partial,current,8.051308066666667,STA2285,AWS Batur Dieng,-7.20399,109.91158,2078.0,Kab. Banjarnegara,12.92,12.56,,0.0,True,3.284,131.8,0.0,800.1688,,-0.2599999999999998,-0.0399999999999991,,-0.1790000000000002,-0.4918999999999869,6,10.0,10.0,12.56,,3.8015,4.189,,,,,,,
2026-09-04T23:40:00+07:00,2026-09-04T23:46:02.610719+07:00,partial,current,6.0435119833333335,STA2285,AWS Batur Dieng,-7.20399,109.91158,2078.0,Kab. Banjarnegara,12.9,12.56,,0.0,True,3.459,132.9,0.0,800.0719,,-0.1500000000000003,-0.0399999999999991,,-0.6380000000000003,-0.5885999999999285,6,10.0,10.0,12.56,,3.6951666666666654,4.189,,,,,,,
2026-09-04T23:50:00+07:00,2026-09-05T00:01:12.640894+07:00,partial,current,11.210681566666668,STA2285,AWS Batur Dieng,-7.20399,109.91158,2078.0,Kab. Banjarnegara,12.9,12.56,,0.0,True,3.97,132.8,0.0,800.0351,,-0.1199999999999992,-0.0399999999999991,,0.314,-0.5079999999999245,6,10.0,10.0,12.56,,3.747499999999999,4.189,,,,,,,
2026-09-05T00:10:00+07:00,2026-09-05T00:16:14.391757+07:00,valid,current,6.239862616666667,STA2285,AWS Batur Dieng,-7.20399,109.91158,2078.0,Kab. Banjarnegara,13.03,12.39,25.69,25.69,False,3.354,126.1,0.0,800.0354,-6.211015061544856,0.08,-0.1699999999999999,,-0.835,-0.3079999999999927,6,10.0,10.0,12.39,25.69,3.6175,3.97,,,,,,,
2026-09-05T00:20:00+07:00,2026-09-05T00:31:07.574413+07:00,valid,current,11.126240216666668,STA2285,AWS Batur Dieng,-7.20399,109.91158,2078.0,Kab. Banjarnegara,12.77,12.37,97.0,97.0,False,3.213,126.7,0.0,799.888,12.30553018557209,-0.2599999999999998,-0.1900000000000012,,-0.4779999999999997,-0.4004999999999654,6,10.0,10.0,12.37,61.345,3.5378333333333334,3.97,,,,,,,
2026-09-05T00:40:00+07:00,2026-09-05T00:46:15.542751+07:00,valid,current,6.259045850000001,STA2285,AWS Batur Dieng,-7.20399,109.91158,2078.0,Kab. Banjarnegara,12.9,12.37,86.8,86.8,False,4.114,125.6,0.0,799.5602,10.75334132515883,0.0,-0.1900000000000012,,0.6549999999999998,-0.5117000000000189,6,10.0,10.0,12.37,76.6225,3.664166666666667,4.114,,,,,,,
2026-09-05T00:50:00+07:00,2026-09-05T01:01:12.724169+07:00,valid,current,11.212069483333332,STA2285,AWS Batur Dieng,-7.20399,109.91158,2078.0,Kab. Banjarnegara,12.4,11.95,97.0,97.0,False,2.97,135.3,0.0,799.5606,11.93687160289286,-0.5,-0.6100000000000012,,-1.0,-0.4745000000000345,6,10.0,10.0,11.95,80.69800000000001,3.4975,4.114,,,,,,,
2026-09-05T01:10:00+07:00,2026-09-05T01:16:07.386049+07:00,invalid,current,6.123100816666667,STA2285,AWS Batur Dieng,-7.20399,109.91158,2078.0,Kab. Banjarnegara,11.92,11.35,6.515,6.515,False,2.267,135.5,0.0,799.5078,-23.72970228534055,-1.1099999999999994,-1.040000000000001,-19.175,-1.0870000000000002,-0.5276000000000067,6,10.0,10.0,11.35,80.2025,3.1581666666666663,4.114,,,,,,,
2026-09-05T01:20:00+07:00,2026-09-05T01:31:09.068786+07:00,partial,current,11.151146433333334,STA2285,AWS Batur Dieng,-7.20399,109.91158,2078.0,Kab. Banjarnegara,11.38,10.54,,0.0,True,1.161,140.6,0.0,799.5072,,-1.3899999999999988,-1.83,,-2.052,-0.380800000000022,6,10.0,10.0,10.54,76.843,2.816166666666667,4.114,,,,,,,
2026-09-05T01:40:00+07:00,2026-09-05T01:46:12.871448+07:00,valid,current,6.214524133333333,STA2285,AWS Batur Dieng,-7.20399,109.91158,2078.0,Kab. Banjarnegara,11.53,9.48,97.0,97.0,False,2.686,140.2,0.0,799.4075,11.07001811693228,-1.370000000000001,-2.889999999999999,10.200000000000005,-1.428,-0.1526999999999816,6,10.0,10.0,9.48,77.803,2.2761666666666662,2.998,,,,,,,
2026-09-05T01:50:00+07:00,2026-09-05T02:01:12.031172+07:00,valid,current,11.200519533333331,STA2285,AWS Batur Dieng,-7.20399,109.91158,2078.0,Kab. Banjarnegara,10.66,9.48,97.0,97.0,False,2.308,143.1,0.0,799.4064,10.20315392505372,-1.7400000000000002,-2.469999999999999,0.0,-0.6620000000000004,-0.1542000000000598,6,10.0,10.0,9.48,77.803,2.165833333333333,2.998,,,,,,,
2026-09-05T02:10:00+07:00,2026-09-05T02:16:08.209745+07:00,valid,current,6.136829083333334,STA2285,AWS Batur Dieng,-7.20399,109.91158,2078.0,Kab. Banjarnegara,8.61,8.03,96.9,96.9,False,1.592,165.3,0.0,799.2091,8.145306984257548,-3.3100000000000005,-3.3200000000000003,90.385,-0.6749999999999998,-0.2986999999999398,6,10.0,10.0,8.03,95.9,1.8313333333333333,2.686,,,,,,,
2026-09-05T02:20:00+07:00,2026-09-05T02:31:20.325172+07:00,valid,current,11.338752866666663,STA2285,AWS Batur Dieng,-7.20399,109.91158,2078.0,Kab. Banjarnegara,8.82,8.03,97.0,97.0,False,2.246,148.1,0.0,799.1715,8.369750713226306,-2.5600000000000005,-2.51,,1.085,-0.3356999999999743,6,10.0,10.0,8.03,96.08333333333331,2.012166666666667,2.686,,,,,,,
2026-09-05T02:40:00+07:00,2026-09-05T02:46:26.442770+07:00,valid,current,6.440712833333333,STA2285,AWS Batur Dieng,-7.20399,109.91158,2078.0,Kab. Banjarnegara,9.08,7.789,36.06,36.06,False,2.896,163.4,0.0,799.168,-5.198489543357002,-2.45,-1.6910000000000007,-60.94,0.2099999999999999,-0.2395000000000209,6,10.0,10.0,7.789,86.82666666666667,2.236333333333333,2.896,,,,,,,
2026-09-05T02:50:00+07:00,2026-09-05T03:01:13.801863+07:00,partial,current,11.23003105,STA2285,AWS Batur Dieng,-7.20399,109.91158,2078.0,Kab. Banjarnegara,8.83,7.789,,0.0,True,2.853,161.9,0.0,799.2339,,-1.83,-1.6910000000000007,,0.5450000000000004,-0.1725000000000136,6,10.0,10.0,7.789,84.792,2.3271666666666664,2.896,,,,,,,
2026-09-05T03:10:00+07:00,2026-09-05T03:16:13.609838+07:00,valid,current,6.226830633333334,STA2285,AWS Batur Dieng,-7.20399,109.91158,2078.0,Kab. Banjarnegara,8.93,7.789,87.3,87.3,False,2.974,156.3,0.0,799.2334,6.9329095274334005,0.3200000000000003,-0.2409999999999996,-9.600000000000009,1.382,0.0242999999999256,6,10.0,10.0,7.789,79.34,2.7421666666666664,2.974,,,,,,,
2026-09-05T03:20:00+07:00,2026-09-05T03:31:07.071247+07:00,valid,current,11.117854116666669,STA2285,AWS Batur Dieng,-7.20399,109.91158,2078.0,Kab. Banjarnegara,9.63,7.789,97.0,97.0,False,2.842,154.6,0.0,799.3914,9.176852592923863,0.8100000000000005,-0.2409999999999996,0.0,0.5960000000000001,0.2198999999999387,6,10.0,10.0,7.789,79.34,2.8415,2.974,,,,,,,
2026-09-05T03:40:00+07:00,2026-09-05T03:46:08.347122+07:00,valid,current,6.1391187,STA2285,AWS Batur Dieng,-7.20399,109.91158,2078.0,Kab. Banjarnegara,11.0,7.789,97.0,97.0,False,3.117,140.6,0.0,799.4026,10.541929711248027,1.92,0.0,60.94,0.221,0.2346000000000003,6,10.0,10.0,7.789,94.575,2.923666666666667,3.117,,,,,,,
2026-09-05T03:50:00+07:00,2026-09-05T04:01:15.685048+07:00,valid,current,11.261417466666668,STA2285,AWS Batur Dieng,-7.20399,109.91158,2078.0,Kab. Banjarnegara,11.54,7.789,97.0,97.0,False,2.716,136.7,0.0,799.4028,11.079982010924905,2.709999999999999,0.0,,-0.137,0.1689000000000078,6,10.0,10.0,7.789,95.06,2.9008333333333334,3.117,,,,,,,
2026-09-05T04:10:00+07:00,2026-09-05T04:27:12.364053+07:00,valid,current,17.20606755,STA2285,AWS Batur Dieng,-7.20399,109.91158,2078.0,Kab. Banjarnegara,11.85,7.789,97.0,97.0,False,2.68,136.8,0.0,799.5526,11.388862023134225,2.92,0.0,9.700000000000005,-0.294,0.3192000000000234,6,10.0,10.0,7.789,97.0,2.859166666666667,3.117,,,,,,,
2026-09-05T04:20:00+07:00,2026-09-05T04:30:54.975325+07:00,valid,current,10.916255416666669,STA2285,AWS Batur Dieng,-7.20399,109.91158,2078.0,Kab. Banjarnegara,12.08,7.789,97.0,97.0,False,2.923,138.4,0.0,799.552,11.618030186087289,2.45,0.0,0.0,0.0809999999999999,0.1606000000000449,6,10.0,10.0,7.789,97.0,2.872666666666667,3.117,,,,,,,
2026-09-05T04:40:00+07:00,2026-09-05T04:46:02.655575+07:00,valid,current,6.044259583333333,STA2285,AWS Batur Dieng,-7.20399,109.91158,2078.0,Kab. Banjarnegara,11.14,7.789,82.1,82.1,False,2.765,139.1,0.0,799.6244,8.199640659339902,0.1400000000000005,0.0,-14.900000000000006,-0.3519999999999998,0.2218000000000302,6,10.0,10.0,7.789,94.51666666666668,2.7411666666666665,2.923,,,,,,,
2026-09-05T04:50:00+07:00,2026-09-05T05:01:06.856392+07:00,valid,current,11.1142732,STA2285,AWS Batur Dieng,-7.20399,109.91158,2078.0,Kab. Banjarnegara,11.61,7.789,53.14,53.14,False,3.059,136.4,0.0,799.7117,2.385586278749861,0.0700000000000002,0.0,-43.86,0.3429999999999999,0.3088999999999942,6,10.0,10.0,7.789,87.20666666666666,2.7983333333333333,3.059,,,,,,,
2026-09-05T05:00:00+07:00,2026-09-05T05:16:13.097675+07:00,valid,current,16.218294583333332,STA2285,AWS Batur Dieng,-7.20399,109.91158,2078.0,Kab. Banjarnegara,11.61,7.789,10.38,10.38,False,2.913,146.6,0.0,799.8087,-18.612877736138348,0.0700000000000002,0.0,-86.62,0.0949999999999997,0.3022000000000844,6,10.0,10.0,7.789,72.77,2.814166666666667,3.059,,,,,,,
2026-09-05T05:20:00+07:00,2026-09-05T05:31:11.526385+07:00,partial,current,11.192106416666666,STA2285,AWS Batur Dieng,-7.20399,109.91158,2078.0,Kab. Banjarnegara,12.0,7.789,,0.0,True,3.563,148.6,0.0,800.0171,,-0.08,0.0,,0.6400000000000001,0.4651000000000067,6,10.0,10.0,7.789,60.655,3.0915,3.704,,,,,,,
2026-09-05T05:40:00+07:00,2026-09-05T05:46:12.570458+07:00,partial,current,6.209507633333333,STA2285,AWS Batur Dieng,-7.20399,109.91158,2078.0,Kab. Banjarnegara,11.51,7.789,,0.0,True,3.3,152.8,0.0,800.1454,,0.3699999999999992,0.0,,0.5349999999999997,0.5209999999999582,6,10.0,10.0,7.789,31.76,3.362833333333334,3.704,,,,,,,
2026-09-05T05:50:00+07:00,2026-09-05T06:01:06.158927+07:00,partial,current,11.102648783333333,STA2285,AWS Batur Dieng,-7.20399,109.91158,2078.0,Kab. Banjarnegara,11.04,7.789,,0.0,True,3.091,148.1,0.0,800.2625,,-0.5700000000000003,0.0,,0.032,0.5508000000000948,6,10.0,10.0,7.789,10.38,3.3681666666666668,3.704,,,,,,,
2026-09-05T06:10:00+07:00,2026-09-05T06:17:03.786758+07:00,partial,current,7.063112633333334,STA2285,AWS Batur Dieng,-7.20399,109.91158,2078.0,Kab. Banjarnegara,12.06,7.789,,0.0,True,3.802,151.2,0.0,800.5754,,0.3900000000000005,0.0,,0.0979999999999998,0.7052999999999656,6,10.0,10.0,7.789,,3.5431666666666666,3.865,,,,,,,
2026-09-05T06:20:00+07:00,2026-09-05T06:31:05.105962+07:00,partial,current,11.085099366666666,STA2285,AWS Batur Dieng,-7.20399,109.91158,2078.0,Kab. Banjarnegara,12.0,7.789,,0.0,True,3.827,150.1,0.0,800.6502,,0.0,0.0,,0.2639999999999998,0.6331000000000131,6,10.0,10.0,7.789,,3.587166666666667,3.865,,,,,,,
2026-09-05T06:40:00+07:00,2026-09-05T06:46:04.016879+07:00,valid,current,6.066947983333334,STA2285,AWS Batur Dieng,-7.20399,109.91158,2078.0,Kab. Banjarnegara,14.62,7.789,58.56,58.56,False,3.41,149.7,0.0,800.8624,6.5851409993527605,3.1099999999999994,0.0,,0.1100000000000003,0.7169999999999845,6,10.0,10.0,7.789,58.56,3.6498333333333335,3.904,,,,,,,
2026-09-05T06:50:00+07:00,2026-09-05T07:01:06.604545+07:00,valid,current,11.11007575,STA2285,AWS Batur Dieng,-7.20399,109.91158,2078.0,Kab. Banjarnegara,15.02,7.789,97.0,97.0,False,3.036,146.4,0.0,800.9847,14.5473312290348,3.98,0.0,,-0.0550000000000001,0.7221999999999298,6,10.0,10.0,7.789,97.0,3.6868,3.904,,,,,,,
2026-09-05T07:10:00+07:00,2026-09-05T07:16:10.081784+07:00,invalid,current,6.168029733333333,STA2285,AWS Batur Dieng,-7.20399,109.91158,2078.0,Kab. Banjarnegara,16.07,15.84,5.392,5.392,False,3.661,149.5,0.0,801.1913,-22.828883077405223,4.01,8.051,,-0.141,0.6159000000000106,6,10.0,10.0,7.789,64.488,3.5218333333333334,3.904,,,,,,,
2026-09-05T07:20:00+07:00,2026-09-05T07:31:11.982165+07:00,valid,current,11.19970275,STA2285,AWS Batur Dieng,-7.20399,109.91158,2078.0,Kab. Banjarnegara,16.49,15.84,59.59,59.59,False,3.369,150.7,0.0,801.2993,8.597414267206354,4.489999999999998,8.051,,-0.4579999999999997,0.6490999999999758,6,10.0,10.0,7.789,63.50840000000001,3.4455000000000005,3.904,,,,,,,
2026-09-05T07:40:00+07:00,2026-09-05T07:45:56.410172+07:00,valid,current,5.940169533333333,STA2285,AWS Batur Dieng,-7.20399,109.91158,2078.0,Kab. Banjarnegara,17.29,15.84,97.0,97.0,False,4.127,158.3,0.0,801.3322,16.808986834538977,2.67,8.051,38.44,0.7169999999999996,0.4697999999999638,6,10.0,10.0,7.789,75.497,3.534,4.127,,,,,,,
2026-09-05T07:50:00+07:00,2026-09-05T08:01:01.130116+07:00,valid,current,11.018835266666668,STA2285,AWS Batur Dieng,-7.20399,109.91158,2078.0,Kab. Banjarnegara,17.23,15.84,96.9,96.9,False,4.465,156.9,0.0,801.3275,16.732958066085327,2.210000000000001,8.051,-0.0999999999999943,1.4289999999999998,0.3428000000000111,6,10.0,10.0,7.789,75.48033333333332,3.772166666666666,4.465,,,,,,,
2026-09-05T08:00:00+07:00,2026-09-05T08:06:29.733957+07:00,valid,current,6.49556595,STA2285,AWS Batur Dieng,-7.20399,109.91158,2078.0,Kab. Banjarnegara,17.41,15.84,97.0,97.0,False,4.196,147.9,0.0,801.4552,16.928543693080314,1.7200000000000006,8.051,0.0,0.9029999999999996,0.3161999999999807,6,10.0,10.0,15.84,75.48033333333332,3.9226666666666654,4.465,,,,,,,
2026-09-05T08:10:00+07:00,2026-09-05T08:16:11.569779+07:00,valid,current,6.192829649999999,STA2285,AWS Batur Dieng,-7.20399,109.91158,2078.0,Kab. Banjarnegara,17.53,15.84,97.0,97.0,False,4.379,145.7,0.0,801.5824,17.048100347967367,1.4600000000000009,0.0,91.608,0.7179999999999995,0.3911000000000513,6,10.0,10.0,15.84,90.74833333333332,4.042333333333333,4.465,,,,,,,
2026-09-05T08:20:00+07:00,2026-09-05T08:31:05.688135+07:00,valid,current,11.09480225,STA2285,AWS Batur Dieng,-7.20399,109.91158,2078.0,Kab. Banjarnegara,17.79,15.84,97.0,97.0,False,3.425,144.8,0.0,801.7177,17.30713906824452,1.3000000000000007,0.0,37.41,0.0559999999999996,0.4184000000000196,6,10.0,10.0,15.84,96.98333333333332,4.051666666666667,4.465,,,,,,,
2026-09-05T08:40:00+07:00,2026-09-05T08:46:09.138300+07:00,valid,current,6.152305,STA2285,AWS Batur Dieng,-7.20399,109.91158,2078.0,Kab. Banjarnegara,18.11,15.84,89.9,89.9,False,3.541,153.1,0.0,801.7646,16.425776819064918,0.8200000000000003,0.0,-7.099999999999994,-0.5859999999999999,0.4324000000000296,6,10.0,10.0,15.84,95.8,3.944333333333333,4.465,,,,,,,
2026-09-05T08:50:00+07:00,2026-09-05T09:01:02.183647+07:00,valid,current,11.036394116666663,STA2285,AWS Batur Dieng,-7.20399,109.91158,2078.0,Kab. Banjarnegara,18.36,15.84,20.56,20.56,False,3.29,145.2,0.0,801.7646,-4.651349677109973,1.129999999999999,0.0,-76.34,-1.1749999999999998,0.4370999999999867,6,10.0,10.0,15.84,83.07666666666667,3.7485,4.379,,,,,,,
2026-09-05T09:10:00+07:00,2026-09-05T09:16:06.727051+07:00,partial,current,6.112117516666667,STA2285,AWS Batur Dieng,-7.20399,109.91158,2078.0,Kab. Banjarnegara,18.54,15.84,,0.0,True,3.309,163.7,0.0,801.9157,,1.009999999999998,0.0,,-1.0699999999999994,0.3333000000000083,6,10.0,10.0,15.84,76.115,3.4523333333333337,3.66,,,,,,,
2026-09-05T09:20:00+07:00,2026-09-05T09:31:00.066694+07:00,partial,current,11.001111566666667,STA2285,AWS Batur Dieng,-7.20399,109.91158,2078.0,Kab. Banjarnegara,18.63,15.84,,0.0,True,4.352,160.2,0.0,801.9324,,0.8399999999999999,0.0,,0.9270000000000004,0.2146999999999934,6,10.0,10.0,15.84,69.15333333333334,3.606833333333334,4.352,,,,,,,
2026-09-05T09:40:00+07:00,2026-09-05T09:46:05.563278+07:00,valid,current,6.0927213,STA2285,AWS Batur Dieng,-7.20399,109.91158,2078.0,Kab. Banjarnegara,18.59,15.84,52.98,52.98,False,4.156,158.5,0.0,801.9243,8.817967009643999,0.4800000000000004,0.0,-36.92000000000001,0.6149999999999998,0.1597000000000434,6,10.0,10.0,15.84,36.77,3.783333333333333,4.352,,,,,,,
2026-09-05T09:50:00+07:00,2026-09-05T10:01:15.444639+07:00,valid,current,11.25741065,STA2285,AWS Batur Dieng,-7.20399,109.91158,2078.0,Kab. Banjarnegara,18.85,15.84,97.0,97.0,False,3.055,180.8,0.0,801.9236,18.36321011069193,0.490000000000002,0.0,76.44,-0.2349999999999998,0.1589999999999918,6,10.0,10.0,15.84,74.99,3.744166666666666,4.352,,,,,,,
2026-09-05T10:10:00+07:00,2026-09-05T10:16:07.659184+07:00,partial,current,6.127653066666666,STA2285,AWS Batur Dieng,-7.20399,109.91158,2078.0,Kab. Banjarnegara,19.01,15.84,,0.0,True,3.226,183.8,0.0,801.899,,0.4700000000000024,0.0,,-0.0830000000000001,-0.0167000000000143,6,10.0,10.0,15.84,68.32333333333334,3.613833333333333,4.352,,,,,,,
2026-09-05T10:20:00+07:00,2026-09-05T10:31:11.254418+07:00,partial,current,11.187573633333333,STA2285,AWS Batur Dieng,-7.20399,109.91158,2078.0,Kab. Banjarnegara,18.9,15.84,,0.0,True,3.17,162.3,0.0,801.7585,,0.2699999999999996,0.0,,-1.1820000000000004,-0.1739000000000032,6,10.0,10.0,15.84,68.32333333333334,3.416833333333333,4.156,,,,,,,
2026-09-05T10:30:00+07:00,2026-09-05T10:46:07.137154+07:00,valid,current,16.118952566666668,STA2285,AWS Batur Dieng,-7.20399,109.91158,2078.0,Kab. Banjarnegara,18.84,15.84,39.72,39.72,False,2.2,157.1,0.0,801.7584,4.847353116222752,0.2899999999999991,0.0,,-1.904,-0.166599999999903,6,10.0,10.0,15.84,61.1725,3.0994999999999995,4.156,,,,,,,
2026-09-05T10:50:00+07:00,2026-09-05T11:00:59.536791+07:00,valid,current,10.99227985,STA2285,AWS Batur Dieng,-7.20399,109.91158,2078.0,Kab. Banjarnegara,18.99,15.84,97.0,97.0,False,2.768,163.1,0.0,801.5011,18.50269000381532,0.139999999999997,0.0,0.0,-0.2870000000000003,-0.4225000000000136,6,10.0,10.0,15.84,72.0775,2.8081666666666667,3.226,,,,,,,
2026-09-05T11:10:00+07:00,2026-09-05T11:16:01.510630+07:00,valid,current,6.0251771666666665,STA2285,AWS Batur Dieng,-7.20399,109.91158,2078.0,Kab. Banjarnegara,17.85,15.84,78.64,78.64,False,3.389,199.8,0.0,801.3101,14.08700692921976,-1.16,0.0,,0.1629999999999998,-0.5888999999999669,6,10.0,10.0,15.84,81.032,2.845833333333333,3.389,,,,,,,
2026-09-05T11:20:00+07:00,2026-09-05T11:31:10.485055+07:00,valid,current,11.174750916666666,STA2285,AWS Batur Dieng,-7.20399,109.91158,2078.0,Kab. Banjarnegara,18.15,15.84,97.0,97.0,False,3.271,201.1,0.0,801.3034,17.665806487244627,-0.75,0.0,,0.1009999999999999,-0.4551000000000158,6,10.0,10.0,15.84,83.69333333333333,2.8626666666666662,3.389,,,,,,,
2026-09-05T11:40:00+07:00,2026-09-05T11:46:11.472903+07:00,valid,current,6.191215049999999,STA2285,AWS Batur Dieng,-7.20399,109.91158,2078.0,Kab. Banjarnegara,18.7,15.84,94.9,94.9,False,3.317,185.6,0.0,801.2143,17.865485451661783,-0.0199999999999995,0.0,-1.6999999999999886,0.6220000000000003,-0.3958999999999832,6,10.0,10.0,15.84,92.95666666666666,3.0658333333333334,3.389,,,,,,,
2026-09-05T11:50:00+07:00,2026-09-05T12:01:05.168734+07:00,valid,current,11.086145566666666,STA2285,AWS Batur Dieng,-7.20399,109.91158,2078.0,Kab. Banjarnegara,18.62,15.84,8.1,8.1,False,3.318,182.1,0.0,801.1412,-16.204637486334242,-0.3699999999999974,0.0,-88.9,0.5500000000000003,-0.359899999999925,6,10.0,10.0,15.84,78.14,3.1575,3.389,,,,,,,
2026-09-05T12:10:00+07:00,2026-09-05T12:16:06.569462+07:00,partial,current,6.109491033333333,STA2285,AWS Batur Dieng,-7.20399,109.91158,2078.0,Kab. Banjarnegara,18.52,15.84,,0.0,True,3.181,178.9,0.0,800.8029,,0.6699999999999982,0.0,,-0.2079999999999997,-0.5072000000000116,6,10.0,10.0,15.84,74.25,3.184833333333333,3.318,,,,,,,
2026-09-05T12:20:00+07:00,2026-09-05T12:31:14.975488+07:00,partial,current,11.249591466666669,STA2285,AWS Batur Dieng,-7.20399,109.91158,2078.0,Kab. Banjarnegara,18.46,15.84,,0.0,True,2.469,181.2,0.0,800.6963,,0.3100000000000023,0.0,,-0.802,-0.6071000000000595,6,10.0,10.0,15.84,66.66666666666667,3.051166666666667,3.318,,,,,,,
2026-09-05T12:30:00+07:00,2026-09-05T12:42:39.214638+07:00,partial,current,12.6535773,STA2285,AWS Batur Dieng,-7.20399,109.91158,2078.0,Kab. Banjarnegara,18.25,15.84,,0.0,True,2.802,187.3,0.0,800.6966,,-0.4100000000000001,0.0,,0.0049999999999998,-0.5837000000000216,6,10.0,10.0,15.84,51.5,3.052,3.318,,,,,,,
2026-09-05T12:40:00+07:00,2026-09-05T12:46:12.689022+07:00,partial,current,6.2114837000000005,STA2285,AWS Batur Dieng,-7.20399,109.91158,2078.0,Kab. Banjarnegara,18.45,15.84,,0.0,True,1.979,201.1,0.0,800.681,,-0.25,0.0,,-1.338,-0.5332999999999402,6,10.0,10.0,15.84,8.1,2.829,3.318,,,,,,,
2026-09-05T12:50:00+07:00,2026-09-05T13:01:02.912506+07:00,partial,current,11.048541766666666,STA2285,AWS Batur Dieng,-7.20399,109.91158,2078.0,Kab. Banjarnegara,18.3,15.84,,0.0,True,2.905,200.3,0.0,800.5318,,-0.3200000000000003,0.0,,-0.4130000000000002,-0.6094000000000506,6,10.0,10.0,15.84,,2.7601666666666667,3.225,,,,,,,
2026-09-05T13:10:00+07:00,2026-09-05T13:16:10.169505+07:00,partial,current,6.169491750000001,STA2285,AWS Batur Dieng,-7.20399,109.91158,2078.0,Kab. Banjarnegara,18.64,15.84,,0.0,True,2.019,210.0,0.0,800.311,,0.120000000000001,0.0,,-1.162,-0.4918999999999869,6,10.0,10.0,15.84,,2.302833333333333,2.905,,,,,,,
2026-09-05T13:20:00+07:00,2026-09-05T13:31:42.056827+07:00,partial,current,11.700947116666669,STA2285,AWS Batur Dieng,-7.20399,109.91158,2078.0,Kab. Banjarnegara,18.84,15.84,,0.0,True,2.775,193.3,0.0,800.1001,,0.379999999999999,0.0,,0.306,-0.5961999999999534,6,10.0,10.0,15.84,,2.3538333333333337,2.905,,,,,,,
2026-09-05T13:30:00+07:00,2026-09-05T13:46:42.512689+07:00,partial,current,16.708544816666667,STA2285,AWS Batur Dieng,-7.20399,109.91158,2078.0,Kab. Banjarnegara,18.83,15.84,,0.0,True,3.224,184.8,0.0,799.9825,,0.5799999999999983,0.0,,0.4220000000000001,-0.7141000000000304,6,10.0,10.0,15.84,,2.424166666666667,3.224,,,,,,,
2026-09-05T13:50:00+07:00,2026-09-05T14:01:13.245620+07:00,partial,current,11.220760333333336,STA2285,AWS Batur Dieng,-7.20399,109.91158,2078.0,Kab. Banjarnegara,18.37,15.84,,0.0,True,3.416,180.6,0.0,799.7113,,0.0700000000000002,0.0,,0.5110000000000001,-0.8204999999999245,6,10.0,10.0,15.84,,2.696333333333333,3.416,,,,,,,
2026-09-05T14:10:00+07:00,2026-09-05T14:15:57.517056+07:00,partial,current,5.9586176,STA2285,AWS Batur Dieng,-7.20399,109.91158,2078.0,Kab. Banjarnegara,18.35,15.84,,0.0,True,3.093,180.5,0.0,799.5998,,-0.2899999999999991,0.0,,1.0739999999999998,-0.7112000000000762,6,10.0,10.0,15.84,,3.114666666666667,3.416,,,,,,,
2026-09-05T14:20:00+07:00,2026-09-05T14:31:05.587398+07:00,valid,current,11.0931233,STA2285,AWS Batur Dieng,-7.20399,109.91158,2078.0,Kab. Banjarnegara,17.79,15.84,51.84,51.84,False,2.718,190.6,0.0,799.4877,7.756712769422243,-1.0500000000000007,0.0,,-0.0569999999999999,-0.6123999999999796,6,10.0,10.0,15.84,51.84,3.105166666666667,3.416,,,,,,,
2026-09-05T14:40:00+07:00,2026-09-05T14:46:00.520147+07:00,valid,current,6.008669116666667,STA2285,AWS Batur Dieng,-7.20399,109.91158,2078.0,Kab. Banjarnegara,17.76,15.84,97.0,97.0,False,3.221,184.2,0.0,799.2817,17.277250033927498,-0.7999999999999972,0.0,,0.1200000000000001,-0.5140999999999849,6,10.0,10.0,15.84,81.94666666666667,3.1630000000000003,3.451,,,,,,,
2026-09-05T14:50:00+07:00,2026-09-05T15:01:02.335390+07:00,valid,current,11.038923166666669,STA2285,AWS Batur Dieng,-7.20399,109.91158,2078.0,Kab. Banjarnegara,17.13,15.84,97.0,97.0,False,3.16,179.6,0.0,799.2904,16.649577373020765,-1.240000000000002,0.0,,-0.2559999999999998,-0.4209000000000742,6,10.0,10.0,15.84,85.71000000000001,3.1203333333333334,3.451,,,,,,,
2026-09-05T15:10:00+07:00,2026-09-05T15:16:04.400582+07:00,valid,current,6.073343033333333,STA2285,AWS Batur Dieng,-7.20399,109.91158,2078.0,Kab. Banjarnegara,17.59,15.84,97.0,97.0,False,2.165,167.4,0.0,799.2814,17.107878599040713,-0.7600000000000016,0.0,,-0.928,-0.3183999999999969,6,10.0,10.0,15.84,89.47333333333334,3.002833333333333,3.451,,,,,,,
2026-09-05T15:20:00+07:00,2026-09-05T15:31:03.345662+07:00,valid,current,11.055761033333331,STA2285,AWS Batur Dieng,-7.20399,109.91158,2078.0,Kab. Banjarnegara,17.32,15.84,55.72,55.72,False,2.236,171.8,0.0,799.3141,8.382780621888998,-0.4699999999999988,0.0,3.879999999999996,-0.4819999999999997,-0.1735999999999649,6,10.0,10.0,15.84,90.12,2.9225,3.451,,,,,,,
2026-09-05T15:40:00+07:00,2026-09-05T15:46:12.117716+07:00,invalid,current,6.201961933333333,STA2285,AWS Batur Dieng,-7.20399,109.91158,2078.0,Kab. Banjarnegara,16.58,15.84,5.85,5.85,False,3.268,162.0,0.0,799.3727,-21.53071228298692,-1.1800000000000033,0.0,-91.15,0.0469999999999997,0.0910000000000081,6,10.0,10.0,15.84,70.51400000000001,2.7535000000000003,3.302,,,,,,,
2026-09-05T15:50:00+07:00,2026-09-05T16:01:18.158043+07:00,valid,current,11.30263405,STA2285,AWS Batur Dieng,-7.20399,109.91158,2078.0,Kab. Banjarnegara,16.58,15.84,92.2,92.2,False,2.669,169.9,0.0,799.3216,15.308410700903044,-0.5500000000000007,0.0,-4.799999999999997,-0.4910000000000001,0.0312000000000125,6,10.0,10.0,15.84,69.554,2.671666666666667,3.302,,,,,,,
2026-09-05T16:10:00+07:00,2026-09-05T16:16:00.326252+07:00,valid,current,6.005437533333334,STA2285,AWS Batur Dieng,-7.20399,109.91158,2078.0,Kab. Banjarnegara,16.21,15.78,96.9,96.9,False,2.757,201.5,0.0,799.2813,15.716842563143402,-1.379999999999999,-0.0600000000000005,-0.0999999999999943,0.5920000000000001,-9.999999997489796e-05,6,10.0,10.0,15.78,69.534,2.5065,3.268,,,,,,,
2026-09-05T16:20:00+07:00,2026-09-05T16:31:04.433517+07:00,valid,current,11.07389195,STA2285,AWS Batur Dieng,-7.20399,109.91158,2078.0,Kab. Banjarnegara,16.02,15.78,97.0,97.0,False,2.506,183.5,0.0,799.3053,15.54366426515924,-1.3000000000000007,-0.0600000000000005,41.28,0.2699999999999996,-0.0088000000000647,6,10.0,10.0,15.78,77.79,2.5515,3.268,,,,,,,
2026-09-05T16:40:00+07:00,2026-09-05T16:46:08.609794+07:00,valid,current,6.143496566666667,STA2285,AWS Batur Dieng,-7.20399,109.91158,2078.0,Kab. Banjarnegara,15.33,15.16,41.02,41.02,False,2.571,179.2,0.0,799.5224,2.1513225769012685,-1.2499999999999982,-0.6799999999999997,35.17,-0.6969999999999996,0.1496999999999388,6,10.0,10.0,15.16,78.98833333333333,2.706833333333333,4.019,,,,,,,
2026-09-05T16:50:00+07:00,2026-09-05T17:01:07.094985+07:00,valid,current,11.11824975,STA2285,AWS Batur Dieng,-7.20399,109.91158,2078.0,Kab. Banjarnegara,15.25,15.02,97.0,97.0,False,2.318,161.3,0.0,799.5966,14.776489079728565,-1.3299999999999983,-0.8200000000000003,4.799999999999997,-0.351,0.2749999999999772,6,10.0,10.0,15.02,79.78833333333333,2.648333333333333,4.019,,,,,,,
2026-09-05T17:10:00+07:00,2026-09-05T17:16:05.164610+07:00,valid,current,6.086076833333333,STA2285,AWS Batur Dieng,-7.20399,109.91158,2078.0,Kab. Banjarnegara,14.39,14.13,97.0,97.0,False,2.096,167.8,0.0,799.752,13.9196341543783,-1.8200000000000005,-1.6499999999999986,0.0999999999999943,-0.661,0.4706999999999652,6,10.0,10.0,14.13,79.805,2.7065,4.019,,,,,,,
2026-09-05T17:20:00+07:00,2026-09-05T17:31:01.997621+07:00,valid,current,11.033293683333332,STA2285,AWS Batur Dieng,-7.20399,109.91158,2078.0,Kab. Banjarnegara,13.95,13.65,97.0,97.0,False,2.145,139.6,0.0,799.7385,13.481239217290469,-2.0700000000000003,-2.129999999999999,0.0,-0.3609999999999997,0.4332000000000562,6,10.0,10.0,13.65,79.805,2.646333333333333,4.019,,,,,,,
2026-09-05T17:40:00+07:00,2026-09-05T17:46:04.304411+07:00,valid,current,6.0717401833333335,STA2285,AWS Batur Dieng,-7.20399,109.91158,2078.0,Kab. Banjarnegara,12.73,12.59,97.0,97.0,False,0.28,142.4,0.0,799.7312,12.26567529701186,-2.6,-2.5700000000000003,55.98,-2.2910000000000004,0.2087999999999965,6,10.0,10.0,12.59,97.0,1.891,2.729,,,,,,,
2026-09-05T17:50:00+07:00,2026-09-05T18:01:13.356335+07:00,valid,current,11.222605583333332,STA2285,AWS Batur Dieng,-7.20399,109.91158,2078.0,Kab. Banjarnegara,12.25,12.01,97.0,97.0,False,0.866,139.9,0.0,799.7452,11.787414869103976,-3.0,-3.01,0.0,-1.452,0.1485999999999876,6,10.0,10.0,12.01,97.0,1.649,2.729,,,,,,,
2026-09-05T18:10:00+07:00,2026-09-05T18:16:19.512239+07:00,partial,current,6.325203983333334,STA2285,AWS Batur Dieng,-7.20399,109.91158,2078.0,Kab. Banjarnegara,12.25,11.88,,4.852,True,1.673,143.9,0.0,799.957,,-2.140000000000001,-2.25,,-0.423,0.2050000000000409,6,10.0,10.0,11.88,83.362,1.4110000000000005,2.145,,,,,,,
2026-09-05T18:20:00+07:00,2026-09-05T18:31:03.745293+07:00,valid,current,11.06242155,STA2285,AWS Batur Dieng,-7.20399,109.91158,2078.0,Kab. Banjarnegara,11.65,11.53,97.0,97.0,False,1.901,146.1,0.0,800.0392,11.18958475149062,-2.299999999999999,-2.120000000000001,0.0,-0.244,0.3007000000000062,6,10.0,10.0,11.53,83.362,1.3703333333333332,1.901,,,,,,,
2026-09-05T18:40:00+07:00,2026-09-05T18:46:01.619722+07:00,valid,current,6.026995366666667,STA2285,AWS Batur Dieng,-7.20399,109.91158,2078.0,Kab. Banjarnegara,11.25,11.06,97.0,97.0,False,1.664,136.3,0.0,800.0431,10.791028510873916,-1.4800000000000004,-1.5299999999999994,0.0,1.384,0.3119000000000369,6,10.0,10.0,11.06,83.362,1.6126666666666667,1.901,,,,,,,
2026-09-05T19:10:00+07:00,2026-09-05T19:16:03.553633+07:00,valid,current,6.059227216666667,STA2285,AWS Batur Dieng,-7.20399,109.91158,2078.0,Kab. Banjarnegara,11.02,10.61,97.0,97.0,False,0.453,126.0,0.0,800.1827,10.56185764775059,-1.2300000000000004,-1.2700000000000014,,-1.22,0.2256999999999607,6,10.0,10.0,10.61,97.0,1.2026666666666668,1.901,,,,,,,
2026-09-05T19:20:00+07:00,2026-09-05T19:31:12.703837+07:00,valid,current,11.211730616666667,STA2285,AWS Batur Dieng,-7.20399,109.91158,2078.0,Kab. Banjarnegara,11.45,10.61,97.0,97.0,False,0.275,124.6,0.0,800.1824,10.990306914071322,-0.200000000000001,-0.92,0.0,-1.626,0.1431999999999789,6,10.0,10.0,10.61,97.0,0.9316666666666668,1.848,,,,,,,
2026-09-05T19:40:00+07:00,2026-09-05T19:46:04.617997+07:00,valid,current,6.076966616666667,STA2285,AWS Batur Dieng,-7.20399,109.91158,2078.0,Kab. Banjarnegara,10.93,10.24,97.0,97.0,False,0.162,147.9,0.0,800.4593,10.472181888933594,-0.3200000000000003,-0.8200000000000003,0.0,-1.502,0.4162000000000034,6,10.0,10.0,10.24,97.0,0.4211666666666667,0.784,,,,,,,
2026-09-05T19:50:00+07:00,2026-09-05T20:02:09.735251+07:00,valid,current,12.162254183333332,STA2285,AWS Batur Dieng,-7.20399,109.91158,2078.0,Kab. Banjarnegara,11.21,10.24,97.0,97.0,False,0.167,126.9,0.0,800.49,10.751172762340852,0.2200000000000006,-0.4199999999999999,0.0,-0.617,0.3056000000000267,6,10.0,10.0,10.24,97.0,0.3183333333333333,0.566,,,,,,,
2026-09-05T20:10:00+07:00,2026-09-05T20:16:12.383404+07:00,valid,current,6.206390066666667,STA2285,AWS Batur Dieng,-7.20399,109.91158,2078.0,Kab. Banjarnegara,11.14,10.24,97.0,97.0,False,0.506,116.1,0.0,800.4893,10.681425147951556,0.120000000000001,-0.3699999999999992,0.0,0.0529999999999999,0.3066000000000031,6,10.0,10.0,10.24,97.0,0.3071666666666667,0.506,,,,,,,
2026-09-05T20:20:00+07:00,2026-09-05T20:31:10.409343+07:00,valid,current,11.17348905,STA2285,AWS Batur Dieng,-7.20399,109.91158,2078.0,Kab. Banjarnegara,11.78,10.24,97.0,97.0,False,1.382,121.7,0.0,800.4889,11.319115042415795,0.33,-0.3699999999999992,0.0,1.1069999999999998,0.3064999999999145,6,10.0,10.0,10.24,97.0,0.4916666666666667,1.382,,,,,,,
2026-09-05T20:40:00+07:00,2026-09-05T20:46:04.536927+07:00,valid,current,6.07561545,STA2285,AWS Batur Dieng,-7.20399,109.91158,2078.0,Kab. Banjarnegara,10.11,9.25,96.9,96.9,False,0.176,146.1,0.0,800.6556,9.639755896062422,-0.8200000000000003,-0.9900000000000002,-0.0999999999999943,0.0139999999999999,0.1963000000000647,6,10.0,10.0,9.25,96.98333333333332,0.5741666666666667,1.382,,,,,,,
2026-09-05T20:50:00+07:00,2026-09-05T21:01:43.546450+07:00,valid,current,11.725774166666667,STA2285,AWS Batur Dieng,-7.20399,109.91158,2078.0,Kab. Banjarnegara,9.68,9.22,97.0,97.0,False,0.0,163.7,0.0,800.6138,9.226673392489738,-1.5300000000000011,-1.0199999999999996,0.0,-0.167,0.1237999999999601,6,10.0,10.0,9.22,96.98333333333332,0.5463333333333332,1.382,,,,,,,
2026-09-05T21:10:00+07:00,2026-09-05T21:16:00.853142+07:00,valid,current,6.014219033333333,STA2285,AWS Batur Dieng,-7.20399,109.91158,2078.0,Kab. Banjarnegara,9.76,8.59,58.23,58.23,False,0.0,168.7,0.0,800.6444,1.9416356337832943,-1.3800000000000008,-1.6500000000000004,-38.77,-0.506,0.1551000000000613,6,10.0,10.0,8.59,90.505,0.3876666666666666,1.382,,,,,,,
2026-09-05T21:20:00+07:00,2026-09-05T21:31:01.513815+07:00,valid,current,11.02523025,STA2285,AWS Batur Dieng,-7.20399,109.91158,2078.0,Kab. Banjarnegara,9.17,8.59,97.0,97.0,False,0.0,184.0,0.0,800.4646,8.718499577704378,-2.6099999999999994,-1.6500000000000004,0.0,-1.382,-0.0242999999999256,6,10.0,10.0,8.59,90.505,0.1573333333333333,0.768,,,,,,,
2026-09-05T21:40:00+07:00,2026-09-05T21:46:01.722885+07:00,valid,current,6.028714750000001,STA2285,AWS Batur Dieng,-7.20399,109.91158,2078.0,Kab. Banjarnegara,8.9,8.28,22.3,22.3,False,0.0,163.7,0.0,800.485,-11.53223928353258,-1.209999999999999,-0.9700000000000006,-74.60000000000001,-0.176,-0.1706000000000358,6,10.0,10.0,8.28,78.07166666666667,0.0035,0.021,,,,,,,
2026-09-05T21:50:00+07:00,2026-09-05T22:01:06.135272+07:00,partial,current,11.102254533333332,STA2285,AWS Batur Dieng,-7.20399,109.91158,2078.0,Kab. Banjarnegara,7.435,6.979,,0.0,True,0.0,157.6,0.0,800.6012,,-2.245,-2.2410000000000005,,0.0,-0.0126000000000203,6,10.0,10.0,6.979,74.286,0.0035,0.021,,,,,,,
2026-09-05T22:10:00+07:00,2026-09-05T22:16:12.707962+07:00,valid,current,6.211799366666667,STA2285,AWS Batur Dieng,-7.20399,109.91158,2078.0,Kab. Banjarnegara,7.661,6.979,92.5,92.5,False,0.0,140.5,0.0,800.3869,6.522301930326486,-2.099,-1.6109999999999998,34.27,0.0,-0.25750000000005,6,10.0,10.0,6.979,77.2,0.0035,0.021,,,,,,,
2026-09-05T22:20:00+07:00,2026-09-05T22:31:07.726461+07:00,valid,current,11.12877435,STA2285,AWS Batur Dieng,-7.20399,109.91158,2078.0,Kab. Banjarnegara,7.113,6.497,82.9,82.9,False,0.0,128.5,0.0,800.3176,4.403078175100191,-2.0569999999999995,-2.093,-14.099999999999994,0.0,-0.1470000000000482,6,10.0,10.0,6.497,73.67500000000001,0.0035,0.021,,,,,,,
2026-09-05T22:40:00+07:00,2026-09-05T22:46:17.013176+07:00,valid,current,6.2835529333333335,STA2285,AWS Batur Dieng,-7.20399,109.91158,2078.0,Kab. Banjarnegara,6.813,6.495,16.17,16.17,False,0.559,148.9,0.0,800.1062,-17.18918123354912,-2.0870000000000006,-1.7849999999999993,-6.129999999999999,0.559,-0.3788000000000693,6,10.0,10.0,6.495,63.85666666666666,0.0931666666666666,0.559,,,,,,,
2026-09-05T22:50:00+07:00,2026-09-05T23:01:59.669550+07:00,valid,current,11.9944925,STA2285,AWS Batur Dieng,-7.20399,109.91158,2078.0,Kab. Banjarnegara,7.141,6.495,37.79,37.79,False,1.61,159.6,0.0,800.0234,-6.313373490605386,-0.2939999999999996,-0.484,,1.61,-0.577799999999911,6,10.0,10.0,6.495,57.34,0.3615,1.61,,,,,,,
2026-09-05T23:10:00+07:00,2026-09-05T23:16:06.744041+07:00,partial,current,6.112400683333333,STA2285,AWS Batur Dieng,-7.20399,109.91158,2078.0,Kab. Banjarnegara,6.892,6.495,,0.0,True,0.0,154.5,0.0,799.8599,,-0.7689999999999992,-0.484,,0.0,-0.52699999999993,6,10.0,10.0,6.495,45.620000000000005,0.418,1.61,,,,,,,
2026-09-05T23:20:00+07:00,2026-09-05T23:31:05.902748+07:00,partial,current,11.098379133333331,STA2285,AWS Batur Dieng,-7.20399,109.91158,2078.0,Kab. Banjarnegara,7.155,6.495,,0.0,True,0.0,106.2,0.0,799.769,,0.0419999999999998,-0.0019999999999997,,0.0,-0.5485999999999649,6,10.0,10.0,6.495,26.98,0.418,1.61,,,,,,,
2026-09-05T23:40:00+07:00,2026-09-05T23:46:35.417901+07:00,valid,current,6.590298349999999,STA2285,AWS Batur Dieng,-7.20399,109.91158,2078.0,Kab. Banjarnegara,6.377,5.996,96.9,96.9,False,0.0,103.6,0.0,799.5898,5.920509762327353,-0.4359999999999999,-0.4989999999999996,80.73,-0.559,-0.516399999999976,6,10.0,10.0,5.996,48.84666666666667,0.3248333333333333,1.61,,,,,,,
2026-09-05T23:50:00+07:00,2026-09-06T00:01:05.731691+07:00,valid,current,11.095528183333332,STA2285,AWS Batur Dieng,-7.20399,109.91158,2078.0,Kab. Banjarnegara,6.784,5.996,85.7,85.7,False,0.0,104.2,0.0,799.5498,4.555641524413819,-0.3570000000000002,-0.4989999999999996,47.91,-1.61,-0.4736000000000331,6,10.0,10.0,5.996,64.81666666666666,0.0565,0.339,,,,,,,
2026-09-06T00:10:00+07:00,2026-09-06T00:16:08.120236+07:00,partial,current,6.135337266666666,STA2285,AWS Batur Dieng,-7.20399,109.91158,2078.0,Kab. Banjarnegara,5.269,4.912,,0.0,True,0.0,76.94,0.0,799.2477,,-1.6230000000000002,-1.5830000000000002,,0.0,-0.6122000000000298,6,10.0,10.0,4.912,64.81666666666666,0.0,0.0,,,,,,,
2026-09-06T00:20:00+07:00,2026-09-06T00:31:14.221345+07:00,valid,current,11.237022416666669,STA2285,AWS Batur Dieng,-7.20399,109.91158,2078.0,Kab. Banjarnegara,5.013,4.61,32.91,32.91,False,0.095,116.9,0.0,799.0575,-9.985992160443642,-2.1420000000000003,-1.885,,0.095,-0.7115000000000009,6,10.0,10.0,4.61,56.84,0.0158333333333333,0.095,,,,,,,
2026-09-06T00:40:00+07:00,2026-09-06T00:46:04.592159+07:00,valid,current,6.076535983333333,STA2285,AWS Batur Dieng,-7.20399,109.91158,2078.0,Kab. Banjarnegara,11.7,4.61,69.1,69.1,False,2.45,126.9,0.0,798.9218,6.221081256892579,5.323,-1.386,-27.80000000000001,2.45,-0.6680000000000064,6,10.0,10.0,4.61,71.17750000000001,0.6685,2.45,,,,,,,
2026-09-06T00:50:00+07:00,2026-09-06T01:01:07.903303+07:00,partial,current,11.131721716666668,STA2285,AWS Batur Dieng,-7.20399,109.91158,2078.0,Kab. Banjarnegara,11.79,4.61,,3.265,True,2.719,125.0,0.0,798.8423,,5.005999999999999,-1.386,,2.719,-0.7074999999999818,6,10.0,10.0,4.61,66.33666666666666,1.1216666666666668,2.719,,,,,,,
2026-09-06T01:00:00+07:00,2026-09-06T01:13:09.166392+07:00,valid,current,13.1527732,STA2285,AWS Batur Dieng,-7.20399,109.91158,2078.0,Kab. Banjarnegara,11.67,4.61,93.3,93.3,False,1.846,134.1,0.0,798.7768,10.62396828898636,5.637,-0.6789999999999994,,1.846,-0.6981000000000677,6,10.0,10.0,4.61,73.0775,1.4293333333333331,2.719,,,,,,,
2026-09-06T01:10:00+07:00,2026-09-06T01:16:06.935064+07:00,valid,current,6.1155844,STA2285,AWS Batur Dieng,-7.20399,109.91158,2078.0,Kab. Banjarnegara,11.1,4.61,97.0,97.0,False,1.117,144.2,0.0,798.7574,10.641569337182531,5.831,-0.3019999999999996,,1.117,-0.4903000000000475,6,10.0,10.0,4.61,77.862,1.6155000000000002,2.719,,,,,,,
2026-09-06T01:20:00+07:00,2026-09-06T01:31:07.126109+07:00,valid,current,11.118768483333334,STA2285,AWS Batur Dieng,-7.20399,109.91158,2078.0,Kab. Banjarnegara,11.36,4.61,97.0,97.0,False,1.435,139.8,0.0,798.6342,10.900631702647676,6.347,0.0,64.09,1.34,-0.4233000000000402,6,10.0,10.0,4.61,90.68,1.838833333333333,2.719,,,,,,,
2026-09-06T01:40:00+07:00,2026-09-06T01:46:03.790423+07:00,valid,current,6.063173716666666,STA2285,AWS Batur Dieng,-7.20399,109.91158,2078.0,Kab. Banjarnegara,10.09,4.61,97.0,97.0,False,0.454,150.8,0.0,798.4925,9.635202615061171,-1.6099999999999994,0.0,27.90000000000001,-1.996,-0.429300000000012,6,10.0,10.0,4.61,96.26,1.3869999999999998,2.719,,,,,,,
2026-09-06T01:50:00+07:00,2026-09-06T02:01:08.146011+07:00,valid,current,11.13576685,STA2285,AWS Batur Dieng,-7.20399,109.91158,2078.0,Kab. Banjarnegara,8.93,4.61,97.0,97.0,False,0.0,133.1,0.0,798.4865,8.479357685921748,-2.8599999999999994,0.0,,-2.719,-0.3558000000000447,6,10.0,10.0,4.61,96.38333333333333,0.9338333333333332,1.846,,,,,,,
2026-09-06T02:20:00+07:00,2026-09-06T02:31:07.209971+07:00,valid,current,11.120166183333334,STA2285,AWS Batur Dieng,-7.20399,109.91158,2078.0,Kab. Banjarnegara,7.48,4.61,97.0,97.0,False,0.0,71.82,0.0,798.4847,7.034524758165585,-3.879999999999999,0.0,0.0,-1.435,-0.149499999999989,6,10.0,10.0,4.61,96.98333333333332,0.2008333333333333,0.751,,,,,,,
2026-09-06T02:40:00+07:00,2026-09-06T02:46:05.374173+07:00,valid,current,6.089569549999999,STA2285,AWS Batur Dieng,-7.20399,109.91158,2078.0,Kab. Banjarnegara,6.583,4.61,97.0,97.0,False,0.0,117.5,0.0,798.4837,6.140706325892176,-3.507,0.0,0.0,-0.454,-0.008799999999951,6,10.0,10.0,4.61,96.98333333333332,0.0,0.0,,,,,,,
2026-09-06T02:50:00+07:00,2026-09-06T03:01:03.354320+07:00,valid,current,11.055905333333332,STA2285,AWS Batur Dieng,-7.20399,109.91158,2078.0,Kab. Banjarnegara,5.492,4.61,97.0,97.0,False,0.0,68.74,0.0,798.4835,5.053560651259313,-3.438,0.0,0.0,0.0,-0.002999999999929,6,10.0,10.0,4.61,96.98333333333332,0.0,0.0,,,,,,,
2026-09-06T03:10:00+07:00,2026-09-06T03:16:08.044224+07:00,partial,current,6.1340704,STA2285,AWS Batur Dieng,-7.20399,109.91158,2078.0,Kab. Banjarnegara,4.273,4.024,,1.31,True,0.0,49.64,0.0,798.4794,,-3.224,-0.5860000000000003,,0.0,-0.0057999999999083,6,10.0,10.0,4.024,88.276,0.0,0.0,,,,,,,
2026-09-06T03:20:00+07:00,2026-09-06T03:31:05.487916+07:00,valid,current,11.091465266666669,STA2285,AWS Batur Dieng,-7.20399,109.91158,2078.0,Kab. Banjarnegara,4.276,3.72,95.4,95.4,False,0.0,107.0,0.0,798.4788,3.605402589282777,-3.2040000000000006,-0.8900000000000001,-1.5999999999999943,0.0,-0.0058999999999969,6,10.0,10.0,3.72,87.95599999999999,0.0,0.0,,,,,,,
2026-09-06T03:40:00+07:00,2026-09-06T03:46:09.845009+07:00,valid,current,6.164083483333333,STA2285,AWS Batur Dieng,-7.20399,109.91158,2078.0,Kab. Banjarnegara,6.344,3.49,97.0,97.0,False,0.446,123.6,0.0,798.4757,5.902552114245176,-0.2389999999999998,-1.12,0.0,0.446,-0.0080000000000381,6,10.0,10.0,3.49,87.95599999999999,0.0835,0.446,,,,,,,
2026-09-06T03:50:00+07:00,2026-09-06T04:01:09.610637+07:00,valid,current,11.160177283333333,STA2285,AWS Batur Dieng,-7.20399,109.91158,2078.0,Kab. Banjarnegara,5.883,3.49,27.1,27.1,False,0.0,118.5,0.0,798.4752,-11.67135647492774,0.391,-1.12,-69.9,0.0,-0.0083000000000765,6,10.0,10.0,3.49,73.976,0.0835,0.446,,,,,,,
2026-09-06T04:10:00+07:00,2026-09-06T04:16:04.189319+07:00,partial,current,6.069821983333333,STA2285,AWS Batur Dieng,-7.20399,109.91158,2078.0,Kab. Banjarnegara,5.579,3.49,,0.0,True,1.08,129.8,0.0,798.4738,,1.306,-0.5339999999999998,,1.08,-0.0056000000000722,6,10.0,10.0,3.49,79.125,0.2635,1.08,,,,,,,
2026-09-06T04:20:00+07:00,2026-09-06T04:31:11.592683+07:00,valid,current,11.193211383333333,STA2285,AWS Batur Dieng,-7.20399,109.91158,2078.0,Kab. Banjarnegara,5.64,3.49,43.67,43.67,False,0.0,116.3,0.0,798.4743,-5.77221356723388,1.364,-0.2299999999999999,-51.73,0.0,-0.0045000000000072,6,10.0,10.0,3.49,66.1925,0.2635,1.08,,,,,,,
2026-09-06T04:40:00+07:00,2026-09-06T04:46:16.871004+07:00,valid,current,6.281183400000001,STA2285,AWS Batur Dieng,-7.20399,109.91158,2078.0,Kab. Banjarnegara,4.381,3.49,97.0,97.0,False,0.05,141.0,0.0,798.4735,3.946468329522392,-1.963,0.0,0.0,-0.396,-0.0022000000000161,6,10.0,10.0,3.49,66.1925,0.1883333333333333,1.08,,,,,,,
2026-09-06T04:50:00+07:00,2026-09-06T05:01:05.427233+07:00,valid,current,11.090453883333334,STA2285,AWS Batur Dieng,-7.20399,109.91158,2078.0,Kab. Banjarnegara,6.379,3.49,97.0,97.0,False,1.069,130.1,0.0,798.583,5.937428304527205,0.4959999999999995,0.0,69.9,1.069,0.1077999999999974,6,10.0,10.0,3.49,83.6675,0.3665,1.08,,,,,,,
2026-09-06T05:10:00+07:00,2026-09-06T05:16:29.853945+07:00,valid,current,6.497565750000001,STA2285,AWS Batur Dieng,-7.20399,109.91158,2078.0,Kab. Banjarnegara,6.748,3.49,97.0,97.0,False,0.125,133.6,0.0,798.9183,6.305121941947187,1.1690000000000005,0.0,,-0.955,0.4445000000000618,6,10.0,10.0,3.49,88.11166666666668,0.2073333333333333,1.069,,,,,,,
2026-09-06T05:20:00+07:00,2026-09-06T05:31:06.977822+07:00,valid,current,11.116297033333332,STA2285,AWS Batur Dieng,-7.20399,109.91158,2078.0,Kab. Banjarnegara,5.631,3.49,97.0,97.0,False,0.0,131.9,0.0,798.9424,5.192070522854948,-0.0089999999999994,0.0,53.33,0.0,0.4681000000000495,6,10.0,10.0,3.49,97.0,0.2073333333333333,1.069,,,,,,,
2026-09-06T05:40:00+07:00,2026-09-06T05:46:03.216223+07:00,valid,current,6.053603716666667,STA2285,AWS Batur Dieng,-7.20399,109.91158,2078.0,Kab. Banjarnegara,5.282,3.49,97.0,97.0,False,0.0,140.8,0.0,799.0771,4.8443006146318135,0.9009999999999998,0.0,0.0,-0.05,0.6036000000000286,6,10.0,10.0,3.49,97.0,0.1989999999999999,1.069,,,,,,,
2026-09-06T05:50:00+07:00,2026-09-06T06:01:05.032756+07:00,valid,current,11.083879266666663,STA2285,AWS Batur Dieng,-7.20399,109.91158,2078.0,Kab. Banjarnegara,4.878,3.49,97.0,97.0,False,0.0,129.6,0.0,799.182,4.441722408674078,-1.5009999999999994,0.0,0.0,-1.069,0.5990000000000464,6,10.0,10.0,3.49,97.0,0.0208333333333333,0.125,,,,,,,
2026-09-06T06:10:00+07:00,2026-09-06T06:16:03.881168+07:00,valid,current,6.064686133333334,STA2285,AWS Batur Dieng,-7.20399,109.91158,2078.0,Kab. Banjarnegara,5.266,3.49,97.0,97.0,False,0.0,149.1,0.0,799.3765,4.828356967217033,-1.4820000000000002,0.0,0.0,-0.125,0.4581999999999198,6,10.0,10.0,3.49,97.0,0.0,0.0,,,,,,,
2026-09-06T06:20:00+07:00,2026-09-06T06:31:11.949513+07:00,valid,current,11.19915855,STA2285,AWS Batur Dieng,-7.20399,109.91158,2078.0,Kab. Banjarnegara,6.33,3.49,97.0,97.0,False,0.176,158.5,0.0,799.463,5.888601633280289,0.6989999999999998,0.0,0.0,0.176,0.5205999999999449,6,10.0,10.0,3.49,97.0,0.0293333333333333,0.176,,,,,,,
2026-09-06T06:40:00+07:00,2026-09-06T06:46:10.453041+07:00,valid,current,6.17421735,STA2285,AWS Batur Dieng,-7.20399,109.91158,2078.0,Kab. Banjarnegara,11.24,3.49,77.72,77.72,False,0.832,137.9,0.0,799.5726,7.491416026974059,5.958,0.0,-19.28,0.832,0.4954999999999927,6,10.0,10.0,3.49,93.78666666666668,0.2581666666666666,0.832,,,,,,,
2026-09-06T06:50:00+07:00,2026-09-06T07:01:52.908471+07:00,valid,current,11.88180785,STA2285,AWS Batur Dieng,-7.20399,109.91158,2078.0,Kab. Banjarnegara,11.78,3.49,16.03,16.03,False,0.046,136.8,0.0,799.576,-13.245636521038984,6.901999999999999,0.0,-80.97,0.046,0.3940000000000054,6,10.0,10.0,3.49,80.806,0.1526,0.541,,,,,,,
2026-09-06T07:10:00+07:00,2026-09-06T07:16:05.328019+07:00,valid,current,6.088800316666666,STA2285,AWS Batur Dieng,-7.20399,109.91158,2078.0,Kab. Banjarnegara,13.99,13.6,97.0,97.0,False,0.097,121.8,0.0,799.9031,13.521093415629489,8.724,10.11,0.0,0.097,0.5266000000000304,6,10.0,10.0,3.49,80.29166666666667,0.3348333333333333,0.832,,,,,,,
2026-09-06T07:20:00+07:00,2026-09-06T07:32:07.076761+07:00,valid,current,12.117946016666668,STA2285,AWS Batur Dieng,-7.20399,109.91158,2078.0,Kab. Banjarnegara,14.61,13.6,26.44,26.44,False,1.089,155.0,0.0,800.0439,-4.478453375738392,8.28,10.11,-70.56,0.913,0.5809000000000424,6,10.0,10.0,3.49,68.53166666666667,0.4869999999999999,1.089,,,,,,,
2026-09-06T07:40:00+07:00,2026-09-06T07:46:05.690441+07:00,valid,current,6.0948406833333335,STA2285,AWS Batur Dieng,-7.20399,109.91158,2078.0,Kab. Banjarnegara,15.08,13.6,97.0,97.0,False,1.96,188.5,0.0,800.0736,14.60711161004251,3.84,10.11,19.28,1.128,0.50100000000009,6,10.0,10.0,3.49,71.145,0.975,2.341,,,,,,,
2026-09-06T07:50:00+07:00,2026-09-06T08:01:09.314605+07:00,valid,current,11.155243416666668,STA2285,AWS Batur Dieng,-7.20399,109.91158,2078.0,Kab. Banjarnegara,15.31,13.6,97.0,97.0,False,0.514,191.0,0.0,800.0754,14.83626926555827,3.530000000000001,10.11,80.97,0.468,0.4993999999999232,6,10.0,10.0,3.49,84.64,1.0530000000000002,2.341,,,,,,,
2026-09-06T08:10:00+07:00,2026-09-06T08:16:05.880334+07:00,valid,current,6.098005566666667,STA2285,AWS Batur Dieng,-7.20399,109.91158,2078.0,Kab. Banjarnegara,15.79,13.6,97.0,97.0,False,0.611,184.8,0.0,800.1798,15.314508919230962,1.799999999999999,0.0,0.0,0.514,0.2767000000000053,6,10.0,10.0,13.6,84.64,1.3733333333333335,2.341,,,,,,,
2026-09-06T08:20:00+07:00,2026-09-06T08:31:02.930138+07:00,valid,current,11.048835633333336,STA2285,AWS Batur Dieng,-7.20399,109.91158,2078.0,Kab. Banjarnegara,16.04,13.6,97.0,97.0,False,1.77,191.1,0.0,800.2817,15.563590781621343,1.4299999999999995,0.0,70.56,0.681,0.2377999999999929,6,10.0,10.0,13.6,96.4,1.4868333333333337,2.341,,,,,,,
2026-09-06T08:40:00+07:00,2026-09-06T08:46:01.815197+07:00,valid,current,6.030253283333334,STA2285,AWS Batur Dieng,-7.20399,109.91158,2078.0,Kab. Banjarnegara,17.07,13.6,97.0,97.0,False,0.0,197.9,0.0,800.2289,16.58979873160941,1.99,0.0,0.0,-1.96,0.1552999999998974,6,10.0,10.0,13.6,97.0,1.032166666666667,1.77,,,,,,,
2026-09-06T08:50:00+07:00,2026-09-06T09:01:01.656835+07:00,valid,current,11.027613916666668,STA2285,AWS Batur Dieng,-7.20399,109.91158,2078.0,Kab. Banjarnegara,17.62,13.6,97.0,97.0,False,0.0,188.4,0.0,800.3246,17.13776770548487,2.3100000000000005,0.0,0.0,-0.514,0.2492000000000871,6,10.0,10.0,13.6,97.0,0.9465,1.77,,,,,,,
2026-09-06T09:10:00+07:00,2026-09-06T09:16:05.489027+07:00,valid,current,6.0914837833333335,STA2285,AWS Batur Dieng,-7.20399,109.91158,2078.0,Kab. Banjarnegara,19.63,13.6,87.3,87.3,False,0.0,176.4,0.0,800.3973,17.46042400369857,3.84,0.0,-9.700000000000005,-0.611,0.2174999999999727,6,10.0,10.0,13.6,95.38333333333333,0.5571666666666667,1.77,,,,,,,
2026-09-06T09:20:00+07:00,2026-09-06T09:31:13.106261+07:00,partial,current,11.218437683333333,STA2285,AWS Batur Dieng,-7.20399,109.91158,2078.0,Kab. Banjarnegara,19.87,13.6,,0.0,True,0.159,248.8,0.0,800.5403,,3.830000000000002,0.0,,-1.611,0.2586000000000013,6,10.0,10.0,13.6,95.06,0.2886666666666667,1.573,,,,,,,
2026-09-06T09:50:00+07:00,2026-09-06T10:01:11.340558+07:00,partial,current,11.1890093,STA2285,AWS Batur Dieng,-7.20399,109.91158,2078.0,Kab. Banjarnegara,18.8,13.6,,0.0,True,0.339,324.0,0.0,800.7017,,1.1799999999999995,0.0,,0.339,0.3770999999999276,6,10.0,10.0,13.6,92.15,0.3723333333333333,1.025,,,,,,,
2026-09-06T10:10:00+07:00,2026-09-06T10:16:11.698849+07:00,valid,current,6.194980816666667,STA2285,AWS Batur Dieng,-7.20399,109.91158,2078.0,Kab. Banjarnegara,18.75,13.6,97.0,97.0,False,0.991,334.5,0.0,800.7022,18.263581445897174,-0.879999999999999,0.0,9.700000000000005,0.991,0.3048999999999751,6,10.0,10.0,13.6,89.75,0.7558333333333334,1.31,,,,,,,
2026-09-06T10:40:00+07:00,2026-09-06T10:46:06.471835+07:00,valid,current,6.107863916666667,STA2285,AWS Batur Dieng,-7.20399,109.91158,2078.0,Kab. Banjarnegara,18.94,13.6,96.9,96.9,False,0.0,233.9,0.0,800.2034,18.4364116985034,0.0700000000000002,0.0,,-1.025,-0.3400000000000318,6,10.0,10.0,13.6,94.08,0.7046666666666667,1.31,,,,,,,
2026-09-06T10:50:00+07:00,2026-09-06T11:01:10.115554+07:00,valid,current,11.168592566666666,STA2285,AWS Batur Dieng,-7.20399,109.91158,2078.0,Kab. Banjarnegara,19.71,13.6,97.0,97.0,False,0.72,328.0,0.0,800.0758,19.22001079004832,0.91,0.0,,0.3809999999999999,-0.6259000000000015,6,10.0,10.0,13.6,94.56666666666666,0.7681666666666667,1.31,,,,,,,
2026-09-06T11:10:00+07:00,2026-09-06T11:16:05.221371+07:00,valid,current,6.087022849999999,STA2285,AWS Batur Dieng,-7.20399,109.91158,2078.0,Kab. Banjarnegara,19.49,13.6,97.0,97.0,False,1.191,284.2,0.0,799.8313,19.00083021651261,0.7399999999999984,0.0,0.0,0.2,-0.8708999999998923,6,10.0,10.0,13.6,96.96666666666664,0.7606666666666667,1.191,,,,,,,
2026-09-06T11:20:00+07:00,2026-09-06T11:31:06.421019+07:00,valid,current,11.107016983333333,STA2285,AWS Batur Dieng,-7.20399,109.91158,2078.0,Kab. Banjarnegara,19.5,13.6,97.0,97.0,False,2.038,304.0,0.0,799.7627,19.010792984704256,0.870000000000001,0.0,0.0,0.9389999999999998,-0.830600000000004,6,10.0,10.0,13.6,96.96666666666664,0.9171666666666668,2.038,,,,,,,
2026-09-06T11:40:00+07:00,2026-09-06T11:46:04.294079+07:00,valid,current,6.071567983333334,STA2285,AWS Batur Dieng,-7.20399,109.91158,2078.0,Kab. Banjarnegara,19.38,13.6,97.0,97.0,False,2.301,304.2,0.0,799.6202,18.89123967306709,0.4399999999999977,0.0,0.0999999999999943,2.301,-0.5832000000000335,6,10.0,10.0,13.6,96.98333333333332,1.7358333333333331,3.1,,,,,,,
2026-09-06T11:50:00+07:00,2026-09-06T12:01:10.564434+07:00,valid,current,11.1760739,STA2285,AWS Batur Dieng,-7.20399,109.91158,2078.0,Kab. Banjarnegara,19.02,13.6,97.0,97.0,False,1.371,307.7,0.0,799.6036,18.53257851627916,-0.6900000000000013,0.0,0.0,0.651,-0.4721999999999298,6,10.0,10.0,13.6,96.98333333333332,1.8443333333333327,3.1,,,,,,,
2026-09-06T12:10:00+07:00,2026-09-06T12:16:14.580249+07:00,valid,current,6.24300415,STA2285,AWS Batur Dieng,-7.20399,109.91158,2078.0,Kab. Banjarnegara,18.48,13.6,97.0,97.0,False,1.05,286.6,0.0,799.4038,17.994583344544843,-1.009999999999998,0.0,0.0,-0.141,-0.4275000000000091,6,10.0,10.0,13.6,97.0,1.8345,3.1,,,,,,,
2026-09-06T12:20:00+07:00,2026-09-06T12:31:05.639670+07:00,valid,current,11.0939945,STA2285,AWS Batur Dieng,-7.20399,109.91158,2078.0,Kab. Banjarnegara,19.05,13.6,97.0,97.0,False,1.441,283.1,0.0,799.2418,18.56246701601505,-0.4499999999999993,0.0,0.0,-0.5969999999999998,-0.5208999999999833,6,10.0,10.0,13.6,97.0,1.7350000000000003,3.1,,,,,,,
2026-09-06T12:40:00+07:00,2026-09-06T12:46:12.172851+07:00,valid,current,6.20288085,STA2285,AWS Batur Dieng,-7.20399,109.91158,2078.0,Kab. Banjarnegara,19.24,13.6,25.57,25.57,False,1.612,275.7,0.0,798.9946,-0.972913858973512,-0.1400000000000005,0.0,-71.43,-0.6890000000000001,-0.6255999999999631,6,10.0,10.0,13.6,75.87166666666666,1.2856666666666663,1.612,,,,,,,
2026-09-06T12:50:00+07:00,2026-09-06T13:01:03.315617+07:00,valid,current,11.055260283333332,STA2285,AWS Batur Dieng,-7.20399,109.91158,2078.0,Kab. Banjarnegara,19.03,13.6,70.14,70.14,False,0.986,221.9,0.0,798.9789,13.464071236844514,0.0100000000000015,0.0,-26.86,-0.385,-0.6247000000000753,6,10.0,10.0,13.6,71.395,1.2215,1.612,,,,,,,
2026-09-06T13:10:00+07:00,2026-09-06T13:16:21.652387+07:00,valid,current,6.360873116666666,STA2285,AWS Batur Dieng,-7.20399,109.91158,2078.0,Kab. Banjarnegara,19.29,13.6,71.11,71.11,False,1.931,292.6,0.0,798.8231,13.924684167855066,0.8099999999999987,0.0,-25.89,0.881,-0.5807000000000926,6,10.0,10.0,13.6,67.08,1.4006666666666667,1.931,,,,,,,
2026-09-06T13:20:00+07:00,2026-09-06T13:31:05.870133+07:00,invalid,current,11.09783555,STA2285,AWS Batur Dieng,-7.20399,109.91158,2078.0,Kab. Banjarnegara,19.34,13.6,5.607,5.607,False,2.404,308.4,0.0,798.6031,-20.01838963808919,0.2899999999999991,0.0,-91.393,0.963,-0.6386999999999716,6,10.0,10.0,13.6,51.84783333333334,1.5611666666666668,2.404,,,,,,,
2026-09-06T13:40:00+07:00,2026-09-06T13:46:06.640804+07:00,valid,current,6.110680066666666,STA2285,AWS Batur Dieng,-7.20399,109.91158,2078.0,Kab. Banjarnegara,19.05,13.6,20.23,20.23,False,2.289,271.0,0.0,798.535,-4.293125214725707,-0.1899999999999977,0.0,-5.34,0.677,-0.4596000000000231,6,10.0,10.0,13.6,52.8174,1.8963333333333328,2.427,,,,,,,
2026-09-06T13:50:00+07:00,2026-09-06T14:01:11.770137+07:00,partial,current,11.19616895,STA2285,AWS Batur Dieng,-7.20399,109.91158,2078.0,Kab. Banjarnegara,18.05,13.6,,2.611,True,1.601,266.1,0.0,798.5358,,-0.9800000000000004,0.0,,0.615,-0.4430999999999585,6,10.0,10.0,13.6,48.48675,1.998833333333333,2.427,,,,,,,
2026-09-06T14:10:00+07:00,2026-09-06T14:16:01.853698+07:00,partial,current,6.030894966666667,STA2285,AWS Batur Dieng,-7.20399,109.91158,2078.0,Kab. Banjarnegara,19.15,13.6,,0.0,True,0.251,275.6,0.0,798.2426,,-0.1400000000000005,0.0,,-1.6800000000000002,-0.5804999999999154,6,10.0,10.0,13.6,12.9185,1.7431666666666663,2.427,,,,,,,
2026-09-06T14:20:00+07:00,2026-09-06T14:31:11.485031+07:00,partial,current,11.191417183333334,STA2285,AWS Batur Dieng,-7.20399,109.91158,2078.0,Kab. Banjarnegara,19.63,13.6,,0.0,True,0.639,159.1,0.0,798.3264,,0.2899999999999991,0.0,,-1.765,-0.2767000000000053,6,10.0,10.0,13.6,20.23,1.4489999999999998,2.427,,,,,,,
2026-09-06T14:40:00+07:00,2026-09-06T14:46:02.750050+07:00,valid,current,6.045834166666666,STA2285,AWS Batur Dieng,-7.20399,109.91158,2078.0,Kab. Banjarnegara,19.37,13.6,97.0,97.0,False,0.527,240.0,0.0,798.0964,18.881276887905003,0.3200000000000003,0.0,76.77,-1.762,-0.4385999999999512,6,10.0,10.0,13.6,65.325,0.9065,1.601,,,,,,,
2026-09-06T14:50:00+07:00,2026-09-06T15:01:03.727026+07:00,valid,current,11.0621171,STA2285,AWS Batur Dieng,-7.20399,109.91158,2078.0,Kab. Banjarnegara,17.97,13.6,49.97,49.97,False,0.24,214.1,0.0,798.0724,7.384101336151668,-0.0800000000000018,0.0,,-1.361,-0.4633999999999787,6,10.0,10.0,13.6,60.20666666666667,0.6796666666666668,1.487,,,,,,,
2026-09-06T15:10:00+07:00,2026-09-06T15:16:13.208561+07:00,valid,current,6.220142683333333,STA2285,AWS Batur Dieng,-7.20399,109.91158,2078.0,Kab. Banjarnegara,17.56,13.6,80.1,80.1,False,0.49,131.9,0.0,797.9575,14.088919681550058,-1.59,0.0,,0.239,-0.2851000000000567,6,10.0,10.0,13.6,65.18,0.585,0.934,,,,,,,
2026-09-06T15:20:00+07:00,2026-09-06T15:31:08.541286+07:00,valid,current,11.142354766666667,STA2285,AWS Batur Dieng,-7.20399,109.91158,2078.0,Kab. Banjarnegara,16.58,13.6,97.0,97.0,False,1.972,131.7,0.0,797.9564,16.101604587673897,-3.0500000000000007,0.0,,1.333,-0.3700000000000045,6,10.0,10.0,13.6,71.54400000000001,0.8071666666666667,1.972,,,,,,,
2026-09-06T15:40:00+07:00,2026-09-06T15:51:59.336495+07:00,valid,current,11.988941583333334,STA2285,AWS Batur Dieng,-7.20399,109.91158,2078.0,Kab. Banjarnegara,14.88,13.6,96.9,96.9,False,1.175,156.9,0.0,798.2087,14.39188479640233,-4.49,0.0,-0.0999999999999943,0.648,0.1123000000000047,6,10.0,10.0,13.6,84.194,0.9843333333333332,1.972,,,,,,,
2026-09-06T15:50:00+07:00,2026-09-06T16:01:04.966029+07:00,valid,current,11.08276715,STA2285,AWS Batur Dieng,-7.20399,109.91158,2078.0,Kab. Banjarnegara,14.77,13.6,57.73,57.73,False,1.319,168.4,0.0,798.0826,6.518212489731654,-3.2,0.0,7.759999999999998,1.079,0.0101999999999407,6,10.0,10.0,13.6,85.74600000000001,1.1641666666666666,1.972,,,,,,,
2026-09-06T16:10:00+07:00,2026-09-06T16:16:08.137066+07:00,valid,current,6.135617766666667,STA2285,AWS Batur Dieng,-7.20399,109.91158,2078.0,Kab. Banjarnegara,14.55,13.6,79.88,79.88,False,0.718,169.8,0.0,798.2354,11.116637134225217,-3.009999999999998,0.0,-0.2199999999999988,0.2279999999999999,0.2779000000000451,6,10.0,10.0,13.6,85.702,1.3511666666666666,1.972,,,,,,,
2026-09-06T16:20:00+07:00,2026-09-06T16:31:09.550301+07:00,valid,current,11.159171683333334,STA2285,AWS Batur Dieng,-7.20399,109.91158,2078.0,Kab. Banjarnegara,14.24,13.6,96.9,96.9,False,2.24,175.9,0.0,798.3682,13.754301918031556,-2.339999999999998,0.0,-0.0999999999999943,0.2680000000000002,0.4117999999999711,6,10.0,10.0,13.6,85.68199999999999,1.3958333333333333,2.24,,,,,,,
2026-09-06T16:40:00+07:00,2026-09-06T16:46:43.558988+07:00,valid,current,6.725983133333333,STA2285,AWS Batur Dieng,-7.20399,109.91158,2078.0,Kab. Banjarnegara,14.23,13.6,97.0,97.0,False,0.973,182.9,0.0,798.5213,13.76021813043635,-0.6500000000000004,0.0,0.0999999999999943,-0.202,0.3125999999999749,6,10.0,10.0,13.6,85.702,1.4366666666666668,2.24,,,,,,,
2026-09-06T16:50:00+07:00,2026-09-06T17:01:12.288349+07:00,valid,current,11.204805816666669,STA2285,AWS Batur Dieng,-7.20399,109.91158,2078.0,Kab. Banjarnegara,13.65,13.45,97.0,97.0,False,1.008,173.6,0.0,798.5106,13.18233200841784,-1.1199999999999992,-0.1500000000000003,39.27,-0.3109999999999999,0.4279999999999972,6,10.0,10.0,13.45,93.556,1.3848333333333336,2.24,,,,,,,
2026-09-06T17:10:00+07:00,2026-09-06T17:16:07.933505+07:00,valid,current,6.132225083333334,STA2285,AWS Batur Dieng,-7.20399,109.91158,2078.0,Kab. Banjarnegara,13.65,13.22,96.9,96.9,False,1.345,183.7,0.0,798.6163,13.166524897221343,-0.9000000000000004,-0.379999999999999,17.02000000000001,0.627,0.3808999999999969,6,10.0,10.0,13.22,96.96666666666664,1.4535,2.24,,,,,,,
2026-09-06T17:20:00+07:00,2026-09-06T17:31:05.212193+07:00,valid,current,11.086869883333332,STA2285,AWS Batur Dieng,-7.20399,109.91158,2078.0,Kab. Banjarnegara,13.29,13.13,97.0,97.0,False,1.363,178.6,0.0,798.7518,12.823641677487707,-0.9500000000000012,-0.4699999999999988,0.0999999999999943,-0.8770000000000002,0.3836000000000013,6,10.0,10.0,13.13,96.98333333333332,1.3073333333333332,1.796,,,,,,,
2026-09-06T17:40:00+07:00,2026-09-06T17:45:57.538006+07:00,valid,current,5.958966766666666,STA2285,AWS Batur Dieng,-7.20399,109.91158,2078.0,Kab. Banjarnegara,12.79,12.66,81.6,81.6,False,1.58,166.5,0.0,798.9486,9.72042353909588,-1.4400000000000013,-0.9399999999999996,-15.400000000000006,0.6070000000000001,0.4273000000000593,6,10.0,10.0,12.66,94.41666666666669,1.2293333333333332,1.58,,,,,,,
2026-09-06T17:50:00+07:00,2026-09-06T18:01:09.076242+07:00,partial,current,11.1512707,STA2285,AWS Batur Dieng,-7.20399,109.91158,2078.0,Kab. Banjarnegara,12.7,12.37,,0.0,True,1.704,148.3,0.0,798.9708,,-0.9500000000000012,-1.08,,0.696,0.4602000000000998,6,10.0,10.0,12.37,93.9,1.3453333333333335,1.704,,,,,,,
2026-09-06T18:10:00+07:00,2026-09-06T18:16:03.775168+07:00,valid,current,6.062919466666667,STA2285,AWS Batur Dieng,-7.20399,109.91158,2078.0,Kab. Banjarnegara,12.59,12.37,77.64,77.64,False,1.189,152.4,0.0,799.2533,8.786555918942367,-1.0600000000000005,-0.8500000000000014,-19.260000000000005,-0.1559999999999999,0.6369999999999436,6,10.0,10.0,12.37,88.31,1.3663333333333334,1.704,,,,,,,
2026-09-06T18:20:00+07:00,2026-09-06T18:31:02.470012+07:00,valid,current,11.041166866666666,STA2285,AWS Batur Dieng,-7.20399,109.91158,2078.0,Kab. Banjarnegara,12.45,12.33,97.0,97.0,False,0.35,155.1,0.0,799.2536,11.986690443434943,-0.8399999999999999,-0.8000000000000007,0.0,-1.013,0.5018000000000029,6,10.0,10.0,12.33,88.31,1.1975,1.704,,,,,,,
2026-09-06T18:40:00+07:00,2026-09-06T18:46:11.058422+07:00,valid,current,6.184307033333334,STA2285,AWS Batur Dieng,-7.20399,109.91158,2078.0,Kab. Banjarnegara,12.49,12.18,97.0,97.0,False,0.0,172.0,0.0,799.5702,12.02654549040913,-0.2999999999999989,-0.4800000000000004,15.400000000000006,-1.58,0.621599999999944,6,10.0,10.0,12.18,92.16,0.814,1.704,,,,,,,
2026-09-06T18:50:00+07:00,2026-09-06T19:01:11.117361+07:00,valid,current,11.18528935,STA2285,AWS Batur Dieng,-7.20399,109.91158,2078.0,Kab. Banjarnegara,12.16,12.07,97.0,97.0,False,0.5,173.1,0.0,799.6014,11.697740676073222,-0.5399999999999991,-0.2999999999999989,,-1.204,0.6305999999999585,6,10.0,10.0,12.07,93.128,0.6133333333333334,1.641,,,,,,,
2026-09-06T19:10:00+07:00,2026-09-06T19:16:11.459441+07:00,valid,current,6.190990683333334,STA2285,AWS Batur Dieng,-7.20399,109.91158,2078.0,Kab. Banjarnegara,11.79,11.61,97.0,97.0,False,0.12,163.0,0.0,799.7711,11.329078901047447,-0.8000000000000007,-0.7599999999999998,19.36,-1.069,0.5178000000000793,6,10.0,10.0,11.61,97.0,0.1616666666666666,0.5,,,,,,,
2026-09-06T19:20:00+07:00,2026-09-06T19:31:02.946956+07:00,valid,current,11.049115933333333,STA2285,AWS Batur Dieng,-7.20399,109.91158,2078.0,Kab. Banjarnegara,11.75,11.56,97.0,97.0,False,0.402,167.7,0.0,799.9081,11.289223458034233,-0.6999999999999993,-0.7699999999999996,0.0,0.052,0.6544999999999845,6,10.0,10.0,11.56,97.0,0.1703333333333333,0.5,,,,,,,
2026-09-06T19:40:00+07:00,2026-09-06T19:46:03.483737+07:00,valid,current,6.058062283333333,STA2285,AWS Batur Dieng,-7.20399,109.91158,2078.0,Kab. Banjarnegara,11.9,11.56,97.0,97.0,False,0.256,173.6,0.0,800.1142,11.438681252642954,-0.5899999999999999,-0.6199999999999992,0.0,0.256,0.5439999999999827,6,10.0,10.0,11.56,97.0,0.3373333333333333,0.746,,,,,,,
2026-09-06T19:50:00+07:00,2026-09-06T20:01:04.921485+07:00,valid,current,11.08202475,STA2285,AWS Batur Dieng,-7.20399,109.91158,2078.0,Kab. Banjarnegara,12.08,11.56,97.0,97.0,False,0.0,158.3,0.0,800.3158,11.618030186087289,-0.08,-0.5099999999999998,0.0,-0.5,0.7143999999999551,6,10.0,10.0,11.56,97.0,0.254,0.746,,,,,,,
2026-09-06T20:10:00+07:00,2026-09-06T20:16:10.463690+07:00,valid,current,6.174394833333333,STA2285,AWS Batur Dieng,-7.20399,109.91158,2078.0,Kab. Banjarnegara,12.26,11.56,96.9,96.9,False,0.0,157.2,0.0,800.3483,11.78174196672128,0.4700000000000006,-0.0499999999999989,-0.0999999999999943,-0.12,0.577199999999948,6,10.0,10.0,11.56,96.98333333333332,0.234,0.746,,,,,,,
2026-09-06T20:20:00+07:00,2026-09-06T20:31:04.024549+07:00,valid,current,11.067075816666666,STA2285,AWS Batur Dieng,-7.20399,109.91158,2078.0,Kab. Banjarnegara,12.22,11.56,76.79,76.79,False,0.0,140.3,0.0,800.3943,8.265072105759717,0.4700000000000006,0.0,-20.21,-0.402,0.4862000000000535,6,10.0,10.0,11.56,93.615,0.167,0.746,,,,,,,
2026-09-06T20:40:00+07:00,2026-09-06T20:46:12.764052+07:00,partial,current,6.2127342,STA2285,AWS Batur Dieng,-7.20399,109.91158,2078.0,Kab. Banjarnegara,11.96,11.56,,0.0,True,0.545,147.5,0.0,800.6325,,0.0600000000000005,0.0,,0.289,0.5183000000000675,6,10.0,10.0,11.56,91.9225,0.0908333333333333,0.545,,,,,,,
2026-09-06T20:50:00+07:00,2026-09-06T21:01:02.504921+07:00,partial,current,11.041748683333331,STA2285,AWS Batur Dieng,-7.20399,109.91158,2078.0,Kab. Banjarnegara,11.66,11.42,,0.0,True,0.0,170.7,0.0,800.6664,,-0.4199999999999999,-0.1400000000000005,,0.0,0.3505999999999858,6,10.0,10.0,11.42,90.23,0.0908333333333333,0.545,,,,,,,
2026-09-06T21:20:00+07:00,2026-09-06T21:31:05.865349+07:00,valid,current,11.097755816666668,STA2285,AWS Batur Dieng,-7.20399,109.91158,2078.0,Kab. Banjarnegara,11.29,10.97,96.9,96.9,False,0.0,150.7,0.0,800.5879,10.815365920946087,-0.9300000000000016,-0.5899999999999999,20.11,0.0,0.1935999999999467,6,10.0,10.0,10.97,75.61333333333333,0.0908333333333333,0.545,,,,,,,
2026-09-06T21:40:00+07:00,2026-09-06T21:46:05.247423+07:00,valid,current,6.08745705,STA2285,AWS Batur Dieng,-7.20399,109.91158,2078.0,Kab. Banjarnegara,10.46,10.05,97.0,97.0,False,0.0,159.0,0.0,800.6458,10.00387328700924,-1.5,-1.5099999999999998,,-0.545,0.0132999999999583,6,10.0,10.0,10.05,84.168,0.0,0.0,,,,,,,
2026-09-06T21:50:00+07:00,2026-09-06T22:01:11.246998+07:00,valid,current,11.187449966666666,STA2285,AWS Batur Dieng,-7.20399,109.91158,2078.0,Kab. Banjarnegara,10.05,9.98,97.0,97.0,False,0.0,133.9,0.0,800.5277,9.595346210214323,-1.6099999999999994,-1.4399999999999995,,0.0,-0.1386999999999716,6,10.0,10.0,9.98,86.30666666666667,0.0,0.0,,,,,,,
2026-09-06T22:10:00+07:00,2026-09-06T22:16:07.436527+07:00,valid,current,6.123942116666667,STA2285,AWS Batur Dieng,-7.20399,109.91158,2078.0,Kab. Banjarnegara,9.39,9.14,97.0,97.0,False,0.0,66.65,0.0,800.5282,8.937712262760964,-1.91,-2.03,0.0,0.0,0.0303999999999859,6,10.0,10.0,9.14,96.98333333333332,0.0,0.0,,,,,,,
2026-09-06T22:20:00+07:00,2026-09-06T22:31:02.675395+07:00,valid,current,11.044589916666666,STA2285,AWS Batur Dieng,-7.20399,109.91158,2078.0,Kab. Banjarnegara,9.14,8.77,81.9,81.9,False,0.0,210.9,0.0,800.6608,6.210088537264285,-2.1499999999999986,-2.200000000000001,-15.0,0.0,0.0729000000000041,6,10.0,10.0,8.77,94.48333333333332,0.0,0.0,,,,,,,
2026-09-06T22:40:00+07:00,2026-09-06T22:46:08.347251+07:00,partial,current,6.13912085,STA2285,AWS Batur Dieng,-7.20399,109.91158,2078.0,Kab. Banjarnegara,8.1,7.91,,0.0,True,0.0,96.7,0.0,800.5326,,-2.360000000000001,-2.140000000000001,,0.0,-0.1132000000000061,6,10.0,10.0,7.91,93.225,0.0,0.0,,,,,,,
2026-09-06T22:50:00+07:00,2026-09-06T23:01:06.200142+07:00,partial,current,11.1033357,STA2285,AWS Batur Dieng,-7.20399,109.91158,2078.0,Kab. Banjarnegara,8.4,7.91,,0.0,True,0.0,116.1,0.0,800.4906,,-1.6500000000000004,-2.0700000000000003,,0.0,-0.0371000000000094,6,10.0,10.0,7.91,91.96666666666664,0.0,0.0,,,,,,,
2026-09-06T23:10:00+07:00,2026-09-06T23:16:02.693846+07:00,partial,current,6.044897433333333,STA2285,AWS Batur Dieng,-7.20399,109.91158,2078.0,Kab. Banjarnegara,8.21,7.91,,0.0,True,0.0,102.3,0.0,800.2458,,-1.1799999999999995,-1.2300000000000004,,0.0,-0.2823999999999387,6,10.0,10.0,7.91,81.9,0.0,0.0,,,,,,,
2026-09-06T23:20:00+07:00,2026-09-06T23:31:11.129596+07:00,partial,current,11.185493266666668,STA2285,AWS Batur Dieng,-7.20399,109.91158,2078.0,Kab. Banjarnegara,7.303,6.804,,0.0,True,0.0,42.51,0.0,800.0985,,-1.8370000000000009,-1.9659999999999995,,0.0,-0.5623000000000502,6,10.0,10.0,6.804,,0.0,0.0,,,,,,,
2026-09-06T23:40:00+07:00,2026-09-06T23:46:03.356967+07:00,partial,current,6.05594945,STA2285,AWS Batur Dieng,-7.20399,109.91158,2078.0,Kab. Banjarnegara,6.802,6.528,,0.0,True,0.0,169.3,0.0,800.0291,,-1.298,-1.3820000000000006,,0.0,-0.5035000000000309,6,10.0,10.0,6.528,,0.0,0.0,,,,,,,
2026-09-06T23:50:00+07:00,2026-09-07T00:00:59.718106+07:00,partial,current,10.995301766666667,STA2285,AWS Batur Dieng,-7.20399,109.91158,2078.0,Kab. Banjarnegara,7.051,6.528,,0.0,True,0.0,33.15,0.0,799.9387,,-1.3490000000000002,-1.3820000000000006,,0.0,-0.5518999999999323,6,10.0,10.0,6.528,,0.0,0.0,,,,,,,
2026-09-07T00:10:00+07:00,2026-09-07T00:16:11.928448+07:00,partial,current,6.198807466666667,STA2285,AWS Batur Dieng,-7.20399,109.91158,2078.0,Kab. Banjarnegara,6.632,6.386,,0.0,True,0.0,219.7,0.0,799.827,,-1.5780000000000012,-1.524,,0.0,-0.4188000000000329,6,10.0,10.0,6.386,,0.0,0.0,,,,,,,
2026-09-07T00:20:00+07:00,2026-09-07T00:31:05.414363+07:00,partial,current,11.090239383333332,STA2285,AWS Batur Dieng,-7.20399,109.91158,2078.0,Kab. Banjarnegara,6.513,6.153,,0.0,True,0.0,339.2,0.0,799.7135,,-0.79,-0.6510000000000007,,0.0,-0.3849999999999909,6,10.0,10.0,6.153,,0.0,0.0,,,,,,,
2026-09-07T00:40:00+07:00,2026-09-07T00:47:17.925147+07:00,partial,current,7.298752449999999,STA2285,AWS Batur Dieng,-7.20399,109.91158,2078.0,Kab. Banjarnegara,5.989,5.702,,0.0,True,0.0,157.1,0.0,799.5397,,-0.8129999999999997,-0.8259999999999996,,0.0,-0.4893999999999323,6,10.0,10.0,5.702,,0.0,0.0,,,,,,,
2026-09-07T00:50:00+07:00,2026-09-07T01:01:04.496567+07:00,partial,current,11.074942783333334,STA2285,AWS Batur Dieng,-7.20399,109.91158,2078.0,Kab. Banjarnegara,6.182,5.683,,0.0,True,0.0,181.3,0.0,799.3625,,-0.8689999999999998,-0.8449999999999998,,0.0,-0.5762000000000853,6,10.0,10.0,5.683,,0.0,0.0,,,,,,,
2026-09-07T01:10:00+07:00,2026-09-07T01:16:09.568587+07:00,partial,current,6.15947645,STA2285,AWS Batur Dieng,-7.20399,109.91158,2078.0,Kab. Banjarnegara,5.465,5.198,,0.0,True,0.0,145.4,0.0,798.9655,,-1.1669999999999998,-1.1879999999999995,,0.0,-0.8614999999999782,6,10.0,10.0,5.198,,0.0,0.0,,,,,,,
2026-09-07T01:20:00+07:00,2026-09-07T01:31:16.122564+07:00,partial,current,11.2687094,STA2285,AWS Batur Dieng,-7.20399,109.91158,2078.0,Kab. Banjarnegara,5.951,5.198,,0.0,True,0.0,333.8,0.0,798.9259,,-0.5620000000000003,-0.9549999999999992,,0.0,-0.7875999999999976,6,10.0,10.0,5.198,,0.0,0.0,,,,,,,
2026-09-07T01:40:00+07:00,2026-09-07T01:46:03.831848+07:00,valid,current,6.063864133333333,STA2285,AWS Batur Dieng,-7.20399,109.91158,2078.0,Kab. Banjarnegara,6.053,5.198,77.64,77.64,False,0.0,283.1,0.0,798.895,2.4402183556910644,0.064,-0.5039999999999996,,0.0,-0.6447000000000571,6,10.0,10.0,5.198,77.64,0.0,0.0,,,,,,,
2026-09-07T01:50:00+07:00,2026-09-07T02:01:03.761079+07:00,valid,current,11.06268465,STA2285,AWS Batur Dieng,-7.20399,109.91158,2078.0,Kab. Banjarnegara,6.355,5.198,97.0,97.0,False,0.0,267.0,0.0,798.7762,5.913513204486799,0.173,-0.4849999999999994,,0.0,-0.5862999999999374,6,10.0,10.0,5.198,87.32,0.0,0.0,,,,,,,
2026-09-07T02:10:00+07:00,2026-09-07T02:16:03.941000+07:00,valid,current,6.065683333333333,STA2285,AWS Batur Dieng,-7.20399,109.91158,2078.0,Kab. Banjarnegara,5.99,5.198,97.0,97.0,False,0.0,289.4,0.0,798.66,5.549803387110832,0.5250000000000004,0.0,,0.0,-0.3055000000000518,6,10.0,10.0,5.198,92.16,0.0,0.0,,,,,,,
2026-09-07T02:20:00+07:00,2026-09-07T02:30:58.156543+07:00,valid,current,10.969275716666669,STA2285,AWS Batur Dieng,-7.20399,109.91158,2078.0,Kab. Banjarnegara,5.941,5.198,97.0,97.0,False,0.0,128.7,0.0,798.6304,5.500976446226133,-0.0099999999999997,0.0,,0.0,-0.2954999999999472,6,10.0,10.0,5.198,93.128,0.0,0.0,,,,,,,
2026-09-07T02:30:00+07:00,2026-09-07T02:37:58.124530+07:00,valid,current,7.968742166666667,STA2285,AWS Batur Dieng,-7.20399,109.91158,2078.0,Kab. Banjarnegara,5.781,5.198,97.0,97.0,False,0.0,104.6,0.0,798.6298,5.341541300691689,-0.5810000000000004,0.0,,0.0,-0.2955999999999221,6,10.0,10.0,5.198,93.77333333333333,0.0,0.0,,,,,,,
2026-09-07T02:40:00+07:00,2026-09-07T02:46:02.874425+07:00,valid,current,6.047907083333333,STA2285,AWS Batur Dieng,-7.20399,109.91158,2078.0,Kab. Banjarnegara,6.165,5.198,97.0,97.0,False,0.0,201.7,0.0,798.6148,5.724185041578646,0.1120000000000001,0.0,19.36,0.0,-0.2802000000000362,6,10.0,10.0,5.198,97.0,0.0,0.0,,,,,,,
2026-09-07T02:50:00+07:00,2026-09-07T03:01:05.579187+07:00,valid,current,11.09298645,STA2285,AWS Batur Dieng,-7.20399,109.91158,2078.0,Kab. Banjarnegara,6.274,5.198,97.0,97.0,False,0.0,112.1,0.0,798.6295,5.832799681694587,-0.0810000000000004,0.0,0.0,0.0,-0.1467000000000098,6,10.0,10.0,5.198,97.0,0.0,0.0,,,,,,,
2026-09-07T03:10:00+07:00,2026-09-07T03:16:04.274560+07:00,valid,current,6.071242666666667,STA2285,AWS Batur Dieng,-7.20399,109.91158,2078.0,Kab. Banjarnegara,6.292,5.198,97.0,97.0,False,0.0,85.3,0.0,798.6294,5.85073602811364,0.3019999999999996,0.0,0.0,0.0,-0.0305999999999357,6,10.0,10.0,5.198,97.0,0.0,0.0,,,,,,,
2026-09-07T03:20:00+07:00,2026-09-07T03:31:13.428890+07:00,valid,current,11.223814833333334,STA2285,AWS Batur Dieng,-7.20399,109.91158,2078.0,Kab. Banjarnegara,6.36,5.198,97.0,97.0,False,0.0,197.9,0.0,798.5994,5.91849551766715,0.4190000000000005,0.0,0.0,0.0,-0.0310000000000627,6,10.0,10.0,5.198,97.0,0.0,0.0,,,,,,,
2026-09-07T03:40:00+07:00,2026-09-07T03:46:02.532915+07:00,valid,current,6.04221525,STA2285,AWS Batur Dieng,-7.20399,109.91158,2078.0,Kab. Banjarnegara,6.971,5.198,97.0,97.0,False,0.0,155.9,0.0,798.7542,6.5273315262129,0.806,0.0,0.0,0.0,0.1394000000000232,6,10.0,10.0,5.198,97.0,0.0,0.0,,,,,,,
2026-09-07T03:50:00+07:00,2026-09-07T04:01:06.206308+07:00,valid,current,11.103438466666669,STA2285,AWS Batur Dieng,-7.20399,109.91158,2078.0,Kab. Banjarnegara,6.647,5.198,97.0,97.0,False,0.0,153.9,0.0,798.8278,6.204479701475474,0.3730000000000002,0.0,0.0,0.0,0.1983000000000174,6,10.0,10.0,5.198,97.0,0.0,0.0,,,,,,,
2026-09-07T04:10:00+07:00,2026-09-07T04:16:04.800201+07:00,valid,current,6.08000335,STA2285,AWS Batur Dieng,-7.20399,109.91158,2078.0,Kab. Banjarnegara,6.3,5.198,96.9,96.9,False,0.0,59.24,0.0,798.9258,5.843791316322317,0.008,0.0,-0.0999999999999943,0.0,0.2963999999999487,6,10.0,10.0,5.198,96.98333333333332,0.0,0.0,,,,,,,
2026-09-07T04:20:00+07:00,2026-09-07T04:31:12.283890+07:00,valid,current,11.2047315,STA2285,AWS Batur Dieng,-7.20399,109.91158,2078.0,Kab. Banjarnegara,6.152,5.198,97.0,97.0,False,0.0,237.1,0.0,798.9267,5.711230990713984,-0.2080000000000001,0.0,0.0,0.0,0.3273000000000365,6,10.0,10.0,5.198,96.98333333333332,0.0,0.0,,,,,,,
2026-09-07T04:30:00+07:00,2026-09-07T04:43:00.141833+07:00,valid,current,13.002363883333334,STA2285,AWS Batur Dieng,-7.20399,109.91158,2078.0,Kab. Banjarnegara,6.649,5.198,97.0,97.0,False,0.0,278.6,0.0,798.925,6.20647261852882,0.5129999999999999,0.0,0.0,0.0,0.2516999999999143,6,10.0,10.0,5.198,96.98333333333332,0.0,0.0,,,,,,,
2026-09-07T04:40:00+07:00,2026-09-07T04:46:13.329722+07:00,valid,current,6.222162033333333,STA2285,AWS Batur Dieng,-7.20399,109.91158,2078.0,Kab. Banjarnegara,6.741,5.198,97.0,97.0,False,0.0,259.8,0.0,798.9247,6.298146741816011,-0.2300000000000004,0.0,0.0,0.0,0.1705000000000609,6,10.0,10.0,5.198,96.98333333333332,0.0,0.0,,,,,,,
2026-09-07T04:50:00+07:00,2026-09-07T05:01:14.648368+07:00,valid,current,11.244139466666669,STA2285,AWS Batur Dieng,-7.20399,109.91158,2078.0,Kab. Banjarnegara,6.579,5.198,97.0,97.0,False,0.0,78.42,0.0,798.9238,6.136720487994376,-0.0680000000000005,0.0,0.0,0.0,0.0960000000000036,6,10.0,10.0,5.198,96.98333333333332,0.0,0.0,,,,,,,
2026-09-07T05:10:00+07:00,2026-09-07T05:16:11.026826+07:00,valid,current,6.183780433333334,STA2285,AWS Batur Dieng,-7.20399,109.91158,2078.0,Kab. Banjarnegara,6.823,5.198,97.0,97.0,False,0.0,222.1,0.0,799.1491,6.37985618556838,0.5230000000000006,0.0,0.0999999999999943,0.0,0.2232999999999947,6,10.0,10.0,5.198,97.0,0.0,0.0,,,,,,,
2026-09-07T05:20:00+07:00,2026-09-07T05:30:59.517178+07:00,valid,current,10.991952966666666,STA2285,AWS Batur Dieng,-7.20399,109.91158,2078.0,Kab. Banjarnegara,6.524,5.198,97.0,97.0,False,0.0,133.0,0.0,799.2576,6.081915193947862,0.3719999999999999,0.0,0.0,0.0,0.3309000000000424,6,10.0,10.0,5.198,97.0,0.0,0.0,,,,,,,
2026-09-07T05:40:00+07:00,2026-09-07T05:46:12.002682+07:00,valid,current,6.2000447,STA2285,AWS Batur Dieng,-7.20399,109.91158,2078.0,Kab. Banjarnegara,7.212,5.198,82.7,82.7,False,0.0,110.3,0.0,799.5477,4.465396429528753,0.4710000000000001,0.0,-14.299999999999995,0.0,0.6229999999999336,6,10.0,10.0,5.198,94.61666666666667,0.0,0.0,,,,,,,
2026-09-07T05:50:00+07:00,2026-09-07T06:01:02.970847+07:00,invalid,current,11.049514116666668,STA2285,AWS Batur Dieng,-7.20399,109.91158,2078.0,Kab. Banjarnegara,6.818,5.198,8.08,8.08,False,0.0,169.8,0.0,799.5481,-25.155172788490407,0.2389999999999998,0.0,-88.92,0.0,0.6242999999999483,6,10.0,10.0,5.198,79.79666666666667,0.0,0.0,,,,,,,
2026-09-07T06:10:00+07:00,2026-09-07T06:18:01.179866+07:00,partial,current,8.019664433333334,STA2285,AWS Batur Dieng,-7.20399,109.91158,2078.0,Kab. Banjarnegara,7.169,5.198,,0.0,True,0.0,250.9,0.0,799.7091,,0.3459999999999992,0.0,,0.0,0.5600000000000591,6,10.0,10.0,5.198,71.195,0.0,0.0,,,,,,,
2026-09-07T06:20:00+07:00,2026-09-07T06:31:03.375832+07:00,partial,current,11.056263866666663,STA2285,AWS Batur Dieng,-7.20399,109.91158,2078.0,Kab. Banjarnegara,7.318,5.198,,0.0,True,0.0,171.4,0.0,799.7623,,0.7939999999999996,0.0,,0.0,0.5046999999999571,6,10.0,10.0,5.198,62.59333333333333,0.0,0.0,,,,,,,
2026-09-07T06:40:00+07:00,2026-09-07T06:46:12.811050+07:00,valid,current,6.2135175,STA2285,AWS Batur Dieng,-7.20399,109.91158,2078.0,Kab. Banjarnegara,12.04,5.198,92.4,92.4,False,0.11,259.8,0.2,799.9146,10.844991187167231,4.827999999999999,0.0,9.700000000000005,0.11,0.3668999999999869,6,10.0,10.0,5.198,51.25666666666667,0.0183333333333333,0.11,,,,,,,
2026-09-07T06:50:00+07:00,2026-09-07T07:01:06.400308+07:00,valid,current,11.1066718,STA2285,AWS Batur Dieng,-7.20399,109.91158,2078.0,Kab. Banjarnegara,12.9,5.198,42.76,42.76,False,0.486,298.9,0.2,800.0502,0.5358789733354141,6.082000000000001,0.0,34.68,0.486,0.5021000000000413,6,10.0,10.0,5.198,48.025,0.0972,0.486,,,,,,,
2026-09-07T07:10:00+07:00,2026-09-07T07:16:05.230386+07:00,valid,current,6.0871731,STA2285,AWS Batur Dieng,-7.20399,109.91158,2078.0,Kab. Banjarnegara,14.45,14.19,96.0,96.0,False,0.285,284.1,0.0,800.2041,13.819705256825868,7.281,8.991999999999999,,0.285,0.4950000000000045,6,10.0,10.0,5.198,76.00999999999999,0.2023333333333333,0.486,,,,,,,
2026-09-07T07:20:00+07:00,2026-09-07T07:31:06.609921+07:00,valid,current,11.11016535,STA2285,AWS Batur Dieng,-7.20399,109.91158,2078.0,Kab. Banjarnegara,14.77,14.19,96.4,96.4,False,0.0,288.0,0.0,800.2223,14.20235735297891,7.452,8.991999999999999,,0.0,0.4600000000000364,6,10.0,10.0,5.198,79.40833333333332,0.2023333333333333,0.486,,,,,,,
2026-09-07T07:40:00+07:00,2026-09-07T07:46:05.090108+07:00,valid,current,6.084835133333333,STA2285,AWS Batur Dieng,-7.20399,109.91158,2078.0,Kab. Banjarnegara,15.67,14.19,97.0,97.0,False,0.043,294.7,0.0,800.2817,15.194949311306033,3.630000000000001,8.991999999999999,4.599999999999994,-0.067,0.3671000000000504,6,10.0,10.0,5.198,87.46,0.2058333333333333,0.486,,,,,,,
2026-09-07T07:50:00+07:00,2026-09-07T08:01:10.592535+07:00,valid,current,11.17654225,STA2285,AWS Batur Dieng,-7.20399,109.91158,2078.0,Kab. Banjarnegara,15.93,14.19,96.9,96.9,False,0.0,291.1,0.0,800.3872,15.43790623498552,3.03,8.991999999999999,54.14000000000001,-0.486,0.3369999999999891,6,10.0,10.0,5.198,96.48333333333332,0.1248333333333333,0.333,,,,,,,
2026-09-07T08:00:00+07:00,2026-09-07T08:08:09.902459+07:00,valid,current,8.165040983333334,STA2285,AWS Batur Dieng,-7.20399,109.91158,2078.0,Kab. Banjarnegara,16.12,14.19,97.0,97.0,False,0.0,301.1,0.0,800.4413,15.64329679089752,2.4400000000000013,8.991999999999999,1.4000000000000057,-0.333,0.3860999999999421,6,10.0,10.0,14.19,96.71666666666664,0.0693333333333333,0.285,,,,,,,
2026-09-07T08:10:00+07:00,2026-09-07T08:16:04.137604+07:00,valid,current,6.0689600666666665,STA2285,AWS Batur Dieng,-7.20399,109.91158,2078.0,Kab. Banjarnegara,16.73,14.19,97.0,97.0,False,0.385,301.3,0.0,800.5412,16.251052135235437,2.280000000000001,0.0,1.0,0.1,0.337099999999964,6,10.0,10.0,14.19,96.88333333333333,0.086,0.385,,,,,,,
2026-09-07T08:20:00+07:00,2026-09-07T08:31:04.269120+07:00,valid,current,11.071152,STA2285,AWS Batur Dieng,-7.20399,109.91158,2078.0,Kab. Banjarnegara,17.28,14.19,97.0,97.0,False,0.153,317.3,0.0,800.6103,16.799023753801123,2.5100000000000016,0.0,0.5999999999999943,0.153,0.3880000000000336,6,10.0,10.0,14.19,96.98333333333332,0.1115,0.385,,,,,,,
2026-09-07T08:40:00+07:00,2026-09-07T08:46:16.521830+07:00,valid,current,6.2753638333333335,STA2285,AWS Batur Dieng,-7.20399,109.91158,2078.0,Kab. Banjarnegara,18.02,14.19,97.0,97.0,False,1.011,235.7,0.0,800.7123,17.536287908480286,2.35,0.0,0.0,0.968,0.4306000000000267,6,10.0,10.0,14.19,96.96666666666664,0.3918333333333333,1.011,,,,,,,
2026-09-07T08:50:00+07:00,2026-09-07T09:01:01.196907+07:00,valid,current,11.01994845,STA2285,AWS Batur Dieng,-7.20399,109.91158,2078.0,Kab. Banjarnegara,18.77,14.19,96.8,96.8,False,1.12,297.4,0.0,800.7184,18.2506067456223,2.84,0.0,-0.1000000000000085,1.12,0.3311999999999671,6,10.0,10.0,14.19,96.95,0.5785,1.12,,,,,,,
2026-09-07T09:10:00+07:00,2026-09-07T09:16:04.144302+07:00,valid,current,6.069071699999999,STA2285,AWS Batur Dieng,-7.20399,109.91158,2078.0,Kab. Banjarnegara,19.11,14.19,44.42,44.42,False,1.34,260.4,0.0,800.87,6.7071487301639765,2.379999999999999,0.0,-52.58,0.955,0.3288000000000011,6,10.0,10.0,14.19,83.635,1.0356666666666667,1.788,,,,,,,
2026-09-07T09:20:00+07:00,2026-09-07T09:31:04.989494+07:00,valid,current,11.083158233333334,STA2285,AWS Batur Dieng,-7.20399,109.91158,2078.0,Kab. Banjarnegara,19.24,14.19,15.56,15.56,False,1.972,320.5,0.0,800.8557,-7.582137438341969,1.9599999999999973,0.0,-81.44,1.819,0.2453999999999041,6,10.0,10.0,14.19,70.06166666666667,1.338833333333333,1.972,,,,,,,
2026-09-07T09:40:00+07:00,2026-09-07T09:46:03.645042+07:00,valid,current,6.0607507,STA2285,AWS Batur Dieng,-7.20399,109.91158,2078.0,Kab. Banjarnegara,19.37,14.19,96.3,96.3,False,2.805,299.7,0.0,800.731,18.76533497287401,1.3500000000000014,0.0,-0.7000000000000028,1.7940000000000005,0.018699999999967,6,10.0,10.0,14.19,58.18666666666667,2.018333333333333,3.085,,,,,,,
2026-09-07T09:50:00+07:00,2026-09-07T10:01:11.219720+07:00,valid,current,11.186995333333334,STA2285,AWS Batur Dieng,-7.20399,109.91158,2078.0,Kab. Banjarnegara,19.16,14.19,97.0,97.0,False,2.785,252.8,0.0,800.7583,18.672058072818714,0.3900000000000005,0.0,0.2000000000000028,1.665,0.0398999999999887,6,10.0,10.0,14.19,58.22,2.295833333333333,3.085,,,,,,,
2026-09-07T10:10:00+07:00,2026-09-07T10:16:01.871596+07:00,valid,current,6.0311932666666666,STA2285,AWS Batur Dieng,-7.20399,109.91158,2078.0,Kab. Banjarnegara,19.52,14.19,97.0,97.0,False,2.701,240.5,0.0,800.7057,19.030718516844928,0.4100000000000001,0.0,52.58,1.361,-0.1643000000000256,6,10.0,10.0,14.19,71.53500000000001,2.6395,3.085,,,,,,,
2026-09-07T10:20:00+07:00,2026-09-07T10:31:40.139580+07:00,valid,current,11.668993,STA2285,AWS Batur Dieng,-7.20399,109.91158,2078.0,Kab. Banjarnegara,19.74,14.19,97.0,97.0,False,2.318,268.7,0.0,800.6223,19.249898997043463,0.5,0.0,81.44,0.3460000000000001,-0.2333999999999605,6,10.0,10.0,14.19,85.10833333333333,2.6971666666666674,3.085,,,,,,,
2026-09-07T10:40:00+07:00,2026-09-07T10:46:06.444317+07:00,valid,current,6.107405283333334,STA2285,AWS Batur Dieng,-7.20399,109.91158,2078.0,Kab. Banjarnegara,19.24,14.19,97.0,97.0,False,2.872,232.5,0.0,800.3575,18.751760552104795,-0.1300000000000025,0.0,0.7000000000000028,0.0669999999999997,-0.3735000000000354,6,10.0,10.0,14.19,96.95,2.756,3.371,,,,,,,
2026-09-07T10:50:00+07:00,2026-09-07T11:01:01.432793+07:00,valid,current,11.023879883333333,STA2285,AWS Batur Dieng,-7.20399,109.91158,2078.0,Kab. Banjarnegara,19.29,14.19,96.9,96.9,False,2.961,250.7,0.0,800.2091,18.785066528741147,0.129999999999999,0.0,-0.0999999999999943,0.1759999999999997,-0.549199999999928,6,10.0,10.0,14.19,96.93333333333334,2.785333333333333,3.371,,,,,,,
2026-09-07T11:10:00+07:00,2026-09-07T11:16:12.064822+07:00,valid,current,6.201080366666667,STA2285,AWS Batur Dieng,-7.20399,109.91158,2078.0,Kab. Banjarnegara,19.52,14.19,97.0,97.0,False,2.762,334.7,0.0,800.0812,19.030718516844928,0.0,0.0,0.0,0.0609999999999999,-0.6245000000000118,6,10.0,10.0,14.19,96.93333333333334,2.8646666666666665,3.371,,,,,,,
2026-09-07T11:20:00+07:00,2026-09-07T11:31:11.119496+07:00,valid,current,11.185324933333334,STA2285,AWS Batur Dieng,-7.20399,109.91158,2078.0,Kab. Banjarnegara,18.28,14.19,47.41,47.41,False,3.697,253.0,0.0,800.0148,6.9001441438353135,-1.4599999999999973,0.0,-49.59,1.379,-0.6074999999999591,6,10.0,10.0,14.19,88.66833333333334,3.0945,3.697,,,,,,,
2026-09-07T11:40:00+07:00,2026-09-07T11:46:03.439618+07:00,valid,current,6.0573269666666665,STA2285,AWS Batur Dieng,-7.20399,109.91158,2078.0,Kab. Banjarnegara,17.91,14.19,96.9,96.9,False,3.781,192.8,0.0,799.8099,17.410359951639297,-1.3299999999999983,0.0,-0.0999999999999943,0.9090000000000004,-0.5475999999999885,6,10.0,10.0,14.19,88.56833333333333,3.1175,3.781,,,,,,,
2026-09-07T11:50:00+07:00,2026-09-07T12:00:55.036937+07:00,valid,current,10.917282283333332,STA2285,AWS Batur Dieng,-7.20399,109.91158,2078.0,Kab. Banjarnegara,17.33,14.19,97.0,97.0,False,2.92,322.5,0.0,799.7086,16.848839143347703,-1.9600000000000009,0.0,0.0999999999999943,-0.0409999999999999,-0.5004999999999882,6,10.0,10.0,14.19,88.585,3.110666666666667,3.781,,,,,,,
2026-09-07T12:10:00+07:00,2026-09-07T12:16:03.503499+07:00,valid,current,6.05839165,STA2285,AWS Batur Dieng,-7.20399,109.91158,2078.0,Kab. Banjarnegara,17.89,14.19,8.29,8.29,False,1.875,258.1,0.0,799.4297,-16.475956312485035,-1.629999999999999,0.0,-88.71000000000001,-0.887,-0.6514999999999418,6,10.0,10.0,14.19,68.955,2.9966666666666666,3.781,,,,,,,
2026-09-07T12:20:00+07:00,2026-09-07T12:31:09.489253+07:00,valid,current,11.158154216666668,STA2285,AWS Batur Dieng,-7.20399,109.91158,2078.0,Kab. Banjarnegara,17.82,14.19,97.0,97.0,False,2.009,273.1,0.0,799.2967,17.337028089833257,-0.4600000000000008,0.0,49.59,-1.6880000000000002,-0.7181000000000495,6,10.0,10.0,14.19,77.22000000000001,2.7153333333333336,3.781,,,,,,,
2026-09-07T12:40:00+07:00,2026-09-07T12:46:22.078306+07:00,valid,current,6.367971766666667,STA2285,AWS Batur Dieng,-7.20399,109.91158,2078.0,Kab. Banjarnegara,18.23,14.19,97.0,97.0,False,3.118,221.1,0.0,798.9798,17.745510109226196,0.3200000000000003,0.0,0.0999999999999943,-0.6630000000000003,-0.8301000000000158,6,10.0,10.0,14.19,77.37,2.587333333333333,3.118,,,,,,,
2026-09-07T12:50:00+07:00,2026-09-07T13:01:04.659864+07:00,valid,current,11.0776644,STA2285,AWS Batur Dieng,-7.20399,109.91158,2078.0,Kab. Banjarnegara,18.18,14.19,97.0,97.0,False,2.174,230.2,0.0,798.9814,17.69569535609454,0.8500000000000014,0.0,0.0,-0.746,-0.7272000000000389,6,10.0,10.0,14.19,77.37,2.463,3.118,,,,,,,
2026-09-07T13:00:00+07:00,2026-09-07T13:04:44.313656+07:00,valid,current,4.738560933333333,STA2285,AWS Batur Dieng,-7.20399,109.91158,2078.0,Kab. Banjarnegara,18.1,14.19,96.9,96.9,False,2.364,255.4,0.0,798.9434,17.599632799659343,0.9400000000000012,0.0,28.97,-0.7430000000000003,-0.6553000000000111,6,10.0,10.0,14.19,82.19833333333332,2.339166666666667,3.118,,,,,,,
2026-09-07T13:10:00+07:00,2026-09-07T13:16:11.171366+07:00,valid,current,6.186189433333333,STA2285,AWS Batur Dieng,-7.20399,109.91158,2078.0,Kab. Banjarnegara,18.47,14.19,97.0,97.0,False,2.444,180.2,0.0,798.853,17.984620432102933,0.5799999999999983,0.0,88.71000000000001,0.569,-0.5767000000000735,6,10.0,10.0,14.19,96.98333333333332,2.434,3.118,,,,,,,
2026-09-07T13:20:00+07:00,2026-09-07T13:31:12.597140+07:00,valid,current,11.209952333333332,STA2285,AWS Batur Dieng,-7.20399,109.91158,2078.0,Kab. Banjarnegara,18.36,14.19,97.0,97.0,False,2.233,222.1,0.0,798.7862,17.875028301902397,0.5399999999999991,0.0,0.0,0.2240000000000002,-0.5104999999999791,6,10.0,10.0,14.19,96.98333333333332,2.4713333333333334,3.118,,,,,,,
2026-09-07T13:40:00+07:00,2026-09-07T13:46:04.951325+07:00,valid,current,6.082522083333333,STA2285,AWS Batur Dieng,-7.20399,109.91158,2078.0,Kab. Banjarnegara,18.5,14.19,56.09,56.09,False,2.331,146.9,0.0,798.5353,9.58155329189899,0.2699999999999996,0.0,-40.91,-0.7869999999999999,-0.4444999999999481,6,10.0,10.0,14.19,90.165,2.333833333333333,2.457,,,,,,,
2026-09-07T13:50:00+07:00,2026-09-07T14:01:09.994657+07:00,partial,current,11.166577616666666,STA2285,AWS Batur Dieng,-7.20399,109.91158,2078.0,Kab. Banjarnegara,18.74,14.19,,4.063,True,1.545,204.3,0.0,798.4718,,0.5599999999999987,0.0,,-0.629,-0.5095999999999776,6,10.0,10.0,14.19,88.798,2.229,2.457,,,,,,,
2026-09-07T14:20:00+07:00,2026-09-07T14:31:10.879720+07:00,partial,current,11.181328666666667,STA2285,AWS Batur Dieng,-7.20399,109.91158,2078.0,Kab. Banjarnegara,18.25,14.19,,0.0,True,1.657,222.0,0.0,798.2746,,-0.1099999999999994,0.0,,-0.5760000000000001,-0.511600000000044,6,10.0,10.0,14.19,76.545,1.9571666666666667,2.457,,,,,,,
2026-09-07T14:40:00+07:00,2026-09-07T14:46:08.365388+07:00,partial,current,6.139423133333334,STA2285,AWS Batur Dieng,-7.20399,109.91158,2078.0,Kab. Banjarnegara,18.73,14.19,,0.0,True,1.598,131.5,0.0,798.1359,,0.2300000000000004,0.0,,-0.7329999999999999,-0.3994000000000142,6,10.0,10.0,14.19,,1.840666666666667,2.491,,,,,,,
2026-09-07T14:50:00+07:00,2026-09-07T15:01:08.979293+07:00,partial,current,11.149654883333334,STA2285,AWS Batur Dieng,-7.20399,109.91158,2078.0,Kab. Banjarnegara,17.95,14.19,,0.0,True,2.164,134.7,0.0,798.128,,-0.7899999999999991,0.0,,0.6190000000000002,-0.3437999999999874,6,10.0,10.0,14.19,,1.9438333333333333,2.491,,,,,,,
2026-09-07T15:10:00+07:00,2026-09-07T15:16:11.005334+07:00,valid,current,6.183422233333333,STA2285,AWS Batur Dieng,-7.20399,109.91158,2078.0,Kab. Banjarnegara,17.08,14.19,96.9,96.9,False,1.424,177.1,0.0,798.0418,16.58353026954358,-1.9800000000000004,0.0,,-0.4360000000000001,-0.322400000000016,6,10.0,10.0,14.19,54.82,1.82,2.491,,,,,,,
2026-09-07T15:20:00+07:00,2026-09-07T15:31:07.231048+07:00,valid,current,11.120517466666666,STA2285,AWS Batur Dieng,-7.20399,109.91158,2078.0,Kab. Banjarnegara,16.71,14.19,96.9,96.9,False,1.319,228.6,0.0,798.0579,16.21494029839629,-1.5399999999999991,0.0,,-0.3380000000000001,-0.2166999999999461,6,10.0,10.0,14.19,68.84666666666668,1.7636666666666667,2.491,,,,,,,
2026-09-07T15:40:00+07:00,2026-09-07T15:46:12.363627+07:00,partial,current,6.20606045,STA2285,AWS Batur Dieng,-7.20399,109.91158,2078.0,Kab. Banjarnegara,17.01,14.19,,0.0,True,2.094,208.7,0.0,798.106,,-1.7199999999999989,0.0,,0.4959999999999998,-0.0298999999999978,6,10.0,10.0,14.19,57.27,1.7124999999999997,2.164,,,,,,,
2026-09-07T15:50:00+07:00,2026-09-07T16:01:47.561134+07:00,partial,current,11.792685566666668,STA2285,AWS Batur Dieng,-7.20399,109.91158,2078.0,Kab. Banjarnegara,16.68,14.19,,0.0,True,1.751,237.3,0.0,798.2199,,-1.2699999999999996,0.0,,-0.4130000000000002,0.0919000000000096,6,10.0,10.0,14.19,57.27,1.6436666666666664,2.094,,,,,,,
2026-09-07T16:10:00+07:00,2026-09-07T16:16:11.783854+07:00,valid,current,6.196397566666667,STA2285,AWS Batur Dieng,-7.20399,109.91158,2078.0,Kab. Banjarnegara,16.53,14.19,91.0,91.0,False,1.648,285.9,0.0,798.3727,15.055013306837653,-0.5499999999999972,0.0,-5.900000000000006,0.2239999999999999,0.3309000000000424,6,10.0,10.0,14.19,54.6875,1.6369999999999998,2.094,,,,,,,
2026-09-07T16:20:00+07:00,2026-09-07T16:31:11.721598+07:00,valid,current,11.195359966666668,STA2285,AWS Batur Dieng,-7.20399,109.91158,2078.0,Kab. Banjarnegara,16.63,14.19,19.1,19.1,False,0.718,170.3,0.0,798.3674,-7.052538317868049,-0.0800000000000018,0.0,-77.80000000000001,-0.601,0.3094999999999572,6,10.0,10.0,14.19,35.2375,1.5368333333333333,2.094,,,,,,,
2026-09-07T16:40:00+07:00,2026-09-07T16:46:21.741679+07:00,invalid,current,6.362361316666666,STA2285,AWS Batur Dieng,-7.20399,109.91158,2078.0,Kab. Banjarnegara,15.77,14.19,6.913,6.913,False,1.149,231.6,0.0,798.517,-20.20181002421659,-1.240000000000002,0.0,,-0.9449999999999998,0.4110000000000582,6,10.0,10.0,14.19,31.33075,1.3886666666666667,1.751,,,,,,,
2026-09-07T16:50:00+07:00,2026-09-07T17:01:06.319858+07:00,valid,current,11.105330966666664,STA2285,AWS Batur Dieng,-7.20399,109.91158,2078.0,Kab. Banjarnegara,15.54,14.19,97.0,97.0,False,0.946,298.0,0.0,798.5153,15.065426172893975,-1.1400000000000006,0.0,,-0.8049999999999999,0.2953999999999723,6,10.0,10.0,14.19,44.4646,1.2545,1.744,,,,,,,
2026-09-07T17:10:00+07:00,2026-09-07T17:16:12.305599+07:00,valid,current,6.205093316666666,STA2285,AWS Batur Dieng,-7.20399,109.91158,2078.0,Kab. Banjarnegara,15.34,14.19,97.0,97.0,False,1.113,239.1,0.0,798.5123,14.866159339379674,-1.1900000000000013,0.0,6.0,-0.5349999999999999,0.139599999999973,6,10.0,10.0,14.19,63.40260000000001,1.1344999999999998,1.744,,,,,,,
2026-09-07T17:20:00+07:00,2026-09-07T17:31:03.091198+07:00,valid,current,11.051519966666666,STA2285,AWS Batur Dieng,-7.20399,109.91158,2078.0,Kab. Banjarnegara,15.3,14.19,97.0,97.0,False,1.04,271.2,0.0,798.6007,14.826305904789145,-1.3299999999999983,0.0,77.9,0.322,0.2332999999999856,6,10.0,10.0,14.19,78.9826,1.1881666666666664,1.744,,,,,,,
2026-09-07T17:40:00+07:00,2026-09-07T17:46:06.833819+07:00,valid,current,6.113896983333333,STA2285,AWS Batur Dieng,-7.20399,109.91158,2078.0,Kab. Banjarnegara,15.17,14.19,97.0,97.0,False,1.087,266.4,0.0,798.6952,14.69678208608642,-0.5999999999999996,0.0,90.087,-0.062,0.178199999999947,6,10.0,10.0,14.19,97.0,0.979,1.137,,,,,,,
2026-09-07T17:50:00+07:00,2026-09-07T18:01:13.984998+07:00,valid,current,11.2330833,STA2285,AWS Batur Dieng,-7.20399,109.91158,2078.0,Kab. Banjarnegara,14.85,14.19,97.0,97.0,False,0.37,213.2,0.0,798.8037,14.377953206343038,-0.6899999999999995,0.0,0.0,-0.576,0.2884000000000242,6,10.0,10.0,14.19,97.0,0.883,1.137,,,,,,,
2026-09-07T18:10:00+07:00,2026-09-07T18:16:04.962564+07:00,valid,current,6.0827094,STA2285,AWS Batur Dieng,-7.20399,109.91158,2078.0,Kab. Banjarnegara,15.4,14.19,97.0,97.0,False,1.446,145.5,0.0,798.8351,14.925939448835637,0.0600000000000005,0.0,0.0,0.3329999999999999,0.3228000000000293,6,10.0,10.0,14.19,97.0,1.0358333333333334,1.721,,,,,,,
2026-09-07T18:20:00+07:00,2026-09-07T18:31:02.863837+07:00,valid,current,11.047730616666666,STA2285,AWS Batur Dieng,-7.20399,109.91158,2078.0,Kab. Banjarnegara,15.55,14.19,97.0,97.0,False,2.017,107.0,0.0,798.9467,15.075389499719291,0.25,0.0,0.0,0.977,0.3460000000000036,6,10.0,10.0,14.19,97.0,1.1986666666666668,2.017,,,,,,,
2026-09-07T18:40:00+07:00,2026-09-07T18:46:11.971823+07:00,partial,current,6.199530383333333,STA2285,AWS Batur Dieng,-7.20399,109.91158,2078.0,Kab. Banjarnegara,14.69,14.19,,0.0,True,0.124,113.5,0.0,799.0014,,-0.4800000000000004,0.0,,-0.963,0.3061999999999898,6,10.0,10.0,14.19,83.17,1.0811666666666666,2.017,,,,,,,
2026-09-07T18:50:00+07:00,2026-09-07T19:01:04.061440+07:00,partial,current,11.067690666666666,STA2285,AWS Batur Dieng,-7.20399,109.91158,2078.0,Kab. Banjarnegara,14.87,14.19,,0.527,True,0.394,143.3,0.0,799.1118,,0.0199999999999995,0.0,,0.024,0.3080999999999676,6,10.0,10.0,14.19,79.7125,1.0851666666666666,2.017,,,,,,,
2026-09-07T19:10:00+07:00,2026-09-07T19:21:52.678630+07:00,valid,current,11.877977166666666,STA2285,AWS Batur Dieng,-7.20399,109.91158,2078.0,Kab. Banjarnegara,15.01,14.19,20.02,20.02,False,0.38,206.2,0.0,799.4282,-7.785032700489807,-0.3900000000000005,0.0,-76.98,-1.0659999999999998,0.5930999999999358,6,10.0,10.0,14.19,50.245,0.7601666666666667,2.017,,,,,,,
2026-09-07T19:20:00+07:00,2026-09-07T19:31:17.747638+07:00,partial,current,11.295793966666668,STA2285,AWS Batur Dieng,-7.20399,109.91158,2078.0,Kab. Banjarnegara,15.05,14.19,,0.0,True,0.418,271.2,0.0,799.488,,-0.5,0.0,,-1.599,0.541300000000092,6,10.0,10.0,14.19,34.660000000000004,0.4936666666666666,0.837,,,,,,,
2026-09-07T19:40:00+07:00,2026-09-07T19:46:14.166310+07:00,partial,current,6.2361051666666665,STA2285,AWS Batur Dieng,-7.20399,109.91158,2078.0,Kab. Banjarnegara,14.22,14.0,,0.0,True,0.0,313.8,0.0,799.5763,,-0.4699999999999988,-0.1899999999999995,,-0.124,0.5748999999999569,6,10.0,10.0,14.0,38.065,0.3506666666666667,0.837,,,,,,,
2026-09-07T19:50:00+07:00,2026-09-07T20:01:04.992136+07:00,valid,current,11.083202266666666,STA2285,AWS Batur Dieng,-7.20399,109.91158,2078.0,Kab. Banjarnegara,14.01,13.81,51.89,51.89,False,0.024,307.2,0.0,799.6636,4.273743506317244,-0.8599999999999994,-0.379999999999999,,-0.37,0.5517999999999574,6,10.0,10.0,13.81,42.673333333333325,0.289,0.837,,,,,,,
2026-09-07T20:10:00+07:00,2026-09-07T20:16:06.411874+07:00,valid,current,6.106864566666667,STA2285,AWS Batur Dieng,-7.20399,109.91158,2078.0,Kab. Banjarnegara,13.62,13.5,97.0,97.0,False,0.059,248.6,0.0,799.9337,13.152441217518954,-1.3900000000000006,-0.6899999999999995,76.98,-0.321,0.5055000000000973,6,10.0,10.0,13.5,81.96333333333332,0.1475,0.418,,,,,,,
2026-09-07T20:20:00+07:00,2026-09-07T20:31:13.979987+07:00,valid,current,11.232999783333334,STA2285,AWS Batur Dieng,-7.20399,109.91158,2078.0,Kab. Banjarnegara,14.2,13.5,97.0,97.0,False,0.358,283.6,0.0,800.047,13.73032758563796,-0.8500000000000014,-0.6899999999999995,,-0.06,0.5589999999999691,6,10.0,10.0,13.5,85.7225,0.1374999999999999,0.358,,,,,,,
2026-09-07T20:40:00+07:00,2026-09-07T20:46:08.202980+07:00,partial,current,6.136716333333334,STA2285,AWS Batur Dieng,-7.20399,109.91158,2078.0,Kab. Banjarnegara,14.39,13.5,,0.0,True,0.23,264.1,0.0,800.1294,,0.1699999999999999,-0.5,,0.23,0.5531000000000859,6,10.0,10.0,13.5,86.758,0.239,0.454,,,,,,,
2026-09-07T20:50:00+07:00,2026-09-07T21:01:02.915426+07:00,partial,current,11.048590433333334,STA2285,AWS Batur Dieng,-7.20399,109.91158,2078.0,Kab. Banjarnegara,14.06,13.5,,0.0,True,0.169,299.8,0.0,800.1654,,0.0500000000000007,-0.3100000000000005,,0.145,0.5018000000000029,6,10.0,10.0,13.5,95.475,0.2631666666666666,0.454,,,,,,,
2026-09-07T21:10:00+07:00,2026-09-07T21:16:15.828906+07:00,partial,current,6.2638151,STA2285,AWS Batur Dieng,-7.20399,109.91158,2078.0,Kab. Banjarnegara,14.28,13.5,,0.0,True,0.073,265.5,0.0,800.3549,,0.6600000000000001,0.0,,0.0139999999999999,0.4211999999999989,6,10.0,10.0,13.5,93.95,0.2283333333333333,0.454,,,,,,,
2026-09-07T21:20:00+07:00,2026-09-07T21:31:46.241574+07:00,partial,current,11.7706929,STA2285,AWS Batur Dieng,-7.20399,109.91158,2078.0,Kab. Banjarnegara,14.76,13.5,,0.0,True,1.358,306.6,0.0,800.2764,,0.5600000000000005,0.0,,1.0,0.2293999999999414,6,10.0,10.0,13.5,90.9,0.395,1.358,,,,,,,
2026-09-07T21:40:00+07:00,2026-09-07T21:46:02.724377+07:00,valid,current,6.0454062833333335,STA2285,AWS Batur Dieng,-7.20399,109.91158,2078.0,Kab. Banjarnegara,15.03,13.5,97.0,97.0,False,1.562,311.5,0.0,800.3304,14.55729462940526,0.6399999999999988,0.0,,1.332,0.2010000000000218,6,10.0,10.0,13.5,60.91,0.848,1.84,,,,,,,
2026-09-07T21:50:00+07:00,2026-09-07T22:01:15.984056+07:00,valid,current,11.266400933333331,STA2285,AWS Batur Dieng,-7.20399,109.91158,2078.0,Kab. Banjarnegara,14.98,13.5,97.0,97.0,False,1.235,328.7,0.0,800.2991,14.507477613409574,0.92,0.0,,1.066,0.1336999999999761,6,10.0,10.0,13.5,72.94,1.0256666666666667,1.84,,,,,,,
2026-09-07T22:10:00+07:00,2026-09-07T22:16:02.382118+07:00,valid,current,6.039701966666667,STA2285,AWS Batur Dieng,-7.20399,109.91158,2078.0,Kab. Banjarnegara,15.09,13.5,97.0,97.0,False,1.761,330.6,0.0,800.2522,14.61707500192695,0.8100000000000005,0.0,,1.688,-0.1027000000000271,6,10.0,10.0,13.5,82.564,1.6403333333333334,2.086,,,,,,,
2026-09-07T22:20:00+07:00,2026-09-07T22:31:08.513368+07:00,valid,current,11.141889466666669,STA2285,AWS Batur Dieng,-7.20399,109.91158,2078.0,Kab. Banjarnegara,15.01,13.5,97.0,97.0,False,1.492,313.4,0.0,800.1662,14.537367827249998,0.25,0.0,,0.1339999999999999,-0.1101999999999634,6,10.0,10.0,13.5,84.97,1.6626666666666663,2.086,,,,,,,
2026-09-07T22:40:00+07:00,2026-09-07T22:46:20.635465+07:00,valid,current,6.343924416666667,STA2285,AWS Batur Dieng,-7.20399,109.91158,2078.0,Kab. Banjarnegara,14.6,13.5,97.0,97.0,False,1.264,315.7,0.0,800.0454,14.128867136324727,-0.4299999999999997,0.0,0.0,-0.298,-0.2850000000000818,6,10.0,10.0,13.5,97.0,1.493,2.086,,,,,,,
2026-09-07T23:10:00+07:00,2026-09-07T23:16:03.308662+07:00,valid,current,6.055144366666667,STA2285,AWS Batur Dieng,-7.20399,109.91158,2078.0,Kab. Banjarnegara,14.4,13.5,97.0,97.0,False,1.211,317.8,0.0,800.0465,13.929597643852633,-0.6899999999999995,0.0,0.0,-0.5499999999999998,-0.2056999999999789,6,10.0,10.0,13.5,97.0,1.3281666666666667,1.617,,,,,,,
2026-09-07T23:20:00+07:00,2026-09-07T23:31:05.805077+07:00,valid,current,11.096751283333331,STA2285,AWS Batur Dieng,-7.20399,109.91158,2078.0,Kab. Banjarnegara,14.31,13.5,97.0,97.0,False,1.065,305.3,0.0,800.0454,13.839926187666816,-0.6999999999999993,0.0,0.0,-0.427,-0.1208000000000311,6,10.0,10.0,13.5,97.0,1.257,1.617,,,,,,,
2026-09-07T23:50:00+07:00,2026-09-08T00:01:12.688255+07:00,valid,current,11.211470916666666,STA2285,AWS Batur Dieng,-7.20399,109.91158,2078.0,Kab. Banjarnegara,14.52,13.5,97.0,97.0,False,1.103,313.6,0.0,799.7916,14.049159407224842,-0.1500000000000003,0.0,0.0,-0.1619999999999999,-0.2541999999999689,6,10.0,10.0,13.5,97.0,1.1856666666666666,1.617,,,,,,,
2026-09-08T00:10:00+07:00,2026-09-08T00:16:13.031909+07:00,valid,current,6.217198483333333,STA2285,AWS Batur Dieng,-7.20399,109.91158,2078.0,Kab. Banjarnegara,14.34,13.5,97.0,97.0,False,1.083,318.6,0.0,799.5727,13.869816685791308,-0.0600000000000005,0.0,0.0,-0.1280000000000001,-0.4737999999999829,6,10.0,10.0,13.5,96.98333333333332,0.9865,1.333,,,,,,,
2026-09-08T00:20:00+07:00,2026-09-08T00:31:06.788195+07:00,valid,current,11.113136583333333,STA2285,AWS Batur Dieng,-7.20399,109.91158,2078.0,Kab. Banjarnegara,14.41,13.5,97.0,97.0,False,1.002,319.5,0.0,799.478,13.9395611319126,0.0999999999999996,0.0,0.0,-0.0629999999999999,-0.5674000000000206,6,10.0,10.0,13.5,96.98333333333332,0.976,1.333,,,,,,,
2026-09-08T00:40:00+07:00,2026-09-08T00:46:09.737044+07:00,valid,current,6.162284066666667,STA2285,AWS Batur Dieng,-7.20399,109.91158,2078.0,Kab. Banjarnegara,14.21,13.5,97.0,97.0,False,1.496,305.8,0.0,799.3062,13.74029110198512,-0.3099999999999987,0.0,0.0,0.711,-0.5755000000000337,6,10.0,10.0,13.5,96.98333333333332,1.0753333333333333,1.496,,,,,,,
2026-09-08T00:50:00+07:00,2026-09-08T01:01:07.207575+07:00,valid,current,11.12012625,STA2285,AWS Batur Dieng,-7.20399,109.91158,2078.0,Kab. Banjarnegara,14.29,13.5,97.0,97.0,False,1.952,327.7,0.0,799.1589,13.819999181845358,-0.2300000000000004,0.0,0.0,0.849,-0.6326999999999998,6,10.0,10.0,13.5,96.98333333333332,1.2168333333333334,1.952,,,,,,,
2026-09-08T01:10:00+07:00,2026-09-08T01:16:04.327962+07:00,valid,current,6.0721327,STA2285,AWS Batur Dieng,-7.20399,109.91158,2078.0,Kab. Banjarnegara,14.29,13.5,97.0,97.0,False,1.182,324.8,0.0,798.9484,13.819999181845358,-0.0500000000000007,0.0,0.0,0.0989999999999999,-0.624300000000062,6,10.0,10.0,13.5,97.0,1.442,1.952,,,,,,,
2026-09-08T01:20:00+07:00,2026-09-08T01:31:11.782873+07:00,valid,current,11.196381216666667,STA2285,AWS Batur Dieng,-7.20399,109.91158,2078.0,Kab. Banjarnegara,14.15,13.5,97.0,97.0,False,1.283,321.0,0.0,798.8597,13.68050998268674,-0.2599999999999998,0.0,0.0,0.2809999999999999,-0.6182999999999765,6,10.0,10.0,13.5,97.0,1.4888333333333332,1.952,,,,,,,
2026-09-08T01:50:00+07:00,2026-09-08T02:01:02.754594+07:00,valid,current,11.0459099,STA2285,AWS Batur Dieng,-7.20399,109.91158,2078.0,Kab. Banjarnegara,13.87,13.5,97.0,97.0,False,1.305,320.0,0.0,798.6358,13.401530752722666,-0.4199999999999999,0.0,0.0,-0.647,-0.5230999999999995,6,10.0,10.0,13.5,97.0,1.3435,1.802,,,,,,,
2026-09-08T02:10:00+07:00,2026-09-08T02:16:03.685649+07:00,valid,current,6.0614274833333335,STA2285,AWS Batur Dieng,-7.20399,109.91158,2078.0,Kab. Banjarnegara,13.6,13.4,97.0,97.0,False,0.687,299.1,0.0,798.5,13.132514016514458,-0.6899999999999995,-0.0999999999999996,0.0,-0.4949999999999999,-0.4483999999999923,6,10.0,10.0,13.4,97.0,1.1296666666666668,1.528,,,,,,,
2026-09-08T02:20:00+07:00,2026-09-08T02:31:07.723290+07:00,valid,current,11.1287215,STA2285,AWS Batur Dieng,-7.20399,109.91158,2078.0,Kab. Banjarnegara,13.74,13.4,97.0,97.0,False,1.26,298.5,0.0,798.4996,13.272004304738076,-0.4100000000000001,-0.0999999999999996,0.0,-0.0229999999999999,-0.3600999999999885,6,10.0,10.0,13.4,97.0,1.1258333333333332,1.528,,,,,,,
2026-09-08T02:40:00+07:00,2026-09-08T02:46:16.260037+07:00,valid,current,6.271000616666667,STA2285,AWS Batur Dieng,-7.20399,109.91158,2078.0,Kab. Banjarnegara,13.66,13.4,97.0,97.0,False,1.044,316.6,0.0,798.5001,13.19229560255538,-0.3100000000000005,-0.0999999999999996,0.0,-0.484,-0.1521999999999934,6,10.0,10.0,13.4,97.0,1.0623333333333334,1.305,,,,,,,
2026-09-08T02:50:00+07:00,2026-09-08T03:01:02.714460+07:00,valid,current,11.045241,STA2285,AWS Batur Dieng,-7.20399,109.91158,2078.0,Kab. Banjarnegara,13.46,13.35,97.0,97.0,False,0.42,320.8,0.0,798.4997,12.99302345107226,-0.4099999999999983,-0.1500000000000003,0.0,-0.885,-0.1361000000000558,6,10.0,10.0,13.35,97.0,0.9148333333333336,1.26,,,,,,,
2026-09-08T03:10:00+07:00,2026-09-08T03:16:13.053354+07:00,valid,current,6.2175559,STA2285,AWS Batur Dieng,-7.20399,109.91158,2078.0,Kab. Banjarnegara,12.89,12.75,97.0,97.0,False,0.797,304.5,0.0,798.4997,12.425094715469935,-0.7099999999999991,-0.6500000000000004,0.0,0.1099999999999999,-0.0003000000000383,6,10.0,10.0,12.75,97.0,0.9135,1.26,,,,,,,
2026-09-08T03:20:00+07:00,2026-09-08T03:31:07.697147+07:00,valid,current,11.128285783333332,STA2285,AWS Batur Dieng,-7.20399,109.91158,2078.0,Kab. Banjarnegara,12.79,12.68,43.47,43.47,False,0.797,296.0,0.0,798.5006,0.664362551299691,-0.9500000000000012,-0.7200000000000006,-53.53,-0.4629999999999999,0.0009999999999763,6,10.0,10.0,12.68,88.07833333333333,0.8363333333333333,1.064,,,,,,,
2026-09-08T03:40:00+07:00,2026-09-08T03:49:20.461223+07:00,valid,current,9.341020383333332,STA2285,AWS Batur Dieng,-7.20399,109.91158,2078.0,Kab. Banjarnegara,13.08,12.68,50.58,50.58,False,1.25,327.9,0.0,798.4982,3.0507076078149136,-0.5800000000000001,-0.7200000000000006,-46.42,0.2059999999999999,-0.0018999999999778,6,10.0,10.0,12.68,77.01,0.8403333333333333,1.25,,,,,,,
2026-09-08T03:50:00+07:00,2026-09-08T04:00:57.557075+07:00,valid,current,10.959284583333334,STA2285,AWS Batur Dieng,-7.20399,109.91158,2078.0,Kab. Banjarnegara,13.15,12.68,96.9,96.9,False,0.646,319.8,0.0,798.4991,12.668404793931275,-0.3100000000000005,-0.6699999999999999,-0.0999999999999943,0.226,-0.000599999999963,6,10.0,10.0,12.68,76.99000000000001,0.878,1.25,,,,,,,
2026-09-08T04:10:00+07:00,2026-09-08T04:16:06.602991+07:00,valid,current,6.110049849999999,STA2285,AWS Batur Dieng,-7.20399,109.91158,2078.0,Kab. Banjarnegara,13.16,12.68,97.0,97.0,False,1.086,316.6,0.0,798.4983,12.694114163058286,0.2699999999999996,-0.0700000000000002,0.0,0.289,-0.0013999999999896,6,10.0,10.0,12.68,76.99,0.9730000000000002,1.25,,,,,,,
2026-09-08T04:20:00+07:00,2026-09-08T04:31:13.016288+07:00,valid,current,11.216938133333334,STA2285,AWS Batur Dieng,-7.20399,109.91158,2078.0,Kab. Banjarnegara,12.98,12.68,97.0,97.0,False,0.343,290.0,0.0,798.4987,12.514767979232316,0.1900000000000012,0.0,53.53,-0.454,-0.0018999999999778,6,10.0,10.0,12.68,87.696,0.8973333333333334,1.25,,,,,,,
2026-09-08T04:30:00+07:00,2026-09-08T04:46:14.985284+07:00,valid,current,16.249754733333333,STA2285,AWS Batur Dieng,-7.20399,109.91158,2078.0,Kab. Banjarnegara,12.92,12.68,97.0,97.0,False,0.456,295.6,0.0,798.5873,12.454985816120336,-0.0999999999999996,0.0,,-0.426,0.0885000000000673,6,10.0,10.0,12.68,89.24666666666667,0.8263333333333334,1.25,,,,,,,
2026-09-08T04:50:00+07:00,2026-09-08T05:01:06.655950+07:00,valid,current,11.1109325,STA2285,AWS Batur Dieng,-7.20399,109.91158,2078.0,Kab. Banjarnegara,13.16,12.68,96.9,96.9,False,0.404,290.6,0.0,798.817,12.678367231816448,0.0099999999999997,0.0,0.0,-0.242,0.3179000000000087,6,10.0,10.0,12.68,96.98333333333332,0.6986666666666667,1.177,,,,,,,
2026-09-08T05:10:00+07:00,2026-09-08T05:16:14.660984+07:00,valid,current,6.244349733333333,STA2285,AWS Batur Dieng,-7.20399,109.91158,2078.0,Kab. Banjarnegara,13.35,12.68,97.0,97.0,False,0.632,274.8,0.0,798.9438,12.883423526604105,0.1899999999999995,0.0,0.0,-0.454,0.4455000000000382,6,10.0,10.0,12.68,96.96666666666664,0.579,0.913,,,,,,,
2026-09-08T05:20:00+07:00,2026-09-08T05:31:11.547990+07:00,valid,current,11.1924665,STA2285,AWS Batur Dieng,-7.20399,109.91158,2078.0,Kab. Banjarnegara,13.41,12.68,97.0,97.0,False,0.26,280.1,0.0,799.039,12.94320532480253,0.4299999999999997,0.0,0.0,-0.083,0.540300000000002,6,10.0,10.0,12.68,96.96666666666664,0.5651666666666667,0.913,,,,,,,
2026-09-08T05:40:00+07:00,2026-09-08T05:46:06.602488+07:00,valid,current,6.110041466666667,STA2285,AWS Batur Dieng,-7.20399,109.91158,2078.0,Kab. Banjarnegara,13.51,12.68,97.0,97.0,False,0.131,279.2,0.0,799.1566,13.042841541982371,0.5700000000000003,0.0,0.0,-0.595,0.4352999999999838,6,10.0,10.0,12.68,96.96666666666664,0.4250000000000001,0.913,,,,,,,
2026-09-08T05:50:00+07:00,2026-09-08T06:03:31.853813+07:00,valid,current,13.530896883333332,STA2285,AWS Batur Dieng,-7.20399,109.91158,2078.0,Kab. Banjarnegara,13.56,12.68,97.0,97.0,False,0.137,299.5,0.0,799.3277,13.092659597532908,0.4000000000000003,0.0,0.0999999999999943,-0.267,0.5107000000000426,6,10.0,10.0,12.68,96.98333333333332,0.3805,0.913,,,,,,,
2026-09-08T06:10:00+07:00,2026-09-08T06:16:13.148844+07:00,valid,current,6.2191474,STA2285,AWS Batur Dieng,-7.20399,109.91158,2078.0,Kab. Banjarnegara,13.61,12.68,97.0,97.0,False,0.054,290.3,0.0,799.5721,13.142477617723896,0.2599999999999998,0.0,0.0,-0.578,0.6282999999999674,6,10.0,10.0,12.68,97.0,0.132,0.26,,,,,,,
2026-09-08T06:20:00+07:00,2026-09-08T06:30:59.105557+07:00,valid,current,10.985092616666666,STA2285,AWS Batur Dieng,-7.20399,109.91158,2078.0,Kab. Banjarnegara,13.68,12.68,97.0,97.0,False,0.0,290.3,0.0,799.5718,13.21222278658732,0.2699999999999996,0.0,0.0,-0.26,0.5328000000000657,6,10.0,10.0,12.68,97.0,0.0886666666666666,0.21,,,,,,,
2026-09-08T06:40:00+07:00,2026-09-08T06:46:06.824114+07:00,valid,current,6.113735233333333,STA2285,AWS Batur Dieng,-7.20399,109.91158,2078.0,Kab. Banjarnegara,14.03,12.68,97.0,97.0,False,0.0,234.3,0.0,799.7336,13.5609475913386,0.5199999999999996,0.0,0.0,-0.131,0.5769999999999982,6,10.0,10.0,12.68,97.0,0.0623333333333333,0.183,,,,,,,
2026-09-08T06:50:00+07:00,2026-09-08T07:01:05.109529+07:00,valid,current,11.085158816666668,STA2285,AWS Batur Dieng,-7.20399,109.91158,2078.0,Kab. Banjarnegara,14.16,12.68,97.0,97.0,False,0.161,243.6,0.0,799.872,13.690473506105707,0.5999999999999996,0.0,0.0,0.0239999999999999,0.5442999999999074,6,10.0,10.0,12.68,97.0,0.0796,0.183,,,,,,,
2026-09-08T07:10:00+07:00,2026-09-08T07:16:02.488991+07:00,valid,current,6.041483183333333,STA2285,AWS Batur Dieng,-7.20399,109.91158,2078.0,Kab. Banjarnegara,14.48,14.26,97.0,97.0,False,0.062,231.2,0.0,800.133,14.009305508730446,0.870000000000001,1.58,0.0,0.008,0.5609000000000606,6,10.0,10.0,12.68,97.0,0.0785,0.183,,,,,,,
2026-09-08T07:20:00+07:00,2026-09-08T07:31:09.990477+07:00,valid,current,11.166507950000002,STA2285,AWS Batur Dieng,-7.20399,109.91158,2078.0,Kab. Banjarnegara,14.72,14.26,97.0,97.0,False,0.26,318.4,0.0,800.2107,14.24842856025256,1.040000000000001,1.58,0.0,0.26,0.6388999999999214,6,10.0,10.0,12.68,97.0,0.1218333333333333,0.26,,,,,,,
2026-09-08T07:40:00+07:00,2026-09-08T07:46:11.841954+07:00,valid,current,6.197365899999999,STA2285,AWS Batur Dieng,-7.20399,109.91158,2078.0,Kab. Banjarnegara,15.3,14.26,97.0,97.0,False,0.09,277.9,0.0,800.3811,14.826305904789145,1.2700000000000014,1.58,0.0,0.09,0.6474999999999227,6,10.0,10.0,12.68,96.98333333333332,0.1366666666666666,0.26,,,,,,,
2026-09-08T08:00:00+07:00,2026-09-08T08:08:31.059235+07:00,valid,current,8.517653916666667,STA2285,AWS Batur Dieng,-7.20399,109.91158,2078.0,Kab. Banjarnegara,16.32,14.26,97.0,97.0,False,0.29,299.3,0.0,800.5386,15.84256141808299,2.1,1.58,0.0,0.2249999999999999,0.4868000000000165,6,10.0,10.0,14.26,96.98333333333332,0.1678333333333333,0.29,,,,,,,
2026-09-08T08:20:00+07:00,2026-09-08T08:31:11.343805+07:00,valid,current,11.189063416666666,STA2285,AWS Batur Dieng,-7.20399,109.91158,2078.0,Kab. Banjarnegara,17.18,14.26,97.0,97.0,False,1.33,174.0,0.0,800.7024,16.699392868637695,2.459999999999999,0.0,0.0,1.07,0.4917000000000371,6,10.0,10.0,14.26,96.98333333333332,0.3518333333333334,1.33,,,,,,,
2026-09-08T08:40:00+07:00,2026-09-08T08:46:09.586832+07:00,valid,current,6.1597805333333335,STA2285,AWS Batur Dieng,-7.20399,109.91158,2078.0,Kab. Banjarnegara,17.52,14.26,97.0,97.0,False,0.93,314.3,0.0,800.7152,17.038137301171897,2.219999999999999,0.0,0.0,0.8400000000000001,0.3341000000000349,6,10.0,10.0,14.26,97.0,0.7879999999999999,1.959,,,,,,,
2026-09-08T08:50:00+07:00,2026-09-08T09:01:22.958688+07:00,valid,current,11.3826448,STA2285,AWS Batur Dieng,-7.20399,109.91158,2078.0,Kab. Banjarnegara,17.44,14.26,97.0,97.0,False,1.546,299.1,0.0,800.7138,16.95843287589464,1.5800000000000018,0.0,0.0,1.423,0.204499999999939,6,10.0,10.0,14.26,97.0,1.0251666666666668,1.959,,,,,,,
2026-09-08T09:10:00+07:00,2026-09-08T09:16:04.789786+07:00,valid,current,6.079829766666666,STA2285,AWS Batur Dieng,-7.20399,109.91158,2078.0,Kab. Banjarnegara,18.23,14.26,97.0,97.0,False,1.955,304.5,0.0,800.7149,17.745510109226196,0.8200000000000003,0.0,0.0,1.859,0.1720999999998866,6,10.0,10.0,14.26,97.0,1.642,2.132,,,,,,,
2026-09-08T09:20:00+07:00,2026-09-08T09:31:06.769118+07:00,valid,current,11.112818633333337,STA2285,AWS Batur Dieng,-7.20399,109.91158,2078.0,Kab. Banjarnegara,18.12,14.26,72.08,72.08,False,2.067,317.3,0.0,800.7148,13.00914849420504,0.9400000000000012,0.0,-24.92,0.7370000000000001,0.0123999999999568,6,10.0,10.0,14.26,92.84666666666668,1.7648333333333337,2.132,,,,,,,
2026-09-08T09:40:00+07:00,2026-09-08T09:46:13.940242+07:00,valid,current,6.232337366666667,STA2285,AWS Batur Dieng,-7.20399,109.91158,2078.0,Kab. Banjarnegara,18.48,14.26,13.63,13.63,False,1.832,313.3,0.0,800.7186,-9.887609410134958,0.9600000000000009,0.0,-83.37,0.902,0.003400000000056,6,10.0,10.0,14.26,75.342,1.903,2.132,,,,,,,
2026-09-08T09:50:00+07:00,2026-09-08T10:01:02.997189+07:00,partial,current,11.04995315,STA2285,AWS Batur Dieng,-7.20399,109.91158,2078.0,Kab. Banjarnegara,18.54,14.26,,0.0,True,0.759,285.5,0.0,800.7174,,1.099999999999998,0.0,,-0.787,0.0036000000000058,6,10.0,10.0,14.26,69.9275,1.7718333333333334,2.132,,,,,,,
2026-09-08T10:10:00+07:00,2026-09-08T10:16:05.717561+07:00,valid,current,6.095292683333333,STA2285,AWS Batur Dieng,-7.20399,109.91158,2078.0,Kab. Banjarnegara,18.09,14.26,45.52,45.52,False,1.323,240.3,0.0,800.7202,6.13527167973723,-0.1400000000000005,0.0,-51.48,-0.6320000000000001,0.0053000000000338,6,10.0,10.0,14.26,43.74333333333333,1.5963333333333336,2.067,,,,,,,
2026-09-08T10:20:00+07:00,2026-09-08T10:31:12.343372+07:00,valid,current,11.205722866666669,STA2285,AWS Batur Dieng,-7.20399,109.91158,2078.0,Kab. Banjarnegara,17.72,14.26,97.0,97.0,False,0.905,233.0,0.0,800.7191,17.237397968371884,-0.4000000000000021,0.0,24.92,-1.162,0.0043000000000574,6,10.0,10.0,14.26,52.05,1.4026666666666667,1.886,,,,,,,
2026-09-08T10:40:00+07:00,2026-09-08T10:46:04.072987+07:00,valid,current,6.067883116666667,STA2285,AWS Batur Dieng,-7.20399,109.91158,2078.0,Kab. Banjarnegara,18.03,14.26,97.0,97.0,False,1.636,249.0,0.0,800.5341,17.546250884563023,-0.4499999999999993,0.0,83.37,-0.1960000000000001,-0.1845000000000709,6,10.0,10.0,14.26,84.105,1.343,1.724,,,,,,,
2026-09-08T10:50:00+07:00,2026-09-08T11:01:23.815759+07:00,valid,current,11.396929316666666,STA2285,AWS Batur Dieng,-7.20399,109.91158,2078.0,Kab. Banjarnegara,17.82,14.26,97.0,97.0,False,0.918,244.4,0.0,800.3617,17.337028089833257,-0.7199999999999989,0.0,,0.159,-0.3556999999999561,6,10.0,10.0,14.26,86.684,1.3695000000000002,1.724,,,,,,,
2026-09-08T11:10:00+07:00,2026-09-08T11:16:04.255928+07:00,valid,current,6.070932133333333,STA2285,AWS Batur Dieng,-7.20399,109.91158,2078.0,Kab. Banjarnegara,17.66,14.26,97.0,97.0,False,1.665,288.5,0.0,800.0847,17.177619827610766,-0.4299999999999997,0.0,51.48,0.3420000000000001,-0.6354999999999791,6,10.0,10.0,14.26,96.98333333333332,1.4720000000000002,1.984,,,,,,,
2026-09-08T11:20:00+07:00,2026-09-08T11:31:19.934331+07:00,valid,current,11.33223885,STA2285,AWS Batur Dieng,-7.20399,109.91158,2078.0,Kab. Banjarnegara,18.25,14.26,97.0,97.0,False,1.072,245.7,0.0,800.0841,17.765436000579168,0.5300000000000011,0.0,0.0,0.167,-0.6349999999999909,6,10.0,10.0,14.26,96.98333333333332,1.4998333333333331,1.984,,,,,,,
2026-09-08T11:40:00+07:00,2026-09-08T11:46:15.810257+07:00,partial,current,6.263504283333333,STA2285,AWS Batur Dieng,-7.20399,109.91158,2078.0,Kab. Banjarnegara,18.58,14.26,,0.0,True,2.667,283.4,0.0,799.912,,0.5499999999999972,0.0,,1.031,-0.6220999999999322,6,10.0,10.0,14.26,90.61,1.6621666666666666,2.667,,,,,,,
2026-09-08T11:50:00+07:00,2026-09-08T12:01:10.962588+07:00,partial,current,11.1827098,STA2285,AWS Batur Dieng,-7.20399,109.91158,2078.0,Kab. Banjarnegara,18.31,14.26,,0.0,True,1.739,283.8,0.0,799.8888,,0.4899999999999984,0.0,,0.8210000000000001,-0.4729000000000951,6,10.0,10.0,14.26,89.0125,1.7990000000000002,2.667,,,,,,,
2026-09-08T12:10:00+07:00,2026-09-08T12:16:16.033328+07:00,valid,current,6.267222133333333,STA2285,AWS Batur Dieng,-7.20399,109.91158,2078.0,Kab. Banjarnegara,17.71,14.26,7.251,7.251,False,1.836,224.5,0.0,799.667,-18.20317532652105,0.0500000000000007,0.0,-89.749,0.171,-0.417699999999968,6,10.0,10.0,14.26,56.433666666666674,1.776166666666667,2.667,,,,,,,
2026-09-08T12:20:00+07:00,2026-09-08T12:31:11.984845+07:00,valid,current,11.199747416666666,STA2285,AWS Batur Dieng,-7.20399,109.91158,2078.0,Kab. Banjarnegara,17.55,14.26,94.6,94.6,False,2.982,260.8,0.0,799.6111,16.672924751246885,-0.6999999999999993,0.0,-2.4000000000000057,1.91,-0.47300000000007,6,10.0,10.0,14.26,55.63366666666667,2.0945,2.982,,,,,,,
2026-09-08T12:40:00+07:00,2026-09-08T12:46:00.403688+07:00,valid,current,6.0067281333333336,STA2285,AWS Batur Dieng,-7.20399,109.91158,2078.0,Kab. Banjarnegara,17.32,14.26,97.0,97.0,False,1.417,189.5,0.0,799.5346,16.838876068266927,-1.259999999999998,0.0,,-1.2499999999999998,-0.3774000000000796,6,10.0,10.0,14.26,73.93775,1.8316666666666668,2.982,,,,,,,
2026-09-08T12:50:00+07:00,2026-09-08T13:01:01.231417+07:00,valid,current,11.020523616666669,STA2285,AWS Batur Dieng,-7.20399,109.91158,2078.0,Kab. Banjarnegara,17.63,14.26,97.0,97.0,False,2.619,323.1,0.0,799.3582,17.147730738137724,-0.6799999999999997,0.0,,0.8800000000000001,-0.5305999999999358,6,10.0,10.0,14.26,78.55019999999999,1.9783333333333333,2.982,,,,,,,
2026-09-08T13:10:00+07:00,2026-09-08T13:16:16.337657+07:00,valid,current,6.272294283333333,STA2285,AWS Batur Dieng,-7.20399,109.91158,2078.0,Kab. Banjarnegara,18.64,14.26,81.5,81.5,False,2.113,244.0,0.0,798.9926,15.410193981330204,0.9299999999999996,0.0,74.249,0.2769999999999999,-0.6743999999999915,6,10.0,10.0,14.26,94.0,2.0660000000000003,2.982,,,,,,,
2026-09-08T13:20:00+07:00,2026-09-08T13:31:09.851767+07:00,partial,current,11.164196116666666,STA2285,AWS Batur Dieng,-7.20399,109.91158,2078.0,Kab. Banjarnegara,18.37,14.26,,0.0,True,1.257,239.2,0.0,798.9418,,0.8200000000000003,0.0,,-1.7250000000000003,-0.6693000000000211,6,10.0,10.0,14.26,93.88,1.7785,2.619,,,,,,,
2026-09-08T13:40:00+07:00,2026-09-08T13:46:19.895191+07:00,partial,current,6.3315865166666665,STA2285,AWS Batur Dieng,-7.20399,109.91158,2078.0,Kab. Banjarnegara,18.76,14.26,,0.0,True,2.192,316.1,0.0,798.637,,1.4400000000000013,0.0,,0.7750000000000001,-0.8976000000000113,6,10.0,10.0,14.26,91.83333333333331,1.9973333333333327,2.619,,,,,,,
2026-09-08T13:50:00+07:00,2026-09-08T14:01:06.238681+07:00,partial,current,11.103978016666668,STA2285,AWS Batur Dieng,-7.20399,109.91158,2078.0,Kab. Banjarnegara,18.84,14.26,,0.0,True,1.936,263.6,0.0,798.541,,1.2100000000000009,0.0,,-0.6830000000000003,-0.8171999999999571,6,10.0,10.0,14.26,89.25,1.8835,2.192,,,,,,,
2026-09-08T14:10:00+07:00,2026-09-08T14:16:03.786102+07:00,valid,current,6.063101700000001,STA2285,AWS Batur Dieng,-7.20399,109.91158,2078.0,Kab. Banjarnegara,17.17,14.26,18.27,18.27,False,1.356,277.7,0.0,798.5399,-7.184996731481284,-1.4699999999999989,0.0,-63.23,-0.7569999999999999,-0.4527000000000498,6,10.0,10.0,14.26,18.27,1.6481666666666666,2.192,,,,,,,
2026-09-08T14:20:00+07:00,2026-09-08T14:31:12.052755+07:00,valid,current,11.200879250000002,STA2285,AWS Batur Dieng,-7.20399,109.91158,2078.0,Kab. Banjarnegara,17.26,14.26,97.0,97.0,False,0.514,63.97,0.0,798.4112,16.779097588082607,-1.1099999999999994,0.0,,-0.7429999999999999,-0.5305999999999358,6,10.0,10.0,14.26,57.635,1.524333333333333,2.192,,,,,,,
2026-09-08T14:40:00+07:00,2026-09-08T14:46:13.767768+07:00,partial,current,6.229462799999999,STA2285,AWS Batur Dieng,-7.20399,109.91158,2078.0,Kab. Banjarnegara,16.93,14.26,,0.0,True,2.142,226.8,0.0,798.281,,-1.8300000000000016,0.0,,-0.0500000000000002,-0.3559999999999945,6,10.0,10.0,14.26,56.11666666666667,1.4378333333333335,2.142,,,,,,,
2026-09-08T14:50:00+07:00,2026-09-08T15:01:01.950050+07:00,valid,current,11.032500833333334,STA2285,AWS Batur Dieng,-7.20399,109.91158,2078.0,Kab. Banjarnegara,18.0,14.26,47.58,47.58,False,1.979,146.7,0.0,798.2383,6.696091317055562,-0.8399999999999999,0.0,,0.0430000000000001,-0.3027000000000726,6,10.0,10.0,14.26,53.9825,1.4450000000000005,2.142,,,,,,,
2026-09-08T15:10:00+07:00,2026-09-08T15:16:17.831486+07:00,valid,current,6.297191433333333,STA2285,AWS Batur Dieng,-7.20399,109.91158,2078.0,Kab. Banjarnegara,16.49,14.26,96.9,96.9,False,0.761,314.8,0.0,798.3494,15.995777745154422,-0.6800000000000033,0.0,78.63000000000001,-0.5950000000000001,-0.1905000000000427,6,10.0,10.0,14.26,78.31199999999998,1.2576666666666665,2.142,,,,,,,
2026-09-08T15:20:00+07:00,2026-09-08T15:31:09.850253+07:00,valid,current,11.164170883333332,STA2285,AWS Batur Dieng,-7.20399,109.91158,2078.0,Kab. Banjarnegara,16.28,14.26,96.9,96.9,False,1.288,308.1,0.0,798.229,15.786576466097154,-0.9800000000000004,0.0,-0.0999999999999943,0.774,-0.1821999999999661,6,10.0,10.0,14.26,78.292,1.3866666666666667,2.142,,,,,,,
2026-09-08T15:40:00+07:00,2026-09-08T15:46:13.234769+07:00,valid,current,6.220579483333334,STA2285,AWS Batur Dieng,-7.20399,109.91158,2078.0,Kab. Banjarnegara,17.45,14.26,70.33,70.33,False,1.291,252.4,0.0,798.3151,11.991346502017164,0.5199999999999996,0.0,,-0.851,0.0341000000000804,6,10.0,10.0,14.26,70.545,1.2606666666666666,1.979,,,,,,,
2026-09-08T15:50:00+07:00,2026-09-08T16:01:07.662707+07:00,valid,current,11.127711783333332,STA2285,AWS Batur Dieng,-7.20399,109.91158,2078.0,Kab. Banjarnegara,17.36,14.26,96.9,96.9,False,1.596,321.1,0.0,798.4482,16.862461890357633,-0.6400000000000006,0.0,49.32000000000001,-0.383,0.2099000000000614,6,10.0,10.0,14.26,78.765,1.1968333333333334,1.596,,,,,,,
2026-09-08T16:10:00+07:00,2026-09-08T16:16:06.009481+07:00,valid,current,6.100158016666667,STA2285,AWS Batur Dieng,-7.20399,109.91158,2078.0,Kab. Banjarnegara,16.86,14.26,97.0,97.0,False,0.679,320.0,0.0,798.6111,16.380573085721974,0.370000000000001,0.0,0.0999999999999943,-0.0819999999999999,0.2617000000000189,6,10.0,10.0,14.26,78.78166666666668,1.134,1.596,,,,,,,
2026-09-08T16:20:00+07:00,2026-09-08T16:31:30.934602+07:00,valid,current,11.5155767,STA2285,AWS Batur Dieng,-7.20399,109.91158,2078.0,Kab. Banjarnegara,16.68,14.26,97.0,97.0,False,0.355,243.1,0.0,798.6848,16.20123632140547,0.3999999999999986,0.0,0.0999999999999943,-0.933,0.4557999999999538,6,10.0,10.0,14.26,78.79833333333333,0.9785,1.596,,,,,,,
2026-09-08T16:40:00+07:00,2026-09-08T16:46:16.033563+07:00,valid,current,6.2672260500000005,STA2285,AWS Batur Dieng,-7.20399,109.91158,2078.0,Kab. Banjarnegara,16.52,14.26,97.0,97.0,False,0.485,200.5,0.0,798.8016,16.041825479549022,-0.9299999999999996,0.0,26.67,-0.8059999999999999,0.4864999999999781,6,10.0,10.0,14.26,96.98333333333332,0.7506666666666667,1.596,,,,,,,
2026-09-08T17:10:00+07:00,2026-09-08T17:16:13.854097+07:00,valid,current,6.230901616666667,STA2285,AWS Batur Dieng,-7.20399,109.91158,2078.0,Kab. Banjarnegara,15.68,14.26,29.11,29.11,False,0.363,296.5,0.0,798.8952,-2.2664355105698344,-1.1799999999999995,0.0,-67.89,-0.316,0.2841000000000804,6,10.0,10.0,14.26,85.685,0.5333333333333333,0.943,,,,,,,
2026-09-08T17:20:00+07:00,2026-09-08T17:31:13.618622+07:00,partial,current,11.226977033333332,STA2285,AWS Batur Dieng,-7.20399,109.91158,2078.0,Kab. Banjarnegara,15.44,14.26,,0.932,True,0.564,220.8,0.0,798.8714,,-1.2400000000000002,0.0,,0.2089999999999999,0.1865999999999985,6,10.0,10.0,14.26,83.422,0.5681666666666666,0.943,,,,,,,
2026-09-08T17:30:00+07:00,2026-09-08T17:46:33.158089+07:00,valid,current,16.552634816666668,STA2285,AWS Batur Dieng,-7.20399,109.91158,2078.0,Kab. Banjarnegara,15.4,14.26,75.33,75.33,False,0.047,240.8,0.0,798.9591,11.057034943195116,-1.2599999999999998,0.0,-21.67,-0.8959999999999999,0.2664000000000897,6,10.0,10.0,14.26,79.088,0.4188333333333334,0.564,,,,,,,
2026-09-08T17:50:00+07:00,2026-09-08T18:01:10.862937+07:00,valid,current,11.18104895,STA2285,AWS Batur Dieng,-7.20399,109.91158,2078.0,Kab. Banjarnegara,14.85,14.26,92.8,92.8,False,0.0,303.1,0.0,798.9594,13.695031270258315,-1.1300000000000008,0.0,-4.200000000000003,-0.549,0.136199999999917,6,10.0,10.0,14.26,77.608,0.2464999999999999,0.564,,,,,,,
2026-09-08T18:00:00+07:00,2026-09-08T18:12:30.711724+07:00,valid,current,12.511862066666668,STA2285,AWS Batur Dieng,-7.20399,109.91158,2078.0,Kab. Banjarnegara,14.82,14.26,96.9,96.9,False,0.306,114.2,0.0,799.0682,14.332111655938254,-0.9000000000000004,0.0,-0.0999999999999943,-0.199,0.2528000000000929,6,10.0,10.0,14.26,77.58800000000001,0.2133333333333333,0.564,,,,,,,
2026-09-08T18:10:00+07:00,2026-09-08T18:18:03.408627+07:00,valid,current,8.05681045,STA2285,AWS Batur Dieng,-7.20399,109.91158,2078.0,Kab. Banjarnegara,14.75,14.26,97.0,97.0,False,0.0,47.16,0.0,799.1894,14.278318884411696,-0.9299999999999996,0.0,67.89,-0.363,0.2941999999999325,6,10.0,10.0,14.26,91.166,0.1528333333333333,0.564,,,,,,,
2026-09-08T18:20:00+07:00,2026-09-08T18:31:20.314431+07:00,valid,current,11.33857385,STA2285,AWS Batur Dieng,-7.20399,109.91158,2078.0,Kab. Banjarnegara,14.47,14.26,64.11,64.11,False,0.0,68.22,0.0,799.2631,7.767035545045307,-0.9699999999999988,0.0,,-0.564,0.3917000000000143,6,10.0,10.0,14.26,86.65666666666668,0.0588333333333333,0.306,,,,,,,
2026-09-08T18:40:00+07:00,2026-09-08T18:45:57.148442+07:00,partial,current,5.952474033333333,STA2285,AWS Batur Dieng,-7.20399,109.91158,2078.0,Kab. Banjarnegara,14.28,14.2,,0.0,True,0.0,115.1,0.0,799.4522,,-0.8399999999999999,-0.0600000000000005,,0.0,0.4932000000000016,6,10.0,10.0,14.2,87.7025,0.051,0.306,,,,,,,
2026-09-08T18:50:00+07:00,2026-09-08T19:01:21.292553+07:00,partial,current,11.354875883333332,STA2285,AWS Batur Dieng,-7.20399,109.91158,2078.0,Kab. Banjarnegara,14.13,14.03,,0.0,True,0.0,110.0,0.0,799.5789,,-0.7199999999999989,-0.2300000000000004,,0.0,0.6195000000000164,6,10.0,10.0,14.03,86.00333333333333,0.051,0.306,,,,,,,
2026-09-08T19:00:00+07:00,2026-09-08T19:16:32.432467+07:00,partial,current,16.540541116666667,STA2285,AWS Batur Dieng,-7.20399,109.91158,2078.0,Kab. Banjarnegara,13.99,13.92,,0.0,True,0.0,125.8,0.0,799.5792,,-0.8300000000000001,-0.3399999999999998,,-0.306,0.5109999999999673,6,10.0,10.0,13.92,80.555,0.0,0.0,,,,,,,
2026-09-08T19:20:00+07:00,2026-09-08T19:31:19.950835+07:00,partial,current,11.332513916666668,STA2285,AWS Batur Dieng,-7.20399,109.91158,2078.0,Kab. Banjarnegara,13.73,13.49,,0.0,True,0.0,158.4,0.0,799.746,,-0.7400000000000002,-0.7699999999999996,,0.0,0.4828999999999723,6,10.0,10.0,13.49,,0.0,0.0,,,,,,,
2026-09-08T19:40:00+07:00,2026-09-08T19:46:16.075652+07:00,valid,current,6.267927533333333,STA2285,AWS Batur Dieng,-7.20399,109.91158,2078.0,Kab. Banjarnegara,13.06,12.91,60.8,60.8,False,0.0,182.7,0.0,800.0511,5.661488666342944,-1.2199999999999989,-1.2899999999999991,,0.0,0.5989000000000715,6,10.0,10.0,12.91,60.8,0.008,0.048,,,,,,,
2026-09-08T19:50:00+07:00,2026-09-08T20:01:16.310913+07:00,valid,current,11.27184855,STA2285,AWS Batur Dieng,-7.20399,109.91158,2078.0,Kab. Banjarnegara,12.85,12.66,97.0,97.0,False,0.0,218.7,0.0,800.0502,12.38523989480111,-1.2800000000000011,-1.3699999999999992,,0.0,0.471300000000042,6,10.0,10.0,12.66,78.9,0.008,0.048,,,,,,,
2026-09-08T20:10:00+07:00,2026-09-08T20:16:24.851600+07:00,valid,current,6.414193333333333,STA2285,AWS Batur Dieng,-7.20399,109.91158,2078.0,Kab. Banjarnegara,12.11,11.98,97.0,97.0,False,0.0,138.6,0.0,800.2308,11.647921630440202,-1.8900000000000008,-1.9399999999999995,,0.0,0.5242000000000644,6,10.0,10.0,11.98,87.95,0.008,0.048,,,,,,,
2026-09-08T20:20:00+07:00,2026-09-08T20:31:12.074674+07:00,valid,current,11.201244566666666,STA2285,AWS Batur Dieng,-7.20399,109.91158,2078.0,Kab. Banjarnegara,12.36,11.98,97.0,97.0,False,0.0,137.1,0.0,800.1984,11.8970165049997,-1.370000000000001,-1.5099999999999998,,0.0,0.4524000000000114,6,10.0,10.0,11.98,89.76,0.008,0.048,,,,,,,
2026-09-08T20:40:00+07:00,2026-09-08T20:46:04.103852+07:00,valid,current,6.068397533333334,STA2285,AWS Batur Dieng,-7.20399,109.91158,2078.0,Kab. Banjarnegara,12.84,11.98,50.69,50.69,False,0.0,78.23,0.0,800.2052,2.859789351991933,-0.2200000000000006,-0.9299999999999996,-10.11,0.0,0.1540999999999712,6,10.0,10.0,11.98,89.28166666666668,0.0,0.0,,,,,,,
2026-09-08T20:50:00+07:00,2026-09-08T21:01:13.053744+07:00,partial,current,11.2175624,STA2285,AWS Batur Dieng,-7.20399,109.91158,2078.0,Kab. Banjarnegara,12.83,11.98,,0.0,True,0.0,54.91,0.0,800.3563,,-0.0199999999999995,-0.6799999999999997,,0.0,0.3061000000000149,6,10.0,10.0,11.98,87.738,0.0,0.0,,,,,,,
2026-09-08T21:10:00+07:00,2026-09-08T21:16:05.550908+07:00,valid,current,6.092515133333333,STA2285,AWS Batur Dieng,-7.20399,109.91158,2078.0,Kab. Banjarnegara,12.69,11.98,42.16,42.16,False,0.0,128.3,0.0,800.2766,0.1504110945143148,0.5800000000000001,0.0,-54.84,0.0,0.0457999999999856,6,10.0,10.0,11.98,71.7125,0.0,0.0,,,,,,,
2026-09-08T21:20:00+07:00,2026-09-08T21:31:06.647536+07:00,valid,current,11.110792266666666,STA2285,AWS Batur Dieng,-7.20399,109.91158,2078.0,Kab. Banjarnegara,12.76,11.98,97.0,97.0,False,0.0,124.1,0.0,800.1978,12.295566465553645,0.4000000000000003,0.0,0.0,0.0,-0.000599999999963,6,10.0,10.0,11.98,71.7125,0.0,0.0,,,,,,,
2026-09-08T21:40:00+07:00,2026-09-08T21:46:16.683386+07:00,valid,current,6.278056433333333,STA2285,AWS Batur Dieng,-7.20399,109.91158,2078.0,Kab. Banjarnegara,12.3,11.98,97.0,97.0,False,0.0,25.15,0.0,800.453,11.837233815727416,-0.5399999999999991,0.0,46.31,0.0,0.2477999999999838,6,10.0,10.0,11.98,83.28999999999999,0.0,0.0,,,,,,,
2026-09-08T21:50:00+07:00,2026-09-08T22:01:08.225813+07:00,valid,current,11.137096883333331,STA2285,AWS Batur Dieng,-7.20399,109.91158,2078.0,Kab. Banjarnegara,12.28,11.98,96.9,96.9,False,0.0,61.32,0.0,800.3935,11.80166710127174,-0.5500000000000007,0.0,,0.0,0.0371999999999843,6,10.0,10.0,11.98,86.01199999999999,0.0,0.0,,,,,,,
2026-09-08T22:00:00+07:00,2026-09-08T22:11:53.447556+07:00,valid,current,11.8907926,STA2285,AWS Batur Dieng,-7.20399,109.91158,2078.0,Kab. Banjarnegara,12.16,11.98,97.0,97.0,False,0.0,85.7,0.0,800.4993,11.697740676073222,-0.4700000000000006,0.0,,0.0,0.1596999999999298,6,10.0,10.0,11.98,87.84333333333332,0.0,0.0,,,,,,,
2026-09-08T22:10:00+07:00,2026-09-08T22:16:09.852574+07:00,valid,current,6.164209566666667,STA2285,AWS Batur Dieng,-7.20399,109.91158,2078.0,Kab. Banjarnegara,12.12,11.98,97.0,97.0,False,0.0,81.3,0.0,800.3718,11.657885442395656,-0.5700000000000003,0.0,54.84,0.0,0.095199999999977,6,10.0,10.0,11.98,96.98333333333332,0.0,0.0,,,,,,,
2026-09-08T22:20:00+07:00,2026-09-08T22:31:12.438768+07:00,valid,current,11.2073128,STA2285,AWS Batur Dieng,-7.20399,109.91158,2078.0,Kab. Banjarnegara,12.06,11.94,97.0,97.0,False,0.0,130.6,0.0,800.3551,11.598102549446548,-0.6999999999999993,-0.0400000000000009,0.0,0.0,0.1572999999999638,6,10.0,10.0,11.94,96.98333333333332,0.0,0.0,,,,,,,
2026-09-08T22:40:00+07:00,2026-09-08T22:46:06.327900+07:00,valid,current,6.105465,STA2285,AWS Batur Dieng,-7.20399,109.91158,2078.0,Kab. Banjarnegara,12.01,11.92,97.0,97.0,False,0.0,50.66,0.0,800.3311,11.548283433092225,-0.2900000000000009,-0.0600000000000005,0.0,0.0,-0.1218999999999823,6,10.0,10.0,11.92,96.98333333333332,0.0,0.0,,,,,,,
2026-09-08T22:50:00+07:00,2026-09-08T23:01:09.732721+07:00,valid,current,11.162212016666668,STA2285,AWS Batur Dieng,-7.20399,109.91158,2078.0,Kab. Banjarnegara,11.92,11.85,97.0,97.0,False,0.0,49.86,0.0,800.3551,11.458608934545422,-0.3599999999999994,-0.1300000000000007,0.0999999999999943,0.0,-0.0384000000000241,6,10.0,10.0,11.85,97.0,0.0,0.0,,,,,,,
2026-09-08T23:10:00+07:00,2026-09-08T23:16:00.495119+07:00,valid,current,6.008251983333333,STA2285,AWS Batur Dieng,-7.20399,109.91158,2078.0,Kab. Banjarnegara,11.75,11.67,96.9,96.9,False,0.0,67.21,0.0,800.047,11.273649059718034,-0.3699999999999992,-0.3100000000000005,-0.0999999999999943,0.0,-0.324799999999982,6,10.0,10.0,11.67,96.98333333333332,0.0,0.0,,,,,,,
2026-09-08T23:20:00+07:00,2026-09-08T23:31:06.517759+07:00,valid,current,11.108629316666669,STA2285,AWS Batur Dieng,-7.20399,109.91158,2078.0,Kab. Banjarnegara,11.69,11.63,97.0,97.0,False,0.0,67.15,0.0,800.0446,11.22944025108132,-0.370000000000001,-0.3099999999999987,0.0,0.0,-0.3105000000000473,6,10.0,10.0,11.63,96.98333333333332,0.0,0.0,,,,,,,
2026-09-08T23:40:00+07:00,2026-09-08T23:46:06.303834+07:00,valid,current,6.1050639,STA2285,AWS Batur Dieng,-7.20399,109.91158,2078.0,Kab. Banjarnegara,11.52,11.3,97.0,97.0,False,0.0,48.37,0.0,799.8148,11.060054221525212,-0.4900000000000002,-0.6199999999999992,0.0,0.0,-0.5163000000000011,6,10.0,10.0,11.3,96.98333333333332,0.0,0.0,,,,,,,
2026-09-08T23:50:00+07:00,2026-09-09T00:01:16.487935+07:00,valid,current,11.274798916666668,STA2285,AWS Batur Dieng,-7.20399,109.91158,2078.0,Kab. Banjarnegara,11.17,11.12,97.0,97.0,False,0.0,51.55,0.0,799.6765,10.711316991176544,-0.75,-0.7300000000000004,0.0,0.0,-0.6785999999999603,6,10.0,10.0,11.12,96.98333333333332,0.0,0.0,,,,,,,
2026-09-09T00:10:00+07:00,2026-09-09T00:16:07.338553+07:00,partial,current,6.122309216666666,STA2285,AWS Batur Dieng,-7.20399,109.91158,2078.0,Kab. Banjarnegara,10.84,10.65,,1.178,True,0.0,118.8,0.0,799.373,,-0.91,-1.0199999999999996,,0.0,-0.6739999999999782,6,10.0,10.0,10.65,94.8,0.0,0.0,,,,,,,
2026-09-09T00:20:00+07:00,2026-09-09T00:31:07.163662+07:00,partial,current,11.119394366666668,STA2285,AWS Batur Dieng,-7.20399,109.91158,2078.0,Kab. Banjarnegara,10.56,10.43,,0.0,True,0.0,118.7,0.0,799.1656,,-1.129999999999999,-1.200000000000001,,0.0,-0.8789999999999054,6,10.0,10.0,10.43,94.25,0.0,0.0,,,,,,,
2026-09-09T00:40:00+07:00,2026-09-09T00:46:17.134783+07:00,valid,current,6.285579716666667,STA2285,AWS Batur Dieng,-7.20399,109.91158,2078.0,Kab. Banjarnegara,10.05,9.88,94.8,94.8,False,0.0,95.5,0.0,798.9457,9.253982583539424,-1.4699999999999989,-1.42,-2.200000000000003,0.0,-0.8691000000000031,6,10.0,10.0,9.88,72.66,0.0,0.0,,,,,,,
2026-09-09T00:50:00+07:00,2026-09-09T01:01:03.387381+07:00,valid,current,11.05645635,STA2285,AWS Batur Dieng,-7.20399,109.91158,2078.0,Kab. Banjarnegara,9.77,9.6,97.0,97.0,False,0.0,149.5,0.0,798.9452,9.31635074259493,-1.4000000000000004,-1.5199999999999996,0.0,0.0,-0.7313000000000329,6,10.0,10.0,9.6,72.66,0.0,0.0,,,,,,,
2026-09-09T01:10:00+07:00,2026-09-09T01:16:05.232422+07:00,valid,current,6.087207033333333,STA2285,AWS Batur Dieng,-7.20399,109.91158,2078.0,Kab. Banjarnegara,9.2,9.1,97.0,97.0,False,0.0,300.0,0.0,798.6773,8.748392256889305,-1.6400000000000006,-1.5500000000000007,,0.0,-0.6957000000001017,6,10.0,10.0,9.1,79.728,0.0,0.0,,,,,,,
2026-09-09T01:20:00+07:00,2026-09-09T01:31:13.915332+07:00,valid,current,11.2319222,STA2285,AWS Batur Dieng,-7.20399,109.91158,2078.0,Kab. Banjarnegara,9.54,9.1,97.0,97.0,False,0.0,281.3,0.0,798.5652,9.087175064591754,-1.0200000000000014,-1.33,,0.0,-0.600400000000036,6,10.0,10.0,9.1,82.60666666666667,0.0,0.0,,,,,,,
2026-09-09T01:40:00+07:00,2026-09-09T01:49:04.656997+07:00,valid,current,9.077616616666669,STA2285,AWS Batur Dieng,-7.20399,109.91158,2078.0,Kab. Banjarnegara,10.35,9.1,97.0,97.0,False,0.0,271.1,0.0,798.4974,9.894268694916928,0.2999999999999989,-0.7800000000000011,2.200000000000003,0.0,-0.4483000000000174,6,10.0,10.0,9.1,97.0,0.0,0.0,,,,,,,
2026-09-09T01:50:00+07:00,2026-09-09T02:01:03.471540+07:00,valid,current,11.057859,STA2285,AWS Batur Dieng,-7.20399,109.91158,2078.0,Kab. Banjarnegara,10.4,9.1,97.0,97.0,False,0.0,258.1,0.0,798.3386,9.944088985266948,0.6300000000000008,-0.5,0.0,0.0,-0.6065999999999576,6,10.0,10.0,9.1,97.0,0.0,0.0,,,,,,,
2026-09-09T02:10:00+07:00,2026-09-09T02:16:16.240411+07:00,partial,current,6.270673516666666,STA2285,AWS Batur Dieng,-7.20399,109.91158,2078.0,Kab. Banjarnegara,10.66,9.1,,0.0,True,0.0,265.6,0.0,798.1898,,1.4600000000000009,0.0,,0.0,-0.4874999999999545,6,10.0,10.0,9.1,86.662,0.0,0.0,,,,,,,
2026-09-09T02:20:00+07:00,2026-09-09T02:31:06.584357+07:00,partial,current,11.109739283333331,STA2285,AWS Batur Dieng,-7.20399,109.91158,2078.0,Kab. Banjarnegara,10.49,9.1,,0.0,True,0.0,275.7,0.0,798.1922,,0.9500000000000012,0.0,,0.0,-0.3730000000000473,6,10.0,10.0,9.1,84.0775,0.0,0.0,,,,,,,
2026-09-09T02:40:00+07:00,2026-09-09T02:46:17.812206+07:00,partial,current,6.2968701000000005,STA2285,AWS Batur Dieng,-7.20399,109.91158,2078.0,Kab. Banjarnegara,10.27,9.1,,0.0,True,0.0,99.2,0.0,798.023,,-0.08,0.0,,0.0,-0.474399999999946,6,10.0,10.0,9.1,71.155,0.0,0.0,,,,,,,
2026-09-09T02:50:00+07:00,2026-09-09T03:01:04.623241+07:00,partial,current,11.077054016666668,STA2285,AWS Batur Dieng,-7.20399,109.91158,2078.0,Kab. Banjarnegara,9.92,9.1,,0.0,True,0.0,134.2,0.0,797.9634,,-0.4800000000000004,0.0,,0.0,-0.3752000000000635,6,10.0,10.0,9.1,45.31,0.0,0.0,,,,,,,
2026-09-09T03:10:00+07:00,2026-09-09T03:16:15.105734+07:00,partial,current,6.251762233333333,STA2285,AWS Batur Dieng,-7.20399,109.91158,2078.0,Kab. Banjarnegara,9.13,8.82,,0.0,True,0.0,253.2,0.0,797.8727,,-1.5299999999999994,-0.2799999999999993,,0.0,-0.3170999999999822,6,10.0,10.0,8.82,,0.0,0.0,,,,,,,
2026-09-09T03:20:00+07:00,2026-09-09T03:31:17.481409+07:00,valid,current,11.291356816666667,STA2285,AWS Batur Dieng,-7.20399,109.91158,2078.0,Kab. Banjarnegara,8.65,8.47,60.23,60.23,False,0.0,152.6,0.0,797.871,1.369116002347044,-1.84,-0.629999999999999,,0.0,-0.3211999999999761,6,10.0,10.0,8.47,60.23,0.0,0.0,,,,,,,
2026-09-09T03:40:00+07:00,2026-09-09T03:46:06.427930+07:00,valid,current,6.107132166666667,STA2285,AWS Batur Dieng,-7.20399,109.91158,2078.0,Kab. Banjarnegara,8.05,7.766,97.0,97.0,False,0.0,229.2,0.0,797.7118,7.602497111926803,-2.219999999999999,-1.3339999999999996,,0.0,-0.3111999999999852,6,10.0,10.0,7.766,84.71,0.0,0.0,,,,,,,
2026-09-09T03:50:00+07:00,2026-09-09T04:01:03.465531+07:00,valid,current,11.05775885,STA2285,AWS Batur Dieng,-7.20399,109.91158,2078.0,Kab. Banjarnegara,7.611,7.459,97.0,97.0,False,0.0,251.0,0.2,797.711,7.165059162007101,-2.309,-1.641,,0.0,-0.252399999999966,6,10.0,10.0,7.459,87.7825,0.0,0.0,,,,,,,
2026-09-09T04:10:00+07:00,2026-09-09T04:16:13.241238+07:00,partial,current,6.2206873,STA2285,AWS Batur Dieng,-7.20399,109.91158,2078.0,Kab. Banjarnegara,7.027,6.833,,0.0,True,0.0,171.6,0.2,797.8663,,-2.1030000000000006,-1.987,,0.0,-0.006399999999985,6,10.0,10.0,6.833,76.064,0.0,0.0,,,,,,,
2026-09-09T04:20:00+07:00,2026-09-09T04:31:09.865571+07:00,partial,current,11.164426183333337,STA2285,AWS Batur Dieng,-7.20399,109.91158,2078.0,Kab. Banjarnegara,7.041,6.833,,0.0,True,0.0,303.4,0.2,797.8658,,-1.609,-1.6370000000000005,,0.0,-0.0051999999999452,6,10.0,10.0,6.833,80.0225,0.0,0.0,,,,,,,
2026-09-09T04:40:00+07:00,2026-09-09T04:46:10.590114+07:00,partial,current,6.176501900000001,STA2285,AWS Batur Dieng,-7.20399,109.91158,2078.0,Kab. Banjarnegara,6.799,6.32,,0.0,True,0.0,325.7,0.2,797.8637,,-1.2510000000000003,-1.4459999999999995,,0.0,0.151899999999955,6,10.0,10.0,6.32,63.095,0.0,0.0,,,,,,,
2026-09-09T04:50:00+07:00,2026-09-09T05:01:13.517421+07:00,partial,current,11.22529035,STA2285,AWS Batur Dieng,-7.20399,109.91158,2078.0,Kab. Banjarnegara,6.318,5.934,,0.0,True,0.0,325.5,0.2,797.8625,,-1.293,-1.5249999999999997,,0.0,0.1514999999999418,6,10.0,10.0,5.934,29.19,0.0,0.0,,,,,,,
2026-09-09T05:10:00+07:00,2026-09-09T05:16:10.637946+07:00,partial,current,6.1772991,STA2285,AWS Batur Dieng,-7.20399,109.91158,2078.0,Kab. Banjarnegara,6.469,5.934,,0.0,True,0.0,307.2,0.2,798.011,,-0.5579999999999998,-0.899,,0.0,0.1446999999999434,6,10.0,10.0,5.934,,0.0,0.0,,,,,,,
2026-09-09T05:20:00+07:00,2026-09-09T05:31:01.704925+07:00,partial,current,11.028415416666666,STA2285,AWS Batur Dieng,-7.20399,109.91158,2078.0,Kab. Banjarnegara,6.452,5.783,,0.0,True,0.0,217.7,0.2,798.1435,,-0.5890000000000004,-1.0499999999999998,,0.0,0.2776999999999816,6,10.0,10.0,5.783,,0.0,0.0,,,,,,,
2026-09-09T05:40:00+07:00,2026-09-09T05:46:00.728898+07:00,partial,current,6.012148300000001,STA2285,AWS Batur Dieng,-7.20399,109.91158,2078.0,Kab. Banjarnegara,6.265,5.566,,0.0,True,0.0,149.3,0.2,798.3261,,-0.5340000000000007,-0.7540000000000004,,0.0,0.4624000000000023,6,10.0,10.0,5.566,,0.0,0.0,,,,,,,
2026-09-09T05:50:00+07:00,2026-09-09T06:01:08.916387+07:00,valid,current,11.14860645,STA2285,AWS Batur Dieng,-7.20399,109.91158,2078.0,Kab. Banjarnegara,5.933,5.566,19.41,19.41,False,0.0,119.2,0.2,798.4847,-15.726603755224511,-0.3849999999999998,-0.3680000000000003,,0.0,0.6222000000000207,6,10.0,10.0,5.566,19.41,0.0,0.0,,,,,,,
2026-09-09T06:10:00+07:00,2026-09-09T06:16:07.945142+07:00,valid,current,6.132419033333333,STA2285,AWS Batur Dieng,-7.20399,109.91158,2078.0,Kab. Banjarnegara,6.12,5.566,97.0,97.0,False,0.0,115.8,0.2,798.485,5.679344086092738,-0.3490000000000002,-0.3680000000000003,,0.0,0.4740000000000464,6,10.0,10.0,5.566,71.13666666666667,0.0,0.0,,,,,,,
2026-09-09T06:20:00+07:00,2026-09-09T06:31:11.669244+07:00,valid,current,11.194487400000002,STA2285,AWS Batur Dieng,-7.20399,109.91158,2078.0,Kab. Banjarnegara,6.548,5.566,97.0,97.0,False,0.0,165.8,0.2,798.4877,6.105830236612263,0.096,-0.2170000000000005,,0.0,0.3442000000000007,6,10.0,10.0,5.566,77.60249999999999,0.0,0.0,,,,,,,
2026-09-09T06:30:00+07:00,2026-09-09T06:39:02.941867+07:00,valid,current,9.049031116666669,STA2285,AWS Batur Dieng,-7.20399,109.91158,2078.0,Kab. Banjarnegara,8.47,5.566,97.0,97.0,False,0.0,215.7,0.2,798.6247,8.021000115955742,2.4510000000000005,0.0,,0.0,0.4399999999999409,6,10.0,10.0,5.566,81.482,0.0,0.0,,,,,,,
2026-09-09T06:40:00+07:00,2026-09-09T06:46:10.174752+07:00,valid,current,6.1695792,STA2285,AWS Batur Dieng,-7.20399,109.91158,2078.0,Kab. Banjarnegara,9.5,5.566,97.0,97.0,False,0.0,209.7,0.2,798.7074,9.04731834855598,3.2350000000000003,0.0,,0.0,0.3813000000000102,6,10.0,10.0,5.566,84.06833333333333,0.0,0.0,,,,,,,
2026-09-09T07:10:00+07:00,2026-09-09T07:16:09.203326+07:00,valid,current,6.153388766666667,STA2285,AWS Batur Dieng,-7.20399,109.91158,2078.0,Kab. Banjarnegara,12.77,12.33,51.05,51.05,False,0.0,59.75,0.0,798.9478,2.895027608515448,6.65,6.764,-45.95,0.0,0.4628000000000156,6,10.0,10.0,5.566,89.34166666666665,0.0,0.0,,,,,,,
2026-09-09T07:20:00+07:00,2026-09-09T07:31:03.361396+07:00,valid,current,11.056023266666667,STA2285,AWS Batur Dieng,-7.20399,109.91158,2078.0,Kab. Banjarnegara,13.39,12.33,42.3,42.3,False,0.0,88.6,0.0,798.9826,0.8293794904156627,6.8420000000000005,6.764,-54.7,0.0,0.4949000000000296,6,10.0,10.0,5.566,80.22500000000001,0.0,0.0,,,,,,,
2026-09-09T07:40:00+07:00,2026-09-09T07:46:10.318125+07:00,valid,current,6.17196875,STA2285,AWS Batur Dieng,-7.20399,109.91158,2078.0,Kab. Banjarnegara,15.42,12.33,93.8,93.8,False,0.0,309.3,0.0,798.988,14.42568964782075,5.92,6.764,-3.200000000000003,0.0,0.2806000000000495,6,10.0,10.0,5.566,79.69166666666668,0.0,0.0,,,,,,,
2026-09-09T07:50:00+07:00,2026-09-09T08:01:11.270844+07:00,partial,current,11.1878474,STA2285,AWS Batur Dieng,-7.20399,109.91158,2078.0,Kab. Banjarnegara,17.09,12.33,,1.729,True,0.0,277.3,0.0,799.062,,5.26,6.764,,0.0,0.2554999999999836,6,10.0,10.0,5.566,76.23,0.0,0.0,,,,,,,
2026-09-09T08:10:00+07:00,2026-09-09T08:15:59.258045+07:00,partial,current,5.987634083333333,STA2285,AWS Batur Dieng,-7.20399,109.91158,2078.0,Kab. Banjarnegara,17.94,12.33,,0.0,True,0.0,303.1,0.0,799.3034,,5.170000000000002,0.0,,0.0,0.3555999999999812,6,10.0,10.0,12.33,65.28,0.0,0.0,,,,,,,
2026-09-09T08:20:00+07:00,2026-09-09T08:31:05.761751+07:00,valid,current,11.096029183333334,STA2285,AWS Batur Dieng,-7.20399,109.91158,2078.0,Kab. Banjarnegara,18.35,12.33,92.2,92.2,False,0.134,262.9,0.0,799.389,17.061056119133674,4.960000000000001,0.0,49.900000000000006,0.134,0.4063999999999623,6,10.0,10.0,12.33,77.75500000000001,0.0223333333333333,0.134,,,,,,,
2026-09-09T08:30:00+07:00,2026-09-09T08:38:18.424000+07:00,valid,current,8.307066666666666,STA2285,AWS Batur Dieng,-7.20399,109.91158,2078.0,Kab. Banjarnegara,17.94,12.33,96.9,96.9,False,0.748,309.9,0.0,799.4728,17.440245173253533,3.9200000000000017,0.0,-0.0999999999999943,0.748,0.4882999999999811,6,10.0,10.0,12.33,77.72999999999999,0.147,0.748,,,,,,,
2026-09-09T08:40:00+07:00,2026-09-09T08:46:03.849877+07:00,valid,current,6.064164616666667,STA2285,AWS Batur Dieng,-7.20399,109.91158,2078.0,Kab. Banjarnegara,17.95,12.33,67.93,67.93,False,1.019,292.5,0.0,799.4738,11.94251023313286,2.53,0.0,-25.86999999999999,1.019,0.4857999999999265,6,10.0,10.0,12.33,71.2625,0.3168333333333333,1.019,,,,,,,
2026-09-09T08:50:00+07:00,2026-09-09T09:01:07.591326+07:00,partial,current,11.1265221,STA2285,AWS Batur Dieng,-7.20399,109.91158,2078.0,Kab. Banjarnegara,18.02,12.33,,0.0,True,1.297,314.5,0.0,799.572,,0.9299999999999996,0.0,,1.297,0.5099999999999909,6,10.0,10.0,12.33,71.2625,0.5329999999999999,1.297,,,,,,,
2026-09-09T09:10:00+07:00,2026-09-09T09:16:06.033501+07:00,valid,current,6.10055835,STA2285,AWS Batur Dieng,-7.20399,109.91158,2078.0,Kab. Banjarnegara,18.04,12.33,93.9,93.9,False,1.177,315.0,0.0,799.626,17.04229335474762,0.0999999999999978,0.0,,1.177,0.3225999999999658,6,10.0,10.0,12.33,87.73250000000002,0.8975,1.297,,,,,,,
2026-09-09T09:20:00+07:00,2026-09-09T09:31:04.559309+07:00,valid,current,11.075988483333331,STA2285,AWS Batur Dieng,-7.20399,109.91158,2078.0,Kab. Banjarnegara,18.24,12.33,97.0,97.0,False,1.727,305.3,0.0,799.6247,17.755473055609805,-0.1100000000000029,0.0,4.799999999999997,1.593,0.2356999999999516,6,10.0,10.0,12.33,88.9325,1.163,1.727,,,,,,,
2026-09-09T09:40:00+07:00,2026-09-09T09:46:15.430304+07:00,valid,current,6.257171733333333,STA2285,AWS Batur Dieng,-7.20399,109.91158,2078.0,Kab. Banjarnegara,19.61,12.33,97.0,97.0,False,0.914,279.2,0.0,799.6194,19.120383341474977,1.66,0.0,29.07,-0.1049999999999998,0.1456000000000585,6,10.0,10.0,12.33,96.225,1.2798333333333334,1.727,,,,,,,
2026-09-09T09:50:00+07:00,2026-09-09T10:01:42.572771+07:00,valid,current,11.709546183333334,STA2285,AWS Batur Dieng,-7.20399,109.91158,2078.0,Kab. Banjarnegara,18.47,12.33,97.0,97.0,False,1.456,270.1,0.0,799.535,17.984620432102933,0.4499999999999993,0.0,,0.159,-0.0370000000000345,6,10.0,10.0,12.33,96.38,1.3063333333333336,1.727,,,,,,,
2026-09-09T10:10:00+07:00,2026-09-09T10:16:06.918646+07:00,valid,current,6.115310766666667,STA2285,AWS Batur Dieng,-7.20399,109.91158,2078.0,Kab. Banjarnegara,17.08,12.33,96.9,96.9,False,0.744,285.6,0.0,799.6185,16.58353026954358,-0.9600000000000009,0.0,3.0,-0.433,-0.0074999999999363,6,10.0,10.0,12.33,96.98333333333332,1.5034999999999998,2.626,,,,,,,
2026-09-09T10:20:00+07:00,2026-09-09T10:31:07.800668+07:00,valid,current,11.130011133333332,STA2285,AWS Batur Dieng,-7.20399,109.91158,2078.0,Kab. Banjarnegara,17.78,12.33,97.0,97.0,False,0.952,130.0,0.0,799.417,17.297176058219765,-0.4599999999999973,0.0,0.0,-0.7750000000000001,-0.2076999999999316,6,10.0,10.0,12.33,96.98333333333332,1.3743333333333332,2.626,,,,,,,
2026-09-09T10:40:00+07:00,2026-09-09T10:46:06.072013+07:00,valid,current,6.101200216666667,STA2285,AWS Batur Dieng,-7.20399,109.91158,2078.0,Kab. Banjarnegara,18.71,12.33,97.0,97.0,False,0.196,216.3,0.0,798.9926,18.223729940380966,-0.8999999999999986,0.0,0.0,-0.718,-0.6268000000000029,6,10.0,10.0,12.33,96.96666666666664,1.0601666666666665,2.626,,,,,,,
2026-09-09T10:50:00+07:00,2026-09-09T11:01:12.811074+07:00,valid,current,11.2135179,STA2285,AWS Batur Dieng,-7.20399,109.91158,2078.0,Kab. Banjarnegara,18.41,12.33,97.0,97.0,False,2.079,290.2,0.0,798.9939,17.92484292775254,-0.0599999999999987,0.0,0.0,0.6230000000000002,-0.5410999999999149,6,10.0,10.0,12.33,96.96666666666664,1.164,2.626,,,,,,,
2026-09-09T11:10:00+07:00,2026-09-09T11:16:07.990570+07:00,valid,current,6.133176166666667,STA2285,AWS Batur Dieng,-7.20399,109.91158,2078.0,Kab. Banjarnegara,19.15,12.33,97.0,97.0,False,2.363,316.2,0.0,798.8982,18.662095256543992,2.0700000000000003,0.0,0.0999999999999943,1.619,-0.7203000000000657,6,10.0,10.0,12.33,96.98333333333332,1.343,2.363,,,,,,,
2026-09-09T11:20:00+07:00,2026-09-09T11:31:06.812653+07:00,valid,current,11.113544216666666,STA2285,AWS Batur Dieng,-7.20399,109.91158,2078.0,Kab. Banjarnegara,18.35,12.33,97.0,97.0,False,1.947,294.1,0.0,798.8154,17.865065372489664,0.5700000000000003,0.0,0.0,0.995,-0.6016000000000759,6,10.0,10.0,12.33,96.98333333333332,1.5088333333333337,2.363,,,,,,,
2026-09-09T11:40:00+07:00,2026-09-09T11:46:14.617428+07:00,valid,current,6.2436238,STA2285,AWS Batur Dieng,-7.20399,109.91158,2078.0,Kab. Banjarnegara,19.01,12.33,97.0,97.0,False,2.091,314.8,0.0,798.4989,18.52261568020543,0.3000000000000007,0.0,0.0,1.895,-0.4936999999999898,6,10.0,10.0,12.33,96.98333333333332,2.0115,2.363,,,,,,,
2026-09-09T11:50:00+07:00,2026-09-09T12:01:07.738884+07:00,valid,current,11.1289814,STA2285,AWS Batur Dieng,-7.20399,109.91158,2078.0,Kab. Banjarnegara,18.48,12.33,97.0,97.0,False,2.184,302.9,0.0,798.4042,17.994583344544843,0.0700000000000002,0.0,0.0,0.1049999999999999,-0.5897000000001071,6,10.0,10.0,12.33,96.98333333333332,2.029,2.363,,,,,,,
2026-09-09T12:10:00+07:00,2026-09-09T12:16:10.828500+07:00,valid,current,6.180475,STA2285,AWS Batur Dieng,-7.20399,109.91158,2078.0,Kab. Banjarnegara,18.98,12.33,97.0,97.0,False,2.5,307.3,0.0,798.1802,18.49272716349893,-0.1699999999999981,0.0,0.0,0.137,-0.7179999999999609,6,10.0,10.0,12.33,96.98333333333332,2.2865,3.489,,,,,,,
2026-09-09T12:20:00+07:00,2026-09-09T12:31:00.516707+07:00,valid,current,11.008611783333333,STA2285,AWS Batur Dieng,-7.20399,109.91158,2078.0,Kab. Banjarnegara,19.24,12.33,80.3,80.3,False,2.5,288.6,0.0,798.0714,15.76331084844244,0.889999999999997,0.0,-16.700000000000003,0.5529999999999999,-0.7439999999999145,6,10.0,10.0,12.33,94.2,2.3786666666666667,3.489,,,,,,,
2026-09-09T12:40:00+07:00,2026-09-09T12:46:04.459875+07:00,partial,current,6.07433125,STA2285,AWS Batur Dieng,-7.20399,109.91158,2078.0,Kab. Banjarnegara,19.66,12.33,,0.0,True,1.94,247.5,0.0,798.0026,,0.6499999999999986,0.0,,-0.1510000000000002,-0.4963000000000193,6,10.0,10.0,12.33,92.825,2.564,3.489,,,,,,,
2026-09-09T12:50:00+07:00,2026-09-09T13:01:10.959826+07:00,partial,current,11.182663766666668,STA2285,AWS Batur Dieng,-7.20399,109.91158,2078.0,Kab. Banjarnegara,18.88,12.33,,0.0,True,2.601,332.7,0.0,797.9368,,0.3999999999999986,0.0,,0.4169999999999998,-0.4673999999999978,6,10.0,10.0,12.33,91.43333333333334,2.6335,3.489,,,,,,,
2026-09-09T13:10:00+07:00,2026-09-09T13:16:04.278019+07:00,valid,current,6.071300316666666,STA2285,AWS Batur Dieng,-7.20399,109.91158,2078.0,Kab. Banjarnegara,18.1,12.33,38.77,38.77,False,1.5,315.9,0.0,797.8368,3.839290347425928,-0.879999999999999,0.0,-58.23,-1.0,-0.3433999999999741,6,10.0,10.0,12.33,50.68,2.157833333333333,2.771,,,,,,,
2026-09-09T13:20:00+07:00,2026-09-09T13:31:14.007967+07:00,valid,current,11.233466116666667,STA2285,AWS Batur Dieng,-7.20399,109.91158,2078.0,Kab. Banjarnegara,19.05,12.33,97.0,97.0,False,1.754,310.3,0.0,797.6748,18.56246701601505,-0.1899999999999977,0.0,16.700000000000003,-0.746,-0.3966000000000349,6,10.0,10.0,12.33,56.24666666666667,2.0335,2.771,,,,,,,
2026-09-09T13:30:00+07:00,2026-09-09T13:41:31.643799+07:00,valid,current,11.527396649999998,STA2285,AWS Batur Dieng,-7.20399,109.91158,2078.0,Kab. Banjarnegara,18.38,12.33,97.0,97.0,False,1.024,268.0,0.0,797.5694,17.89495415648516,-0.6400000000000006,0.0,,-1.747,-0.4791999999999916,6,10.0,10.0,12.33,66.435,1.7423333333333335,2.601,,,,,,,
2026-09-09T13:40:00+07:00,2026-09-09T13:46:03.223054+07:00,valid,current,6.053717566666666,STA2285,AWS Batur Dieng,-7.20399,109.91158,2078.0,Kab. Banjarnegara,17.6,12.33,97.0,97.0,False,1.554,238.8,0.0,797.4371,17.11784163593636,-2.0599999999999987,0.0,,-0.3859999999999999,-0.5655000000000427,6,10.0,10.0,12.33,72.548,1.678,2.601,,,,,,,
2026-09-09T13:50:00+07:00,2026-09-09T14:01:18.004508+07:00,valid,current,11.300075133333332,STA2285,AWS Batur Dieng,-7.20399,109.91158,2078.0,Kab. Banjarnegara,18.17,12.33,96.9,96.9,False,0.816,266.9,0.0,797.3189,17.669364768531974,-0.7099999999999973,0.0,,-1.785,-0.6178999999999633,6,10.0,10.0,12.33,76.60666666666667,1.3804999999999998,1.754,,,,,,,
2026-09-09T14:10:00+07:00,2026-09-09T14:16:04.359793+07:00,valid,current,6.072663216666667,STA2285,AWS Batur Dieng,-7.20399,109.91158,2078.0,Kab. Banjarnegara,17.97,12.33,96.9,96.9,False,1.047,269.8,0.0,797.1263,17.470130381710973,-0.1300000000000025,0.0,58.13,-0.453,-0.7105000000000246,6,10.0,10.0,12.33,96.96666666666664,1.1931666666666667,1.754,,,,,,,
2026-09-09T14:20:00+07:00,2026-09-09T14:31:13.866067+07:00,valid,current,11.231101116666668,STA2285,AWS Batur Dieng,-7.20399,109.91158,2078.0,Kab. Banjarnegara,18.13,12.33,97.0,97.0,False,1.257,270.9,0.0,796.9986,17.64588056760681,-0.9200000000000016,0.0,0.0,-0.4970000000000001,-0.6761999999999944,6,10.0,10.0,12.33,96.96666666666664,1.1103333333333334,1.554,,,,,,,
2026-09-09T14:40:00+07:00,2026-09-09T14:46:15.361528+07:00,valid,current,6.256025466666667,STA2285,AWS Batur Dieng,-7.20399,109.91158,2078.0,Kab. Banjarnegara,17.5,12.33,96.9,96.9,False,1.031,282.8,0.0,796.851,17.001927270970025,-0.1000000000000014,0.0,-0.0999999999999943,-0.5230000000000001,-0.5860999999999876,6,10.0,10.0,12.33,96.95,1.0048333333333332,1.257,,,,,,,
2026-09-09T14:50:00+07:00,2026-09-09T15:01:10.880665+07:00,valid,current,11.181344416666668,STA2285,AWS Batur Dieng,-7.20399,109.91158,2078.0,Kab. Banjarnegara,17.35,12.33,97.0,97.0,False,0.981,265.0,0.0,796.851,16.868765289266467,-0.8200000000000003,0.0,0.0999999999999943,0.165,-0.467899999999986,6,10.0,10.0,12.33,96.96666666666664,1.032333333333333,1.257,,,,,,,
2026-09-09T15:10:00+07:00,2026-09-09T15:16:10.992440+07:00,valid,current,6.183207333333333,STA2285,AWS Batur Dieng,-7.20399,109.91158,2078.0,Kab. Banjarnegara,17.07,12.33,87.3,87.3,False,0.93,83.8,0.0,796.8507,14.94233632414962,-0.8999999999999986,0.0,-9.600000000000009,-0.1169999999999998,-0.275600000000054,6,10.0,10.0,12.33,95.36666666666666,0.8836666666666666,1.257,,,,,,,
2026-09-09T15:20:00+07:00,2026-09-09T15:31:08.420481+07:00,partial,current,11.14034135,STA2285,AWS Batur Dieng,-7.20399,109.91158,2078.0,Kab. Banjarnegara,17.03,12.33,,0.003,True,0.068,167.6,0.0,796.8487,,-1.099999999999998,0.0,,-1.1889999999999998,-0.1499000000000023,6,10.0,10.0,12.33,95.04,0.6854999999999999,1.031,,,,,,,
2026-09-09T15:40:00+07:00,2026-09-09T15:46:18.056194+07:00,valid,current,6.300936566666667,STA2285,AWS Batur Dieng,-7.20399,109.91158,2078.0,Kab. Banjarnegara,16.74,12.33,97.0,97.0,False,0.027,116.8,0.0,797.0117,16.261015293758575,-0.7600000000000016,0.0,0.0999999999999943,-1.004,0.1607000000000198,6,10.0,10.0,12.33,81.798,0.3695,0.981,,,,,,,
2026-09-09T15:50:00+07:00,2026-09-09T16:01:15.239884+07:00,valid,current,11.253998066666666,STA2285,AWS Batur Dieng,-7.20399,109.91158,2078.0,Kab. Banjarnegara,16.98,12.33,96.9,96.9,False,0.401,246.4,0.0,797.0122,16.483911555779066,-0.370000000000001,0.0,-0.0999999999999943,-0.58,0.161200000000008,6,10.0,10.0,12.33,81.77799999999999,0.2728333333333333,0.93,,,,,,,
2026-09-09T16:10:00+07:00,2026-09-09T16:16:05.861269+07:00,valid,current,6.097687816666666,STA2285,AWS Batur Dieng,-7.20399,109.91158,2078.0,Kab. Banjarnegara,16.52,12.33,97.0,97.0,False,0.609,312.9,0.0,797.2075,16.041825479549022,-0.5500000000000007,0.0,9.700000000000005,-0.321,0.3568000000000211,6,10.0,10.0,12.33,83.718,0.2363333333333333,0.609,,,,,,,
2026-09-09T16:20:00+07:00,2026-09-09T16:31:06.000637+07:00,valid,current,11.100010616666667,STA2285,AWS Batur Dieng,-7.20399,109.91158,2078.0,Kab. Banjarnegara,16.44,12.33,85.9,85.9,False,0.602,313.1,0.0,797.3099,14.07285207408682,-0.5899999999999999,0.0,,0.534,0.4611999999999625,6,10.0,10.0,12.33,84.08166666666666,0.3253333333333333,0.609,,,,,,,
2026-09-09T16:40:00+07:00,2026-09-09T16:46:11.402438+07:00,valid,current,6.190040633333334,STA2285,AWS Batur Dieng,-7.20399,109.91158,2078.0,Kab. Banjarnegara,15.71,12.33,97.0,97.0,False,0.923,333.9,0.0,797.3007,15.23480253657674,-1.0299999999999976,0.0,0.0,0.896,0.2889999999999872,6,10.0,10.0,12.33,95.13333333333333,0.5095,0.923,,,,,,,
2026-09-09T16:50:00+07:00,2026-09-09T17:01:02.503394+07:00,valid,current,11.041723233333332,STA2285,AWS Batur Dieng,-7.20399,109.91158,2078.0,Kab. Banjarnegara,15.65,12.33,97.0,97.0,False,0.097,156.7,0.0,797.2997,15.175022690184774,-1.33,0.0,0.0999999999999943,-0.304,0.2875000000000227,6,10.0,10.0,12.33,95.15,0.4588333333333332,0.923,,,,,,,
2026-09-09T17:10:00+07:00,2026-09-09T17:16:04.113990+07:00,valid,current,6.0685665,STA2285,AWS Batur Dieng,-7.20399,109.91158,2078.0,Kab. Banjarnegara,15.22,12.33,97.0,97.0,False,0.242,319.8,0.0,797.3402,14.74659896772025,-1.299999999999999,0.0,0.0,-0.367,0.1326999999999998,6,10.0,10.0,12.33,95.15,0.3693333333333333,0.923,,,,,,,
2026-09-09T17:20:00+07:00,2026-09-09T17:31:03.524045+07:00,valid,current,11.058734083333333,STA2285,AWS Batur Dieng,-7.20399,109.91158,2078.0,Kab. Banjarnegara,14.99,12.33,97.0,97.0,False,0.291,314.6,0.0,797.4426,14.51744101943739,-1.450000000000001,0.0,11.099999999999994,-0.311,0.1326999999999998,6,10.0,10.0,12.33,97.0,0.3175,0.923,,,,,,,
2026-09-09T17:40:00+07:00,2026-09-09T17:46:12.231625+07:00,valid,current,6.203860416666667,STA2285,AWS Batur Dieng,-7.20399,109.91158,2078.0,Kab. Banjarnegara,14.67,12.33,97.0,97.0,False,0.0,299.6,0.0,797.4777,14.19861132503373,-1.040000000000001,0.0,0.0,-0.923,0.1770000000000209,6,10.0,10.0,12.33,97.0,0.17,0.291,,,,,,,
2026-09-09T17:50:00+07:00,2026-09-09T18:01:08.775712+07:00,valid,current,11.146261866666666,STA2285,AWS Batur Dieng,-7.20399,109.91158,2078.0,Kab. Banjarnegara,14.45,12.33,97.0,97.0,False,0.735,302.9,0.0,797.6078,13.979415070008924,-1.200000000000001,0.0,0.0,0.638,0.3080999999999676,6,10.0,10.0,12.33,97.0,0.2763333333333333,0.735,,,,,,,
2026-09-09T18:10:00+07:00,2026-09-09T18:16:06.704765+07:00,valid,current,6.111746083333333,STA2285,AWS Batur Dieng,-7.20399,109.91158,2078.0,Kab. Banjarnegara,14.54,12.33,97.0,97.0,False,0.519,237.9,0.0,797.7336,14.069086347985923,-0.6800000000000015,0.0,0.0,0.277,0.3934000000000424,6,10.0,10.0,12.33,96.98333333333332,0.3263333333333333,0.735,,,,,,,
2026-09-09T18:20:00+07:00,2026-09-09T18:31:08.817860+07:00,valid,current,11.146964333333331,STA2285,AWS Batur Dieng,-7.20399,109.91158,2078.0,Kab. Banjarnegara,14.6,12.33,97.0,97.0,False,0.056,252.8,0.0,797.7967,14.128867136324727,-0.3900000000000005,0.0,0.0,-0.235,0.3541000000000167,6,10.0,10.0,12.33,96.98333333333332,0.2871666666666666,0.735,,,,,,,
2026-09-09T18:40:00+07:00,2026-09-09T18:45:58.670904+07:00,valid,current,5.9778484,STA2285,AWS Batur Dieng,-7.20399,109.91158,2078.0,Kab. Banjarnegara,14.3,12.33,90.8,90.8,False,0.0,140.0,0.0,797.9432,12.816548613199426,-0.3699999999999992,0.0,-6.200000000000003,0.0,0.46550000000002,6,10.0,10.0,12.33,95.93333333333332,0.2485,0.735,,,,,,,
2026-09-09T18:50:00+07:00,2026-09-09T19:01:06.627421+07:00,valid,current,11.110457016666668,STA2285,AWS Batur Dieng,-7.20399,109.91158,2078.0,Kab. Banjarnegara,14.06,12.33,30.39,30.39,False,0.0,60.69,0.0,798.0315,-3.093104082955695,-0.3899999999999988,0.0,-66.61,-0.735,0.4237000000000535,6,10.0,10.0,12.33,84.83166666666666,0.126,0.519,,,,,,,
2026-09-09T19:10:00+07:00,2026-09-09T19:16:11.855132+07:00,valid,current,6.197585533333334,STA2285,AWS Batur Dieng,-7.20399,109.91158,2078.0,Kab. Banjarnegara,14.08,12.33,96.9,96.9,False,0.238,257.4,0.0,798.2574,13.594905262771483,-0.4599999999999991,0.0,-0.0999999999999943,-0.281,0.5237999999999374,6,10.0,10.0,12.33,79.54333333333334,0.0551666666666666,0.238,,,,,,,
2026-09-09T19:20:00+07:00,2026-09-09T19:31:07.370693+07:00,valid,current,11.122844883333332,STA2285,AWS Batur Dieng,-7.20399,109.91158,2078.0,Kab. Banjarnegara,13.42,12.33,97.0,97.0,False,0.0,64.36,0.0,798.4902,12.95316895288525,-1.1799999999999995,0.0,0.0,-0.056,0.6934999999999718,6,10.0,10.0,12.33,79.54333333333334,0.0458333333333333,0.238,,,,,,,
2026-09-09T19:40:00+07:00,2026-09-09T19:45:57.457310+07:00,valid,current,5.9576218333333335,STA2285,AWS Batur Dieng,-7.20399,109.91158,2078.0,Kab. Banjarnegara,13.11,12.33,97.0,97.0,False,0.0,136.5,0.0,798.5198,12.644295824630056,-1.1900000000000013,0.0,6.200000000000003,0.0,0.5765999999999849,6,10.0,10.0,12.33,80.59333333333333,0.0396666666666666,0.238,,,,,,,
2026-09-09T19:50:00+07:00,2026-09-09T20:01:08.911059+07:00,valid,current,11.14851765,STA2285,AWS Batur Dieng,-7.20399,109.91158,2078.0,Kab. Banjarnegara,12.8,12.33,97.0,97.0,False,0.0,229.1,0.0,798.6626,12.335421337141009,-1.2599999999999998,0.0,66.61,0.0,0.6310999999999467,6,10.0,10.0,12.33,91.695,0.0396666666666666,0.238,,,,,,,
2026-09-09T20:10:00+07:00,2026-09-09T20:16:12.692016+07:00,valid,current,6.2115336,STA2285,AWS Batur Dieng,-7.20399,109.91158,2078.0,Kab. Banjarnegara,13.6,12.33,97.0,97.0,False,0.08,298.2,0.0,798.6618,13.132514016514458,-0.4800000000000004,0.0,0.0999999999999943,-0.1579999999999999,0.4044000000000096,6,10.0,10.0,12.33,97.0,0.0191666666666666,0.08,,,,,,,
2026-09-09T20:20:00+07:00,2026-09-09T20:31:09.083443+07:00,valid,current,11.151390716666668,STA2285,AWS Batur Dieng,-7.20399,109.91158,2078.0,Kab. Banjarnegara,13.1,12.33,96.9,96.9,False,0.0,112.2,0.0,798.7489,12.618592582575111,-0.3200000000000003,0.0,-0.0999999999999943,0.0,0.2587000000000898,6,10.0,10.0,12.33,96.98333333333332,0.0191666666666666,0.08,,,,,,,
2026-09-09T20:40:00+07:00,2026-09-09T20:46:18.105340+07:00,valid,current,6.301755666666667,STA2285,AWS Batur Dieng,-7.20399,109.91158,2078.0,Kab. Banjarnegara,11.78,11.44,97.0,97.0,False,0.0,78.28,0.0,798.8954,11.319115042415795,-1.33,-0.8900000000000006,0.0,0.0,0.3755999999999631,6,10.0,10.0,11.44,96.98333333333332,0.0191666666666666,0.08,,,,,,,
2026-09-09T20:50:00+07:00,2026-09-09T21:01:12.502941+07:00,valid,current,11.20838235,STA2285,AWS Batur Dieng,-7.20399,109.91158,2078.0,Kab. Banjarnegara,11.4,11.08,96.9,96.9,False,0.0,247.3,0.0,798.955,10.924955648623456,-1.4000000000000004,-1.25,-0.0999999999999943,0.0,0.2924000000000433,6,10.0,10.0,11.08,96.96666666666664,0.0191666666666666,0.08,,,,,,,
2026-09-09T21:10:00+07:00,2026-09-09T21:16:17.438373+07:00,valid,current,6.29063955,STA2285,AWS Batur Dieng,-7.20399,109.91158,2078.0,Kab. Banjarnegara,11.38,10.54,97.0,97.0,False,0.0,308.3,0.0,798.9527,10.920559537309614,-2.219999999999999,-1.790000000000001,0.0,-0.08,0.2909000000000787,6,10.0,10.0,10.54,96.96666666666664,0.0,0.0,,,,,,,
2026-09-09T21:40:00+07:00,2026-09-09T21:46:09.809017+07:00,valid,current,6.163483616666666,STA2285,AWS Batur Dieng,-7.20399,109.91158,2078.0,Kab. Banjarnegara,12.84,10.54,97.0,97.0,False,0.0,158.9,0.0,798.9522,12.375276186097896,1.0600000000000005,-0.9000000000000004,0.0,0.0,0.0567999999999528,6,10.0,10.0,10.54,96.98333333333332,0.0,0.0,,,,,,,
2026-09-09T21:50:00+07:00,2026-09-09T22:01:23.035644+07:00,valid,current,11.3839274,STA2285,AWS Batur Dieng,-7.20399,109.91158,2078.0,Kab. Banjarnegara,11.16,10.46,96.9,96.9,False,0.0,27.89,0.0,798.9522,10.685850560151906,-0.2400000000000002,-0.6199999999999992,0.0,0.0,-0.0028000000000929,6,10.0,10.0,10.46,96.98333333333332,0.0,0.0,,,,,,,
2026-09-09T22:10:00+07:00,2026-09-09T22:16:27.517755+07:00,valid,current,6.45862925,STA2285,AWS Batur Dieng,-7.20399,109.91158,2078.0,Kab. Banjarnegara,10.55,10.44,96.9,96.9,False,0.0,141.5,0.0,798.8334,10.0781213364889,-0.8300000000000001,-0.0999999999999996,-0.0999999999999943,0.0,-0.1193000000000665,6,10.0,10.0,10.44,96.96666666666664,0.0,0.0,,,,,,,
2026-09-09T22:20:00+07:00,2026-09-09T22:31:09.343221+07:00,valid,current,11.15572035,STA2285,AWS Batur Dieng,-7.20399,109.91158,2078.0,Kab. Banjarnegara,9.89,9.62,97.0,97.0,False,0.0,98.6,0.0,798.8038,9.435920364508746,-2.59,-0.92,0.0,0.0,-0.1483999999999241,6,10.0,10.0,9.62,96.96666666666664,0.0,0.0,,,,,,,
2026-09-09T22:40:00+07:00,2026-09-09T22:46:04.126088+07:00,valid,current,6.068768133333333,STA2285,AWS Batur Dieng,-7.20399,109.91158,2078.0,Kab. Banjarnegara,8.82,8.57,69.47,69.47,False,0.0,45.7,0.0,798.7203,3.538740235176681,-4.02,-1.9699999999999989,-27.53,0.0,-0.231899999999996,6,10.0,10.0,8.57,92.37833333333332,0.0,0.0,,,,,,,
2026-09-09T22:50:00+07:00,2026-09-09T23:01:13.729098+07:00,partial,current,11.2288183,STA2285,AWS Batur Dieng,-7.20399,109.91158,2078.0,Kab. Banjarnegara,8.38,8.14,,0.0,True,0.0,45.77,0.0,798.6541,,-2.78,-2.3200000000000003,,0.0,-0.2980999999999767,6,10.0,10.0,8.14,91.474,0.0,0.0,,,,,,,
2026-09-09T23:10:00+07:00,2026-09-09T23:16:11.302409+07:00,valid,current,6.188373483333334,STA2285,AWS Batur Dieng,-7.20399,109.91158,2078.0,Kab. Banjarnegara,8.35,8.14,90.8,90.8,False,0.0,45.29,0.0,798.65,6.934165112158693,-2.200000000000001,-2.299999999999999,-6.1000000000000085,0.0,-0.183400000000006,6,10.0,10.0,8.14,75.11600000000001,0.0,0.0,,,,,,,
2026-09-09T23:20:00+07:00,2026-09-09T23:34:06.445708+07:00,valid,current,14.107428466666668,STA2285,AWS Batur Dieng,-7.20399,109.91158,2078.0,Kab. Banjarnegara,7.872,7.498,22.97,22.97,False,0.0,185.0,0.0,798.6119,-12.032351077328988,-2.0180000000000007,-2.121999999999999,-74.03,0.0,-0.1919000000000323,6,10.0,10.0,7.498,60.30999999999999,0.0,0.0,,,,,,,
2026-09-09T23:40:00+07:00,2026-09-09T23:46:17.997359+07:00,partial,current,6.299955983333334,STA2285,AWS Batur Dieng,-7.20399,109.91158,2078.0,Kab. Banjarnegara,7.919,7.305,,0.0,True,0.0,38.04,0.0,798.5002,,-0.9010000000000008,-1.2650000000000006,,0.0,-0.2201000000000021,6,10.0,10.0,7.305,45.02666666666666,0.0,0.0,,,,,,,
2026-09-09T23:50:00+07:00,2026-09-10T00:01:16.419205+07:00,partial,current,11.273653416666669,STA2285,AWS Batur Dieng,-7.20399,109.91158,2078.0,Kab. Banjarnegara,7.68,7.097,,0.0,True,0.0,57.81,0.0,798.499,,-0.7000000000000011,-1.043,,0.0,-0.1550999999999476,6,10.0,10.0,7.097,45.02666666666666,0.0,0.0,,,,,,,
2026-09-10T00:10:00+07:00,2026-09-10T00:16:14.437208+07:00,partial,current,6.2406201333333335,STA2285,AWS Batur Dieng,-7.20399,109.91158,2078.0,Kab. Banjarnegara,8.02,7.005,,0.0,True,0.0,70.43,0.0,798.4955,,-0.33,-1.135000000000001,,0.0,-0.1544999999999845,6,10.0,10.0,7.005,22.97,0.0,0.0,,,,,,,
2026-09-10T00:20:00+07:00,2026-09-10T00:31:02.079683+07:00,partial,current,11.034661383333336,STA2285,AWS Batur Dieng,-7.20399,109.91158,2078.0,Kab. Banjarnegara,7.306,7.005,,0.0,True,0.0,69.64,0.0,798.449,,-0.5659999999999998,-0.4930000000000003,,0.0,-0.162900000000036,6,10.0,10.0,7.005,,0.0,0.0,,,,,,,
2026-09-10T00:40:00+07:00,2026-09-10T00:46:11.504362+07:00,partial,current,6.191739366666667,STA2285,AWS Batur Dieng,-7.20399,109.91158,2078.0,Kab. Banjarnegara,7.543,6.54,,0.0,True,0.0,216.1,0.0,798.3383,,-0.3759999999999994,-0.7649999999999997,,0.0,-0.1618999999999459,6,10.0,10.0,6.54,,0.0,0.0,,,,,,,
2026-09-10T00:50:00+07:00,2026-09-10T01:01:15.965159+07:00,partial,current,11.266085983333332,STA2285,AWS Batur Dieng,-7.20399,109.91158,2078.0,Kab. Banjarnegara,7.063,6.54,,0.0,True,0.0,257.0,0.0,798.294,,-0.617,-0.5570000000000004,,0.0,-0.2050000000000409,6,10.0,10.0,6.54,,0.0,0.0,,,,,,,
2026-09-10T01:10:00+07:00,2026-09-10T01:16:24.136899+07:00,partial,current,6.402281650000001,STA2285,AWS Batur Dieng,-7.20399,109.91158,2078.0,Kab. Banjarnegara,7.367,6.508,,0.0,True,0.0,292.5,0.0,798.1958,,-0.6529999999999996,-0.4969999999999999,,0.0,-0.2997000000000298,6,10.0,10.0,6.508,,0.0,0.0,,,,,,,
2026-09-10T01:20:00+07:00,2026-09-10T01:31:15.954606+07:00,valid,current,11.2659101,STA2285,AWS Batur Dieng,-7.20399,109.91158,2078.0,Kab. Banjarnegara,7.056,6.508,58.23,58.23,False,0.0,291.2,0.0,798.071,-0.5985373762299838,-0.25,-0.4969999999999999,,0.0,-0.377999999999929,6,10.0,10.0,6.508,58.23,0.0,0.0,,,,,,,
2026-09-10T01:40:00+07:00,2026-09-10T01:45:59.500526+07:00,valid,current,5.991675433333333,STA2285,AWS Batur Dieng,-7.20399,109.91158,2078.0,Kab. Banjarnegara,8.06,6.489,97.0,97.0,False,0.0,308.1,0.0,797.8703,7.612461498163726,0.5170000000000003,-0.0510000000000001,,0.0,-0.4679999999999609,6,10.0,10.0,6.489,84.07666666666667,0.0,0.0,,,,,,,
2026-09-10T01:50:00+07:00,2026-09-10T02:01:10.955539+07:00,valid,current,11.182592316666668,STA2285,AWS Batur Dieng,-7.20399,109.91158,2078.0,Kab. Banjarnegara,8.71,6.489,97.0,97.0,False,0.0,280.7,0.0,797.868,8.260143569373398,1.6470000000000011,-0.0510000000000001,,0.0,-0.4259999999999309,6,10.0,10.0,6.489,87.3075,0.0,0.0,,,,,,,
2026-09-10T02:10:00+07:00,2026-09-10T02:16:11.923157+07:00,valid,current,6.198719283333333,STA2285,AWS Batur Dieng,-7.20399,109.91158,2078.0,Kab. Banjarnegara,11.83,6.489,97.0,97.0,False,0.033,288.0,0.0,797.869,11.3689343214297,4.463,-0.0190000000000001,,0.033,-0.3267999999999347,6,10.0,10.0,6.489,90.53833333333334,0.0055,0.033,,,,,,,
2026-09-10T02:20:00+07:00,2026-09-10T02:31:02.975031+07:00,valid,current,11.04958385,STA2285,AWS Batur Dieng,-7.20399,109.91158,2078.0,Kab. Banjarnegara,12.05,6.489,97.0,97.0,False,0.117,280.6,0.0,797.831,11.588138729004536,4.994000000000001,-0.0190000000000001,38.77,0.117,-0.2400000000000091,6,10.0,10.0,6.489,97.0,0.025,0.117,,,,,,,
2026-09-10T02:40:00+07:00,2026-09-10T02:46:08.837761+07:00,valid,current,6.147296016666667,STA2285,AWS Batur Dieng,-7.20399,109.91158,2078.0,Kab. Banjarnegara,12.27,6.489,96.9,96.9,False,0.0,280.3,0.0,797.7014,11.791704534727533,4.209999999999999,0.0,-0.0999999999999943,0.0,-0.1689000000000078,6,10.0,10.0,6.489,96.98333333333332,0.0395,0.117,,,,,,,
2026-09-10T02:50:00+07:00,2026-09-10T03:01:15.533465+07:00,valid,current,11.258891083333332,STA2285,AWS Batur Dieng,-7.20399,109.91158,2078.0,Kab. Banjarnegara,12.29,6.489,97.0,97.0,False,0.0,284.0,0.0,797.501,11.827270029231569,3.5799999999999983,0.0,0.0,0.0,-0.3670000000000755,6,10.0,10.0,6.489,96.98333333333332,0.0395,0.117,,,,,,,
2026-09-10T03:10:00+07:00,2026-09-10T03:16:09.842674+07:00,valid,current,6.164044566666666,STA2285,AWS Batur Dieng,-7.20399,109.91158,2078.0,Kab. Banjarnegara,11.8,6.489,97.0,97.0,False,0.401,263.8,0.2,797.4303,11.339042758264664,-0.0299999999999993,0.0,0.0,0.368,-0.4387000000000398,6,10.0,10.0,6.489,96.98333333333332,0.1008333333333333,0.401,,,,,,,
2026-09-10T03:20:00+07:00,2026-09-10T03:31:07.901552+07:00,valid,current,11.131692533333334,STA2285,AWS Batur Dieng,-7.20399,109.91158,2078.0,Kab. Banjarnegara,11.57,6.489,97.0,97.0,False,0.249,296.9,0.2,797.5678,11.109873684416122,-0.4800000000000004,0.0,0.0,0.132,-0.2631999999999834,6,10.0,10.0,6.489,96.98333333333332,0.1228333333333333,0.401,,,,,,,
2026-09-10T03:40:00+07:00,2026-09-10T03:46:08.559435+07:00,partial,current,6.14265725,STA2285,AWS Batur Dieng,-7.20399,109.91158,2078.0,Kab. Banjarnegara,12.07,6.489,,2.287,True,0.718,285.0,0.2,797.5664,,-0.1999999999999993,0.0,,0.718,-0.1349999999999909,6,10.0,10.0,6.489,92.654,0.3025,0.718,,,,,,,
2026-09-10T03:50:00+07:00,2026-09-10T04:01:14.871276+07:00,partial,current,11.2478546,STA2285,AWS Batur Dieng,-7.20399,109.91158,2078.0,Kab. Banjarnegara,12.08,6.489,,0.0,True,0.356,297.7,0.2,797.5668,,-0.209999999999999,0.0,,0.356,0.0657999999999674,6,10.0,10.0,6.489,91.5675,0.3618333333333333,0.718,,,,,,,
2026-09-10T04:10:00+07:00,2026-09-10T04:16:27.295929+07:00,partial,current,6.45493215,STA2285,AWS Batur Dieng,-7.20399,109.91158,2078.0,Kab. Banjarnegara,11.62,6.489,,0.0,True,0.0,255.9,0.2,797.4201,,-0.1800000000000015,0.0,,-0.401,-0.0101999999999407,6,10.0,10.0,6.489,86.13499999999999,0.3216666666666666,0.718,,,,,,,
2026-09-10T04:20:00+07:00,2026-09-10T04:31:04.834541+07:00,partial,current,11.080575683333333,STA2285,AWS Batur Dieng,-7.20399,109.91158,2078.0,Kab. Banjarnegara,11.81,6.489,,0.0,True,0.043,276.5,0.2,797.4874,,0.2400000000000002,0.0,,-0.206,-0.0804000000000542,6,10.0,10.0,6.489,75.27,0.2873333333333333,0.718,,,,,,,
2026-09-10T04:40:00+07:00,2026-09-10T04:46:03.908320+07:00,partial,current,6.065138666666667,STA2285,AWS Batur Dieng,-7.20399,109.91158,2078.0,Kab. Banjarnegara,11.32,6.489,,0.0,True,0.0,285.3,0.2,797.5666,,-0.75,0.0,,-0.718,0.0001999999999497,6,10.0,10.0,6.489,,0.0931666666666666,0.356,,,,,,,
2026-09-10T04:50:00+07:00,2026-09-10T05:01:14.152188+07:00,partial,current,11.2358698,STA2285,AWS Batur Dieng,-7.20399,109.91158,2078.0,Kab. Banjarnegara,11.71,6.489,,0.0,True,0.044,273.3,0.2,797.5642,,-0.3699999999999992,0.0,,-0.312,-0.0025999999999157,6,10.0,10.0,6.489,,0.0411666666666666,0.16,,,,,,,
2026-09-10T05:10:00+07:00,2026-09-10T05:16:15.767720+07:00,partial,current,6.262795333333333,STA2285,AWS Batur Dieng,-7.20399,109.91158,2078.0,Kab. Banjarnegara,12.18,6.489,,0.0,True,0.744,281.7,0.2,797.714,,0.5600000000000005,0.0,,0.744,0.2939000000000078,6,10.0,10.0,6.489,,0.2058333333333333,0.744,,,,,,,
2026-09-10T05:20:00+07:00,2026-09-10T05:31:17.346088+07:00,partial,current,11.289101466666668,STA2285,AWS Batur Dieng,-7.20399,109.91158,2078.0,Kab. Banjarnegara,12.08,6.489,,0.0,True,0.058,305.3,0.2,797.7858,,0.2699999999999996,0.0,,0.015,0.2984000000000151,6,10.0,10.0,6.489,,0.2083333333333333,0.744,,,,,,,
2026-09-10T05:40:00+07:00,2026-09-10T05:46:14.831273+07:00,valid,current,6.247187883333334,STA2285,AWS Batur Dieng,-7.20399,109.91158,2078.0,Kab. Banjarnegara,12.44,6.489,97.0,97.0,False,0.0,279.9,0.2,797.8742,11.976726678155355,1.1199999999999992,0.0,,0.0,0.3075999999999794,6,10.0,10.0,6.489,93.45,0.2083333333333333,0.744,,,,,,,
2026-09-10T05:50:00+07:00,2026-09-10T06:01:12.936114+07:00,valid,current,11.2156019,STA2285,AWS Batur Dieng,-7.20399,109.91158,2078.0,Kab. Banjarnegara,12.42,6.489,22.85,22.85,False,0.0,254.0,0.2,797.9353,-8.250260526847766,0.7099999999999991,0.0,,-0.044,0.3710999999999558,6,10.0,10.0,6.489,69.91666666666667,0.201,0.744,,,,,,,
2026-09-10T06:10:00+07:00,2026-09-10T06:16:16.986776+07:00,valid,current,6.283112933333333,STA2285,AWS Batur Dieng,-7.20399,109.91158,2078.0,Kab. Banjarnegara,11.93,6.489,43.67,43.67,False,0.0,149.7,0.2,798.1953,-0.0529163003811733,-0.25,0.0,,-0.744,0.4812999999999192,6,10.0,10.0,6.489,63.355,0.0096666666666666,0.058,,,,,,,
2026-09-10T06:20:00+07:00,2026-09-10T06:31:14.472369+07:00,valid,current,11.24120615,STA2285,AWS Batur Dieng,-7.20399,109.91158,2078.0,Kab. Banjarnegara,11.43,6.489,97.0,97.0,False,0.0,254.0,0.2,798.2033,10.970379099211636,-0.6500000000000004,0.0,,-0.058,0.4175000000000182,6,10.0,10.0,6.489,70.084,0.0,0.0,,,,,,,
2026-09-10T06:40:00+07:00,2026-09-10T06:46:23.308843+07:00,valid,current,6.388480716666667,STA2285,AWS Batur Dieng,-7.20399,109.91158,2078.0,Kab. Banjarnegara,11.4,6.489,97.0,97.0,False,0.0,69.25,0.2,798.4522,10.940487366313764,-1.0399999999999991,0.0,0.0,0.0,0.5779999999999745,6,10.0,10.0,6.489,71.48400000000001,0.0,0.0,,,,,,,
2026-09-10T06:50:00+07:00,2026-09-10T07:08:46.168942+07:00,partial,current,18.76948236666667,STA2285,AWS Batur Dieng,-7.20399,109.91158,,Kab. Banjarnegara,,,,,False,,,,,,,,,,,6,10.0,10.0,6.489,83.64250000000001,0.0,0.0,9.0,9.0,9.0,9.0,9.0,9.0,9.0
2026-09-10T07:10:00+07:00,2026-09-10T07:16:07.104594+07:00,valid,current,6.1184099000000005,STA2285,AWS Batur Dieng,-7.20399,109.91158,2078.0,Kab. Banjarnegara,13.46,12.91,97.0,97.0,False,0.085,232.4,0.0,798.5282,12.99302345107226,1.5300000000000011,6.421,53.33,0.085,0.3328999999999951,6,10.0,10.0,6.489,96.96666666666664,0.0201666666666666,0.085,,,,,,,
2026-09-10T07:20:00+07:00,2026-09-10T07:31:09.563652+07:00,valid,current,11.1593942,STA2285,AWS Batur Dieng,-7.20399,109.91158,2078.0,Kab. Banjarnegara,14.5,12.91,97.0,97.0,False,0.0,277.1,0.0,798.6098,14.029232460806352,3.0700000000000003,6.421,0.0,0.0,0.4064999999999372,6,10.0,10.0,6.489,96.96666666666664,0.0201666666666666,0.085,,,,,,,
2026-09-10T07:40:00+07:00,2026-09-10T07:46:16.933641+07:00,valid,current,6.28222735,STA2285,AWS Batur Dieng,-7.20399,109.91158,2078.0,Kab. Banjarnegara,16.57,12.91,97.0,97.0,False,0.071,255.7,0.0,798.695,16.091641406522143,5.17,6.421,0.0,0.071,0.242800000000102,6,10.0,10.0,6.489,96.98333333333332,0.0469999999999999,0.09,,,,,,,
2026-09-10T07:50:00+07:00,2026-09-10T08:01:15.821766+07:00,valid,current,11.2636961,STA2285,AWS Batur Dieng,-7.20399,109.91158,2078.0,Kab. Banjarnegara,16.57,12.91,96.9,96.9,False,1.097,267.6,0.0,798.7787,16.075473300927502,4.27,6.421,-0.0999999999999943,1.097,0.2555999999999585,6,10.0,10.0,6.489,96.96666666666664,0.2298333333333333,1.097,,,,,,,
2026-09-10T08:10:00+07:00,2026-09-10T08:16:20.155025+07:00,valid,current,6.335917083333333,STA2285,AWS Batur Dieng,-7.20399,109.91158,2078.0,Kab. Banjarnegara,16.61,12.91,97.0,97.0,False,1.475,315.5,0.0,798.862,16.13149412264341,3.1499999999999986,0.0,0.0,1.39,0.3337999999999965,6,10.0,10.0,12.91,96.98333333333332,0.6516666666666667,1.475,,,,,,,
2026-09-10T08:20:00+07:00,2026-09-10T08:31:14.419956+07:00,valid,current,11.2403326,STA2285,AWS Batur Dieng,-7.20399,109.91158,2078.0,Kab. Banjarnegara,16.61,12.91,97.0,97.0,False,1.679,300.2,0.0,798.9903,16.13149412264341,2.1099999999999994,0.0,0.0,1.679,0.3805000000000973,6,10.0,10.0,12.91,96.98333333333332,0.9315,1.679,,,,,,,
2026-09-10T08:30:00+07:00,2026-09-10T08:46:10.799005+07:00,valid,current,16.179983416666666,STA2285,AWS Batur Dieng,-7.20399,109.91158,2078.0,Kab. Banjarnegara,17.22,12.91,97.0,97.0,False,0.989,266.3,0.0,798.9992,16.73924523967432,1.2399999999999984,0.0,0.0,0.899,0.306699999999978,6,10.0,10.0,12.91,96.98333333333332,1.0813333333333333,1.679,,,,,,,
2026-09-10T08:50:00+07:00,2026-09-10T09:02:03.570690+07:00,valid,current,12.0595115,STA2285,AWS Batur Dieng,-7.20399,109.91158,2078.0,Kab. Banjarnegara,17.43,12.91,96.9,96.9,False,1.461,306.8,0.0,799.0699,16.932194616479958,0.8599999999999994,0.0,0.0,0.3640000000000001,0.2912000000000034,6,10.0,10.0,12.91,96.98333333333332,1.3093333333333337,1.679,,,,,,,
2026-09-10T09:10:00+07:00,2026-09-10T09:16:10.157682+07:00,valid,current,6.1692947,STA2285,AWS Batur Dieng,-7.20399,109.91158,2078.0,Kab. Banjarnegara,17.81,12.91,36.03,36.03,False,1.167,256.2,0.0,799.1183,2.543761719702557,1.1999999999999993,0.0,-60.97,-0.308,0.2563000000000102,6,10.0,10.0,12.91,86.82166666666666,1.2966666666666666,1.679,,,,,,,
2026-09-10T09:20:00+07:00,2026-09-10T09:31:10.903812+07:00,partial,current,11.1817302,STA2285,AWS Batur Dieng,-7.20399,109.91158,2078.0,Kab. Banjarnegara,18.6,12.91,,0.0,True,0.798,268.7,0.0,799.1654,,1.990000000000002,0.0,,-0.881,0.1750999999999294,6,10.0,10.0,12.91,84.78599999999999,1.1498333333333333,1.461,,,,,,,
2026-09-10T09:40:00+07:00,2026-09-10T09:46:09.153893+07:00,partial,current,6.152564883333333,STA2285,AWS Batur Dieng,-7.20399,109.91158,2078.0,Kab. Banjarnegara,18.43,12.91,,0.0,True,1.34,304.6,0.0,799.1566,,1.1900000000000013,0.0,,0.2650000000000001,0.1419000000000778,6,10.0,10.0,12.91,76.64333333333333,1.3171666666666666,1.728,,,,,,,
2026-09-10T09:50:00+07:00,2026-09-10T10:01:13.136232+07:00,partial,current,11.2189372,STA2285,AWS Batur Dieng,-7.20399,109.91158,2078.0,Kab. Banjarnegara,18.4,12.91,,0.0,True,1.248,205.6,0.0,799.1349,,0.9699999999999988,0.0,,-0.213,0.0650000000000545,6,10.0,10.0,12.91,66.515,1.2816666666666667,1.728,,,,,,,
2026-09-10T10:10:00+07:00,2026-09-10T10:16:08.867984+07:00,partial,current,6.147799733333333,STA2285,AWS Batur Dieng,-7.20399,109.91158,2078.0,Kab. Banjarnegara,18.36,12.91,,0.0,True,0.807,77.93,0.0,798.9941,,0.5500000000000007,0.0,,-0.36,-0.1241999999999734,6,10.0,10.0,12.91,,1.0933333333333335,1.728,,,,,,,
2026-09-10T10:20:00+07:00,2026-09-10T10:31:20.327372+07:00,valid,current,11.338789533333332,STA2285,AWS Batur Dieng,-7.20399,109.91158,2078.0,Kab. Banjarnegara,19.07,12.91,20.04,20.04,False,0.355,197.1,0.0,798.9523,-4.402047198866894,0.4699999999999988,0.0,,-0.443,-0.2130999999999403,6,10.0,10.0,12.91,20.04,1.0195,1.728,,,,,,,
2026-09-10T10:40:00+07:00,2026-09-10T10:46:14.777459+07:00,valid,current,6.246290983333334,STA2285,AWS Batur Dieng,-7.20399,109.91158,2078.0,Kab. Banjarnegara,19.49,12.91,97.0,97.0,False,1.175,276.8,0.0,798.8343,19.00083021651261,1.0599999999999987,0.0,,-0.165,-0.3223000000000411,6,10.0,10.0,12.91,71.34666666666666,0.9915,1.725,,,,,,,
2026-09-10T10:50:00+07:00,2026-09-10T11:01:12.635145+07:00,valid,current,11.21058575,STA2285,AWS Batur Dieng,-7.20399,109.91158,2078.0,Kab. Banjarnegara,19.03,12.91,95.3,95.3,False,2.081,227.1,0.0,798.7468,18.26040898626568,0.6300000000000026,0.0,,0.833,-0.3881000000000085,6,10.0,10.0,12.91,77.335,1.1303333333333334,2.081,,,,,,,
2026-09-10T11:10:00+07:00,2026-09-10T11:16:14.856716+07:00,partial,current,6.247611933333333,STA2285,AWS Batur Dieng,-7.20399,109.91158,2078.0,Kab. Banjarnegara,19.4,12.91,,0.0,True,2.554,316.7,0.0,798.5346,,1.0399999999999991,0.0,,1.747,-0.4595000000000482,6,10.0,10.0,12.91,77.335,1.608,2.554,,,,,,,
2026-09-10T11:20:00+07:00,2026-09-10T11:31:15.877369+07:00,partial,current,11.264622816666668,STA2285,AWS Batur Dieng,-7.20399,109.91158,2078.0,Kab. Banjarnegara,19.08,12.91,,0.0,True,2.733,299.9,0.0,798.5102,,0.009999999999998,0.0,,2.378,-0.4420999999999822,6,10.0,10.0,12.91,96.43333333333334,2.0043333333333333,2.733,,,,,,,
2026-09-10T11:30:00+07:00,2026-09-10T11:38:30.054343+07:00,partial,current,8.500905716666667,STA2285,AWS Batur Dieng,-7.20399,109.91158,2078.0,Kab. Banjarnegara,18.87,12.91,,0.0,True,2.784,306.3,0.0,798.3901,,0.7300000000000004,0.0,,1.0589999999999995,-0.4673000000000229,6,10.0,10.0,12.91,96.15,2.1808333333333336,2.784,,,,,,,
2026-09-10T11:40:00+07:00,2026-09-10T11:46:09.844831+07:00,partial,current,6.164080516666667,STA2285,AWS Batur Dieng,-7.20399,109.91158,2078.0,Kab. Banjarnegara,19.1,12.91,,0.0,True,2.558,302.8,0.0,798.3221,,-0.389999999999997,0.0,,1.3829999999999998,-0.5122000000000071,6,10.0,10.0,12.91,95.3,2.4113333333333333,2.784,,,,,,,
2026-09-10T12:10:00+07:00,2026-09-10T12:16:06.339923+07:00,valid,current,6.105665383333333,STA2285,AWS Batur Dieng,-7.20399,109.91158,2078.0,Kab. Banjarnegara,18.29,12.91,97.0,97.0,False,1.448,213.2,0.0,798.0353,17.805287766314233,-1.1099999999999994,0.0,,-1.106,-0.4992999999999483,6,10.0,10.0,12.91,70.78999999999999,2.375,2.784,,,,,,,
2026-09-10T12:20:00+07:00,2026-09-10T12:31:01.135583+07:00,valid,current,11.018926383333334,STA2285,AWS Batur Dieng,-7.20399,109.91158,2078.0,Kab. Banjarnegara,18.75,12.91,97.0,97.0,False,2.939,190.2,0.0,797.9668,18.263581445897174,-0.3299999999999983,0.0,,0.2059999999999999,-0.5434000000000196,6,10.0,10.0,12.91,79.52666666666666,2.409333333333333,2.939,,,,,,,
2026-09-10T12:40:00+07:00,2026-09-10T12:46:02.548829+07:00,valid,current,6.042480483333334,STA2285,AWS Batur Dieng,-7.20399,109.91158,2078.0,Kab. Banjarnegara,19.31,12.91,45.72,45.72,False,1.408,265.4,0.0,797.8723,7.310014774156511,0.2099999999999973,0.0,,-1.15,-0.449799999999982,6,10.0,10.0,12.91,76.25999999999999,2.109,2.939,,,,,,,
2026-09-10T12:50:00+07:00,2026-09-10T13:01:27.265946+07:00,partial,current,11.454432433333332,STA2285,AWS Batur Dieng,-7.20399,109.91158,2078.0,Kab. Banjarnegara,18.57,12.91,,0.0,True,3.287,291.2,0.0,797.7622,,0.1000000000000014,0.0,,0.7549999999999999,-0.4786000000000285,6,10.0,10.0,12.91,76.25999999999999,2.234833333333333,3.287,,,,,,,
2026-09-10T13:10:00+07:00,2026-09-10T13:16:15.064723+07:00,valid,current,6.251078716666667,STA2285,AWS Batur Dieng,-7.20399,109.91158,2078.0,Kab. Banjarnegara,19.97,12.91,97.0,97.0,False,0.594,171.0,0.0,797.5594,19.479041494495764,1.6799999999999995,0.0,0.0,-0.854,-0.4759000000000242,6,10.0,10.0,12.91,76.078,2.1511666666666662,3.287,,,,,,,
2026-09-10T13:20:00+07:00,2026-09-10T13:31:09.796135+07:00,valid,current,11.163268916666668,STA2285,AWS Batur Dieng,-7.20399,109.91158,2078.0,Kab. Banjarnegara,20.48,12.91,97.0,97.0,False,1.86,274.8,0.0,797.3839,19.98713740723428,1.7300000000000004,0.0,0.0,-1.079,-0.5828999999999951,6,10.0,10.0,12.91,76.078,1.9713333333333327,3.287,,,,,,,
2026-09-10T13:40:00+07:00,2026-09-10T13:46:40.700793+07:00,partial,current,6.67834655,STA2285,AWS Batur Dieng,-7.20399,109.91158,2078.0,Kab. Banjarnegara,20.16,12.91,,0.0,True,1.63,214.6,0.0,797.163,,0.8500000000000014,0.0,,0.2219999999999999,-0.7092999999999847,6,10.0,10.0,12.91,60.974500000000006,2.019,3.287,,,,,,,
2026-09-10T13:50:00+07:00,2026-09-10T14:01:25.419579+07:00,partial,current,11.42365965,STA2285,AWS Batur Dieng,-7.20399,109.91158,2078.0,Kab. Banjarnegara,18.37,12.91,,0.0,True,1.709,145.5,0.0,797.0304,,-0.1999999999999993,0.0,,-1.5779999999999998,-0.7318000000000211,6,10.0,10.0,12.91,60.974500000000006,1.7560000000000002,2.547,,,,,,,
2026-09-10T14:10:00+07:00,2026-09-10T14:16:14.721807+07:00,valid,current,6.24536345,STA2285,AWS Batur Dieng,-7.20399,109.91158,2078.0,Kab. Banjarnegara,17.53,12.91,80.3,80.3,False,1.46,107.3,0.0,796.8671,14.09820076378548,-2.4399999999999977,0.0,-16.700000000000003,0.866,-0.692299999999932,6,10.0,10.0,12.91,61.176,1.5061666666666664,2.196,,,,,,,
2026-09-10T14:20:00+07:00,2026-09-10T14:31:20.499661+07:00,valid,current,11.341661016666666,STA2285,AWS Batur Dieng,-7.20399,109.91158,2078.0,Kab. Banjarnegara,16.7,12.91,97.0,97.0,False,1.552,127.9,0.0,796.8506,16.221162651180315,-3.780000000000001,0.0,0.0,-0.308,-0.5333000000000538,6,10.0,10.0,12.91,61.176,1.4548333333333334,2.196,,,,,,,
2026-09-10T14:40:00+07:00,2026-09-10T14:46:17.430100+07:00,valid,current,6.290501666666667,STA2285,AWS Batur Dieng,-7.20399,109.91158,2078.0,Kab. Banjarnegara,16.76,12.91,97.0,97.0,False,1.691,129.2,0.0,796.8279,16.28094160656199,-3.3999999999999986,0.0,,0.0610000000000001,-0.3351000000000113,6,10.0,10.0,12.91,92.825,1.1516666666666666,1.709,,,,,,,
2026-09-10T14:50:00+07:00,2026-09-10T15:01:52.122938+07:00,valid,current,11.868715633333332,STA2285,AWS Batur Dieng,-7.20399,109.91158,2078.0,Kab. Banjarnegara,16.86,12.91,92.2,92.2,False,0.558,164.5,0.0,796.8126,15.585673136849984,-1.5100000000000016,0.0,,-1.151,-0.2178000000000111,6,10.0,10.0,12.91,92.7,0.9598333333333332,1.691,,,,,,,
2026-09-10T15:10:00+07:00,2026-09-10T15:16:52.784374+07:00,partial,current,6.879739566666667,STA2285,AWS Batur Dieng,-7.20399,109.91158,2078.0,Kab. Banjarnegara,16.72,12.91,,0.0,True,0.3,134.8,0.0,796.6986,,-0.8100000000000023,0.0,,-1.16,-0.1684999999999945,6,10.0,10.0,12.91,95.8,0.8208333333333333,1.691,,,,,,,
2026-09-10T15:20:00+07:00,2026-09-10T15:31:11.909116+07:00,partial,current,11.198485266666667,STA2285,AWS Batur Dieng,-7.20399,109.91158,2078.0,Kab. Banjarnegara,17.1,12.91,,0.0,True,0.313,60.68,0.0,796.5566,,0.4000000000000021,0.0,,-1.239,-0.2939999999999827,6,10.0,10.0,12.91,95.4,0.6143333333333334,1.691,,,,,,,
2026-09-10T15:40:00+07:00,2026-09-10T15:46:19.320558+07:00,valid,current,6.3220093,STA2285,AWS Batur Dieng,-7.20399,109.91158,2078.0,Kab. Banjarnegara,16.1,12.91,96.9,96.9,False,1.613,241.7,0.0,796.743,15.607260570914336,-0.6600000000000001,0.0,-0.0999999999999943,-0.078,-0.0848999999999478,6,10.0,10.0,12.91,92.16666666666669,0.5728333333333334,1.613,,,,,,,
2026-09-10T15:50:00+07:00,2026-09-10T16:01:22.642865+07:00,valid,current,11.377381083333336,STA2285,AWS Batur Dieng,-7.20399,109.91158,2078.0,Kab. Banjarnegara,15.95,12.91,97.0,97.0,False,0.562,225.6,0.0,796.833,15.473921412991162,-0.91,0.0,4.799999999999997,0.004,0.020399999999995,6,10.0,10.0,12.91,93.76666666666668,0.5735,1.613,,,,,,,
2026-09-10T16:00:00+07:00,2026-09-10T16:11:45.922061+07:00,valid,current,11.765367683333332,STA2285,AWS Batur Dieng,-7.20399,109.91158,2078.0,Kab. Banjarnegara,16.24,12.91,97.0,97.0,False,0.534,216.5,0.0,796.8412,15.762855635095269,-0.8300000000000018,0.0,,0.026,0.1417999999999892,6,10.0,10.0,12.91,94.575,0.5778333333333333,1.613,,,,,,,
2026-09-10T16:10:00+07:00,2026-09-10T16:16:21.149112+07:00,valid,current,6.3524852,STA2285,AWS Batur Dieng,-7.20399,109.91158,2078.0,Kab. Banjarnegara,16.22,12.91,50.17,50.17,False,0.494,144.1,0.0,796.8894,5.83047766903771,-0.5,0.0,,0.194,0.1907999999999674,6,10.0,10.0,12.91,85.694,0.6101666666666666,1.613,,,,,,,
2026-09-10T16:20:00+07:00,2026-09-10T16:31:12.318715+07:00,partial,current,11.205311916666666,STA2285,AWS Batur Dieng,-7.20399,109.91158,2078.0,Kab. Banjarnegara,16.06,12.91,,0.0,True,0.593,228.8,0.0,796.995,,-1.0400000000000027,0.0,,0.2799999999999999,0.4384000000000014,6,10.0,10.0,12.91,85.694,0.6568333333333333,1.613,,,,,,,
2026-09-10T16:40:00+07:00,2026-09-10T16:46:18.165703+07:00,valid,current,6.302761716666667,STA2285,AWS Batur Dieng,-7.20399,109.91158,2078.0,Kab. Banjarnegara,16.39,12.91,40.3,40.3,False,0.377,111.2,0.0,797.0898,2.8555312875786605,0.2899999999999991,0.0,-56.60000000000001,-1.236,0.3467999999999165,6,10.0,10.0,12.91,71.1175,0.4356666666666666,0.593,,,,,,,
2026-09-10T16:50:00+07:00,2026-09-10T17:01:16.391520+07:00,valid,current,11.273192,STA2285,AWS Batur Dieng,-7.20399,109.91158,2078.0,Kab. Banjarnegara,16.18,12.91,97.0,97.0,False,0.424,160.1,0.0,797.1328,15.703076238453846,0.2300000000000004,0.0,0.0,-0.138,0.2998000000000047,6,10.0,10.0,12.91,71.1175,0.4126666666666667,0.593,,,,,,,
2026-09-10T17:10:00+07:00,2026-09-10T17:16:12.365761+07:00,valid,current,6.206096016666667,STA2285,AWS Batur Dieng,-7.20399,109.91158,2078.0,Kab. Banjarnegara,15.77,12.91,19.93,19.93,False,0.038,148.1,0.0,797.1408,-7.212049250545615,-0.4499999999999993,0.0,-30.24,-0.456,0.2513999999999896,6,10.0,10.0,12.91,63.557500000000005,0.3611666666666666,0.681,,,,,,,
2026-09-10T17:20:00+07:00,2026-09-10T17:31:20.396447+07:00,partial,current,11.339940783333333,STA2285,AWS Batur Dieng,-7.20399,109.91158,2078.0,Kab. Banjarnegara,15.61,12.91,,0.0,True,0.548,125.4,0.0,797.2262,,-0.4499999999999993,0.0,,-0.0449999999999999,0.2311999999999443,6,10.0,10.0,12.91,63.557500000000005,0.3536666666666666,0.681,,,,,,,
2026-09-10T17:40:00+07:00,2026-09-10T17:46:05.533757+07:00,valid,current,6.092229283333333,STA2285,AWS Batur Dieng,-7.20399,109.91158,2078.0,Kab. Banjarnegara,15.02,12.91,89.9,89.9,False,0.787,136.5,0.0,797.2937,13.375271916313135,-1.370000000000001,0.0,49.60000000000001,0.41,0.203899999999976,6,10.0,10.0,12.91,75.95750000000001,0.506,0.787,,,,,,,
2026-09-10T18:10:00+07:00,2026-09-10T18:16:20.872090+07:00,valid,current,6.347868166666667,STA2285,AWS Batur Dieng,-7.20399,109.91158,2078.0,Kab. Banjarnegara,14.66,12.91,97.0,97.0,False,0.129,84.8,0.0,797.5854,14.188647873746918,-1.1099999999999994,0.0,77.07,0.091,0.4446000000000367,6,10.0,10.0,12.91,95.2,0.363,0.787,,,,,,,
2026-09-10T18:20:00+07:00,2026-09-10T18:31:29.157319+07:00,valid,current,11.485955316666669,STA2285,AWS Batur Dieng,-7.20399,109.91158,2078.0,Kab. Banjarnegara,14.32,12.91,97.0,97.0,False,0.0,104.8,0.0,797.7046,13.849889688456006,-1.2899999999999991,0.0,,-0.548,0.4784000000000787,6,10.0,10.0,12.91,95.56,0.2716666666666666,0.787,,,,,,,
2026-09-10T18:40:00+07:00,2026-09-10T18:46:20.124735+07:00,valid,current,6.33541225,STA2285,AWS Batur Dieng,-7.20399,109.91158,2078.0,Kab. Banjarnegara,13.64,12.91,97.0,97.0,False,0.0,145.4,0.0,797.7315,13.172368412865923,-1.379999999999999,0.0,7.099999999999994,-0.787,0.4378000000000384,6,10.0,10.0,12.91,96.98333333333332,0.0475,0.156,,,,,,,
2026-09-10T18:50:00+07:00,2026-09-10T19:01:10.548754+07:00,valid,current,11.175812566666668,STA2285,AWS Batur Dieng,-7.20399,109.91158,2078.0,Kab. Banjarnegara,13.1,12.88,97.0,97.0,False,0.0,36.02,0.0,797.8405,12.634332152701225,-1.790000000000001,-0.0299999999999993,0.0,-0.156,0.4365999999999985,6,10.0,10.0,12.88,96.98333333333332,0.0215,0.129,,,,,,,
2026-09-10T19:20:00+07:00,2026-09-10T19:31:07.591051+07:00,valid,current,11.126517516666668,STA2285,AWS Batur Dieng,-7.20399,109.91158,2078.0,Kab. Banjarnegara,12.76,12.25,96.9,96.9,False,0.0,91.5,0.0,797.9989,12.279868576030497,-1.5600000000000005,-0.6600000000000001,-0.0999999999999943,0.0,0.2943000000000211,6,10.0,10.0,12.25,96.96666666666664,0.0,0.0,,,,,,,
2026-09-10T19:40:00+07:00,2026-09-10T19:46:40.664958+07:00,valid,current,6.6777493,STA2285,AWS Batur Dieng,-7.20399,109.91158,2078.0,Kab. Banjarnegara,12.9,12.25,97.0,97.0,False,0.0,72.29,0.0,798.2034,12.435058417101136,-0.7400000000000002,-0.6600000000000001,0.0,0.0,0.4719000000000051,6,10.0,10.0,12.25,96.96666666666664,0.0,0.0,,,,,,,
2026-09-10T19:50:00+07:00,2026-09-10T20:01:10.577879+07:00,valid,current,11.176297983333336,STA2285,AWS Batur Dieng,-7.20399,109.91158,2078.0,Kab. Banjarnegara,12.65,12.25,97.0,97.0,False,0.0,90.6,0.0,798.3236,12.185965451999852,-0.4499999999999993,-0.6300000000000008,0.0,0.0,0.4831000000000358,6,10.0,10.0,12.25,96.96666666666664,0.0,0.0,,,,,,,
2026-09-10T20:10:00+07:00,2026-09-10T20:16:22.874348+07:00,valid,current,6.381239133333334,STA2285,AWS Batur Dieng,-7.20399,109.91158,2078.0,Kab. Banjarnegara,12.94,12.25,47.79,47.79,False,0.0,75.41,0.0,798.5103,2.1227197384523446,0.209999999999999,0.0,-49.11000000000001,0.0,0.6229000000000724,6,10.0,10.0,12.25,88.78166666666665,0.0,0.0,,,,,,,
2026-09-10T20:20:00+07:00,2026-09-10T20:31:21.541392+07:00,partial,current,11.3590232,STA2285,AWS Batur Dieng,-7.20399,109.91158,2078.0,Kab. Banjarnegara,12.81,12.25,,0.0,True,0.0,82.5,0.0,798.5107,,0.0500000000000007,0.0,,0.0,0.5117999999999938,6,10.0,10.0,12.25,87.158,0.0,0.0,,,,,,,
2026-09-10T20:30:00+07:00,2026-09-10T20:41:50.422254+07:00,partial,current,11.8403709,STA2285,AWS Batur Dieng,-7.20399,109.91158,2078.0,Kab. Banjarnegara,12.4,12.12,,0.0,True,0.0,126.1,0.0,798.5101,,-0.91,-0.1300000000000007,,0.0,0.4742999999999711,6,10.0,10.0,12.12,84.6975,0.0,0.0,,,,,,,
2026-09-10T20:40:00+07:00,2026-09-10T20:46:10.233166+07:00,valid,current,6.170552766666666,STA2285,AWS Batur Dieng,-7.20399,109.91158,2078.0,Kab. Banjarnegara,12.03,11.82,14.1,14.1,False,0.0,105.6,0.0,798.5086,-14.615759474597924,-0.870000000000001,-0.4299999999999997,-82.9,0.0,0.3052000000000134,6,10.0,10.0,11.82,63.9725,0.0,0.0,,,,,,,
2026-09-10T20:50:00+07:00,2026-09-10T21:01:12.349157+07:00,valid,current,11.205819283333334,STA2285,AWS Batur Dieng,-7.20399,109.91158,2078.0,Kab. Banjarnegara,11.96,11.74,97.0,97.0,False,0.0,96.7,0.0,798.5327,11.498464281377188,-0.6899999999999995,-0.5099999999999998,0.0,0.0,0.2090999999999212,6,10.0,10.0,11.74,63.9725,0.0,0.0,,,,,,,
2026-09-10T21:10:00+07:00,2026-09-10T21:16:09.142902+07:00,valid,current,6.1523817,STA2285,AWS Batur Dieng,-7.20399,109.91158,2078.0,Kab. Banjarnegara,12.06,11.74,97.0,97.0,False,0.0,105.8,0.0,798.6577,11.598102549446548,-0.879999999999999,-0.5099999999999998,49.21,0.0,0.1473999999999478,6,10.0,10.0,11.74,76.275,0.0,0.0,,,,,,,
2026-09-10T21:20:00+07:00,2026-09-10T21:31:18.598156+07:00,valid,current,11.309969266666666,STA2285,AWS Batur Dieng,-7.20399,109.91158,2078.0,Kab. Banjarnegara,11.36,11.04,96.9,96.9,False,0.0,41.25,0.0,798.7671,10.885104859028058,-1.450000000000001,-1.2100000000000009,,0.0,0.2563999999999851,6,10.0,10.0,11.04,80.4,0.0,0.0,,,,,,,
2026-09-10T21:40:00+07:00,2026-09-10T21:46:16.114765+07:00,valid,current,6.268579416666666,STA2285,AWS Batur Dieng,-7.20399,109.91158,2078.0,Kab. Banjarnegara,11.12,10.85,97.0,97.0,False,0.012,77.37,0.0,798.9519,10.661497245395951,-0.91,-0.9700000000000006,82.9,0.012,0.443300000000022,6,10.0,10.0,10.85,96.98333333333332,0.002,0.012,,,,,,,
2026-09-10T21:50:00+07:00,2026-09-10T22:01:10.359725+07:00,valid,current,11.172662083333334,STA2285,AWS Batur Dieng,-7.20399,109.91158,2078.0,Kab. Banjarnegara,11.23,10.85,97.0,97.0,False,0.0,83.5,0.0,798.9511,10.77110063943629,-0.7300000000000004,-0.8900000000000006,0.0,0.0,0.4184000000000196,6,10.0,10.0,10.85,96.98333333333332,0.002,0.012,,,,,,,
2026-09-10T22:10:00+07:00,2026-09-10T22:16:15.170902+07:00,valid,current,6.252848366666667,STA2285,AWS Batur Dieng,-7.20399,109.91158,2078.0,Kab. Banjarnegara,11.69,10.85,97.0,97.0,False,0.0,41.2,0.0,799.1466,11.22944025108132,-0.370000000000001,-0.8900000000000006,0.0,0.0,0.4889000000000578,6,10.0,10.0,10.85,96.98333333333332,0.0128333333333333,0.065,,,,,,,
2026-09-10T22:20:00+07:00,2026-09-10T22:31:21.634463+07:00,valid,current,11.360574383333333,STA2285,AWS Batur Dieng,-7.20399,109.91158,2078.0,Kab. Banjarnegara,11.48,10.85,60.92,60.92,False,0.0,33.27,0.0,799.2586,4.199327913475812,0.120000000000001,-0.1899999999999995,-35.980000000000004,0.0,0.4914999999999736,6,10.0,10.0,10.85,90.98666666666666,0.0128333333333333,0.065,,,,,,,
2026-09-10T22:40:00+07:00,2026-09-10T22:46:14.303856+07:00,valid,current,6.2383976,STA2285,AWS Batur Dieng,-7.20399,109.91158,2078.0,Kab. Banjarnegara,11.18,10.85,93.3,93.3,False,0.0,286.4,0.0,799.2579,10.137980805883606,0.0600000000000005,0.0,-3.700000000000003,-0.012,0.3059999999999263,6,10.0,10.0,10.85,76.67,0.0108333333333333,0.065,,,,,,,
2026-09-10T22:50:00+07:00,2026-09-10T23:01:11.021554+07:00,valid,current,11.183692566666668,STA2285,AWS Batur Dieng,-7.20399,109.91158,2078.0,Kab. Banjarnegara,10.96,10.81,97.0,97.0,False,0.0,34.97,0.0,799.2581,10.502073821269397,-0.2699999999999996,-0.0399999999999991,0.0,0.0,0.3070000000000163,6,10.0,10.0,10.81,76.67,0.0108333333333333,0.065,,,,,,,
2026-09-10T23:10:00+07:00,2026-09-10T23:16:15.631854+07:00,valid,current,6.2605309,STA2285,AWS Batur Dieng,-7.20399,109.91158,2078.0,Kab. Banjarnegara,10.6,10.43,97.0,97.0,False,0.0,125.0,0.0,799.2554,10.143369793048183,-1.09,-0.4199999999999999,0.0,0.0,0.1087999999999738,6,10.0,10.0,10.43,76.67,0.0,0.0,,,,,,,
2026-09-10T23:20:00+07:00,2026-09-10T23:31:16.947483+07:00,valid,current,11.28245805,STA2285,AWS Batur Dieng,-7.20399,109.91158,2078.0,Kab. Banjarnegara,10.43,9.97,96.9,96.9,False,0.0,208.3,0.0,799.2556,9.958567406188653,-1.0500000000000007,-0.879999999999999,35.980000000000004,0.0,-0.0030000000000427,6,10.0,10.0,9.97,82.66666666666667,0.0,0.0,,,,,,,
2026-09-10T23:40:00+07:00,2026-09-10T23:46:23.589855+07:00,valid,current,6.39316425,STA2285,AWS Batur Dieng,-7.20399,109.91158,2078.0,Kab. Banjarnegara,9.51,9.1,97.0,97.0,False,0.0,38.09,0.0,799.0506,9.057282529686685,-1.67,-1.75,3.700000000000003,0.0,-0.2072999999999183,6,10.0,10.0,9.1,96.98333333333332,0.0,0.0,,,,,,,
2026-09-10T23:50:00+07:00,2026-09-11T00:01:32.678229+07:00,valid,current,11.54463715,STA2285,AWS Batur Dieng,-7.20399,109.91158,2078.0,Kab. Banjarnegara,10.02,9.1,97.0,97.0,False,0.0,346.6,0.0,798.9477,9.56545389172707,-0.9400000000000012,-1.7100000000000009,0.0,0.0,-0.3103999999999587,6,10.0,10.0,9.1,96.98333333333332,0.0,0.0,,,,,,,
2026-09-11T00:10:00+07:00,2026-09-11T00:19:37.218256+07:00,valid,current,9.620304266666666,STA2285,AWS Batur Dieng,-7.20399,109.91158,2078.0,Kab. Banjarnegara,9.76,9.1,96.9,96.9,False,0.0,88.6,0.0,798.9467,9.291054092527723,-0.8399999999999999,-1.33,-0.0999999999999943,0.0,-0.3087000000000444,6,10.0,10.0,9.1,96.96666666666664,0.0,0.0,,,,,,,
2026-09-11T00:20:00+07:00,2026-09-11T00:31:14.713757+07:00,valid,current,11.245229283333334,STA2285,AWS Batur Dieng,-7.20399,109.91158,2078.0,Kab. Banjarnegara,9.5,9.1,97.0,97.0,False,0.0,92.1,0.0,798.9391,9.04731834855598,-0.9299999999999996,-0.870000000000001,0.0999999999999943,0.0,-0.3164999999999054,6,10.0,10.0,9.1,96.98333333333332,0.0,0.0,,,,,,,
2026-09-11T00:40:00+07:00,2026-09-11T00:46:15.865809+07:00,valid,current,6.26443015,STA2285,AWS Batur Dieng,-7.20399,109.91158,2078.0,Kab. Banjarnegara,9.04,8.05,97.0,97.0,False,0.0,98.1,0.0,798.7166,8.588964487460133,-0.4700000000000006,-1.049999999999999,0.0,0.0,-0.33400000000006,6,10.0,10.0,8.05,96.98333333333332,0.0,0.0,,,,,,,
2026-09-11T00:50:00+07:00,2026-09-11T01:01:17.522398+07:00,valid,current,11.292039966666666,STA2285,AWS Batur Dieng,-7.20399,109.91158,2078.0,Kab. Banjarnegara,8.89,8.05,96.9,96.9,False,0.0,300.1,0.0,798.7813,8.424273278475763,-1.129999999999999,-1.049999999999999,-0.0999999999999943,0.0,-0.1664000000000669,6,10.0,10.0,8.05,96.96666666666664,0.0,0.0,,,,,,,
2026-09-11T01:10:00+07:00,2026-09-11T01:16:08.461378+07:00,valid,current,6.141022966666667,STA2285,AWS Batur Dieng,-7.20399,109.91158,2078.0,Kab. Banjarnegara,7.833,7.517,97.0,97.0,False,0.0,29.34,0.0,798.5526,7.38626958218904,-1.927,-1.5829999999999993,0.0999999999999943,0.0,-0.3940999999999803,6,10.0,10.0,7.517,96.98333333333332,0.0,0.0,,,,,,,
2026-09-11T01:20:00+07:00,2026-09-11T01:31:15.793656+07:00,valid,current,11.2632276,STA2285,AWS Batur Dieng,-7.20399,109.91158,2078.0,Kab. Banjarnegara,7.729,7.517,33.97,33.97,False,0.0,37.41,0.0,798.499,-7.179121502062841,-1.771,-1.5829999999999993,-63.03,0.0,-0.4401000000000294,6,10.0,10.0,7.517,86.47833333333334,0.0,0.0,,,,,,,
2026-09-11T01:40:00+07:00,2026-09-11T01:46:12.943467+07:00,partial,current,6.21572445,STA2285,AWS Batur Dieng,-7.20399,109.91158,2078.0,Kab. Banjarnegara,7.289,6.497,,0.0,True,0.0,173.7,0.0,798.4982,,-1.7509999999999994,-1.5530000000000008,,0.0,-0.2183999999999741,6,10.0,10.0,6.497,81.2175,0.0,0.0,,,,,,,
2026-09-11T01:50:00+07:00,2026-09-11T02:01:11.619978+07:00,partial,current,11.1936663,STA2285,AWS Batur Dieng,-7.20399,109.91158,2078.0,Kab. Banjarnegara,7.277,6.497,,0.0,True,0.0,36.79,0.0,798.3379,,-1.6130000000000004,-1.5530000000000008,,0.0,-0.4433999999999969,6,10.0,10.0,6.497,75.99,0.0,0.0,,,,,,,
2026-09-11T02:10:00+07:00,2026-09-11T02:16:12.926600+07:00,partial,current,6.215443333333334,STA2285,AWS Batur Dieng,-7.20399,109.91158,2078.0,Kab. Banjarnegara,6.993,6.497,,0.0,True,0.0,244.8,0.0,798.4247,,-0.8399999999999999,-1.0200000000000005,,0.0,-0.1278999999999541,6,10.0,10.0,6.497,33.97,0.0,0.0,,,,,,,
2026-09-11T02:20:00+07:00,2026-09-11T02:31:10.572704+07:00,partial,current,11.176211733333334,STA2285,AWS Batur Dieng,-7.20399,109.91158,2078.0,Kab. Banjarnegara,6.703,6.497,,0.0,True,0.0,244.8,0.0,798.3365,,-1.0259999999999998,-1.0200000000000005,,0.0,-0.1625000000000227,6,10.0,10.0,6.497,,0.0,0.0,,,,,,,
2026-09-11T02:40:00+07:00,2026-09-11T02:51:02.700580+07:00,partial,current,11.045009666666664,STA2285,AWS Batur Dieng,-7.20399,109.91158,2078.0,Kab. Banjarnegara,6.659,5.468,,0.0,True,0.0,176.2,0.0,798.1342,,-0.6299999999999999,-1.029,,0.0,-0.3640000000000327,6,10.0,10.0,5.468,,0.0,0.0,,,,,,,
2026-09-11T02:50:00+07:00,2026-09-11T03:01:11.675466+07:00,partial,current,11.1945911,STA2285,AWS Batur Dieng,-7.20399,109.91158,2078.0,Kab. Banjarnegara,6.4,5.468,,0.0,True,0.0,8.31,0.0,798.0414,,-0.8769999999999998,-1.029,,0.0,-0.2965000000000373,6,10.0,10.0,5.468,,0.0,0.0,,,,,,,
2026-09-11T03:20:00+07:00,2026-09-11T03:31:09.935796+07:00,partial,current,11.1655966,STA2285,AWS Batur Dieng,-7.20399,109.91158,2078.0,Kab. Banjarnegara,5.828,5.236,,0.0,True,0.0,244.4,0.2,798.0152,,-0.875,-1.261,,0.0,-0.321299999999951,6,10.0,10.0,5.236,,0.0,0.0,,,,,,,
2026-09-11T03:40:00+07:00,2026-09-11T03:46:06.479316+07:00,partial,current,6.1079886,STA2285,AWS Batur Dieng,-7.20399,109.91158,2078.0,Kab. Banjarnegara,5.652,5.236,,0.0,True,0.0,252.5,0.2,798.0318,,-1.0069999999999997,-0.2320000000000002,,0.0,-0.1023999999999887,6,10.0,10.0,5.236,,0.0,0.0,,,,,,,
2026-09-11T03:50:00+07:00,2026-09-11T04:01:12.672385+07:00,partial,current,11.211206416666666,STA2285,AWS Batur Dieng,-7.20399,109.91158,2078.0,Kab. Banjarnegara,5.649,5.236,,0.0,True,0.0,344.6,0.2,798.0134,,-0.7510000000000003,-0.2320000000000002,,0.0,-0.0279999999999063,6,10.0,10.0,5.236,,0.0,0.0,,,,,,,
2026-09-11T04:10:00+07:00,2026-09-11T04:16:13.831173+07:00,partial,current,6.23051955,STA2285,AWS Batur Dieng,-7.20399,109.91158,2078.0,Kab. Banjarnegara,5.321,4.507,,0.0,True,0.0,4.555,0.2,798.012,,-0.2179999999999999,-0.7290000000000001,,0.0,-0.0045000000000072,6,10.0,10.0,4.507,,0.0,0.0,,,,,,,
2026-09-11T04:20:00+07:00,2026-09-11T04:31:16.659581+07:00,partial,current,11.277659683333331,STA2285,AWS Batur Dieng,-7.20399,109.91158,2078.0,Kab. Banjarnegara,5.188,4.507,,0.0,True,0.0,91.2,0.2,798.0722,,-0.6400000000000006,-0.7290000000000001,,0.0,0.0569999999999026,6,10.0,10.0,4.507,,0.0,0.0,,,,,,,
2026-09-11T04:40:00+07:00,2026-09-11T04:46:10.129527+07:00,partial,current,6.16882545,STA2285,AWS Batur Dieng,-7.20399,109.91158,2078.0,Kab. Banjarnegara,4.931,4.424,,0.0,True,0.0,98.6,0.2,798.1708,,-0.7210000000000001,-0.8119999999999994,,0.0,0.13900000000001,6,10.0,10.0,4.424,,0.0,0.0,,,,,,,
2026-09-11T04:50:00+07:00,2026-09-11T05:01:29.132280+07:00,partial,current,11.485538,STA2285,AWS Batur Dieng,-7.20399,109.91158,2078.0,Kab. Banjarnegara,4.814,4.424,,0.0,True,0.0,115.4,0.2,798.283,,-0.835,-0.8119999999999994,,0.0,0.2695999999999685,6,10.0,10.0,4.424,,0.0,0.0,,,,,,,
2026-09-11T05:10:00+07:00,2026-09-11T05:16:11.083896+07:00,valid,current,6.1847316,STA2285,AWS Batur Dieng,-7.20399,109.91158,2078.0,Kab. Banjarnegara,5.641,4.323,29.11,29.11,False,0.0,146.2,0.2,798.4826,-10.984469774744882,0.3200000000000003,-0.1839999999999992,,0.0,0.470600000000104,6,10.0,10.0,4.323,29.11,0.0,0.0,,,,,,,
2026-09-11T05:20:00+07:00,2026-09-11T05:31:14.773822+07:00,valid,current,11.246230366666667,STA2285,AWS Batur Dieng,-7.20399,109.91158,2078.0,Kab. Banjarnegara,4.946,4.323,97.0,97.0,False,0.0,163.0,0.2,798.4828,4.509483258413878,-0.242,-0.1839999999999992,,0.0,0.4106000000000449,6,10.0,10.0,4.323,63.055,0.0,0.0,,,,,,,
2026-09-11T05:40:00+07:00,2026-09-11T05:46:00.783474+07:00,valid,current,6.013057900000001,STA2285,AWS Batur Dieng,-7.20399,109.91158,2078.0,Kab. Banjarnegara,5.045,4.323,96.9,96.9,False,0.0,88.5,0.2,798.483,4.593368058831286,0.1139999999999998,-0.1009999999999999,,0.0,0.3121999999999616,6,10.0,10.0,4.323,80.0025,0.0,0.0,,,,,,,
2026-09-11T05:50:00+07:00,2026-09-11T06:01:15.687597+07:00,valid,current,11.26145995,STA2285,AWS Batur Dieng,-7.20399,109.91158,2078.0,Kab. Banjarnegara,5.121,4.323,97.0,97.0,False,0.0,88.5,0.2,798.6318,4.683867497397572,0.3070000000000004,-0.1009999999999999,,0.0,0.3487999999999829,6,10.0,10.0,4.323,83.402,0.0,0.0,,,,,,,
2026-09-11T06:10:00+07:00,2026-09-11T06:16:04.615199+07:00,valid,current,6.076919983333334,STA2285,AWS Batur Dieng,-7.20399,109.91158,2078.0,Kab. Banjarnegara,5.072,4.323,97.0,97.0,False,0.0,137.4,0.2,798.7793,4.635039954152018,-0.569,0.0,67.89,0.0,0.2966999999999871,6,10.0,10.0,4.323,96.98333333333332,0.0,0.0,,,,,,,
2026-09-11T06:20:00+07:00,2026-09-11T06:31:07.432831+07:00,valid,current,11.123880516666668,STA2285,AWS Batur Dieng,-7.20399,109.91158,2078.0,Kab. Banjarnegara,5.735,4.323,96.9,96.9,False,0.0,161.0,0.2,798.7841,5.28085461246434,0.7890000000000006,0.0,-0.0999999999999943,0.0,0.3012999999999692,6,10.0,10.0,4.323,96.96666666666664,0.0,0.0,,,,,,,
2026-09-11T06:40:00+07:00,2026-09-11T06:46:12.633714+07:00,valid,current,6.2105619,STA2285,AWS Batur Dieng,-7.20399,109.91158,2078.0,Kab. Banjarnegara,9.52,4.323,30.2,30.2,False,0.0,53.73,0.2,798.955,-7.133690059110795,4.475,0.0,-66.7,0.0,0.4720000000000937,6,10.0,10.0,4.323,85.85000000000001,0.0,0.0,,,,,,,
2026-09-11T06:50:00+07:00,2026-09-11T07:04:15.884361+07:00,partial,current,14.26473935,STA2285,AWS Batur Dieng,-7.20399,109.91158,,Kab. Banjarnegara,,,,,False,,,,,,,,,,,6,10.0,10.0,4.323,96.975,0.0,0.0,9.0,9.0,9.0,9.0,9.0,9.0,9.0
2026-09-11T07:10:00+07:00,2026-09-11T07:16:19.557888+07:00,valid,current,6.3259648,STA2285,AWS Batur Dieng,-7.20399,109.91158,2078.0,Kab. Banjarnegara,12.6,12.14,15.51,15.51,False,0.0,126.5,0.0,799.0569,-12.987159961898367,7.528,7.817,-81.49,0.0,0.2776000000000067,6,10.0,10.0,4.323,62.00333333333333,0.0,0.0,,,,,,,
2026-09-11T07:20:00+07:00,2026-09-11T07:31:18.819965+07:00,valid,current,11.313666083333334,STA2285,AWS Batur Dieng,-7.20399,109.91158,2078.0,Kab. Banjarnegara,14.38,12.14,81.0,81.0,False,0.0,84.9,0.0,799.1398,11.16100318426302,8.645,7.817,-15.900000000000006,0.0,0.3557000000000698,6,10.0,10.0,4.323,59.35333333333333,0.0,0.0,,,,,,,
2026-09-11T07:40:00+07:00,2026-09-11T07:46:19.520752+07:00,valid,current,6.325345866666667,STA2285,AWS Batur Dieng,-7.20399,109.91158,2078.0,Kab. Banjarnegara,17.05,12.14,96.9,96.9,False,0.0,95.4,0.0,799.3718,16.553644670764132,7.530000000000001,7.817,66.7,0.0,0.4167999999999665,6,10.0,10.0,4.323,70.46999999999998,0.0,0.0,,,,,,,
2026-09-11T07:50:00+07:00,2026-09-11T08:01:18.466914+07:00,valid,current,11.3077819,STA2285,AWS Batur Dieng,-7.20399,109.91158,2078.0,Kab. Banjarnegara,17.41,12.14,97.0,97.0,False,0.0,92.8,0.0,799.4663,16.928543693080314,7.01,7.817,61.59,0.0,0.5076999999999998,6,10.0,10.0,4.323,80.735,0.0,0.0,,,,,,,
2026-09-11T08:10:00+07:00,2026-09-11T08:16:12.735826+07:00,valid,current,6.212263766666666,STA2285,AWS Batur Dieng,-7.20399,109.91158,2078.0,Kab. Banjarnegara,17.87,12.14,97.0,97.0,False,0.0,97.9,0.0,799.7172,17.38684309752943,5.270000000000001,0.0,81.49,0.0,0.6603000000000065,6,10.0,10.0,12.14,94.31666666666666,0.0,0.0,,,,,,,
2026-09-11T08:20:00+07:00,2026-09-11T08:31:20.792765+07:00,valid,current,11.346546083333331,STA2285,AWS Batur Dieng,-7.20399,109.91158,2078.0,Kab. Banjarnegara,18.54,12.14,95.5,95.5,False,0.425,88.4,0.0,799.8117,17.80657576187864,4.159999999999998,0.0,14.5,0.425,0.6718999999999369,6,10.0,10.0,12.14,96.73333333333332,0.0708333333333333,0.425,,,,,,,
2026-09-11T08:40:00+07:00,2026-09-11T08:46:06.998660+07:00,partial,current,6.1166443333333325,STA2285,AWS Batur Dieng,-7.20399,109.91158,2078.0,Kab. Banjarnegara,18.97,12.14,,0.0,True,0.052,68.36,0.0,800.0986,,1.9199999999999984,0.0,,0.052,0.7268000000000256,6,10.0,10.0,12.14,80.00399999999999,0.1361666666666666,0.425,,,,,,,
2026-09-11T08:50:00+07:00,2026-09-11T09:01:19.029347+07:00,valid,current,11.317155783333334,STA2285,AWS Batur Dieng,-7.20399,109.91158,2078.0,Kab. Banjarnegara,19.42,12.14,18.8,18.8,False,0.094,107.4,0.0,800.0997,-4.960169486616369,2.0100000000000016,0.0,-78.2,0.094,0.6333999999999378,6,10.0,10.0,12.14,64.364,0.1518333333333333,0.425,,,,,,,
2026-09-11T09:10:00+07:00,2026-09-11T09:16:17.092758+07:00,valid,current,6.2848793,STA2285,AWS Batur Dieng,-7.20399,109.91158,2078.0,Kab. Banjarnegara,20.03,12.14,96.9,96.9,False,0.233,104.0,0.0,800.2509,19.5222165600146,2.16,0.0,-0.0999999999999943,0.233,0.5336999999999534,6,10.0,10.0,12.14,64.264,0.234,0.425,,,,,,,
2026-09-11T09:20:00+07:00,2026-09-11T09:31:02.994667+07:00,valid,current,11.049911116666667,STA2285,AWS Batur Dieng,-7.20399,109.91158,2078.0,Kab. Banjarnegara,20.28,12.14,97.0,97.0,False,0.248,62.67,0.0,800.2538,19.78788454651708,1.740000000000002,0.0,1.5,-0.177,0.4420999999999822,6,10.0,10.0,12.14,64.564,0.2045,0.34,,,,,,,
2026-09-11T09:40:00+07:00,2026-09-11T09:46:14.286554+07:00,valid,current,6.238109233333334,STA2285,AWS Batur Dieng,-7.20399,109.91158,2078.0,Kab. Banjarnegara,20.49,12.14,14.0,14.0,False,0.301,147.5,0.0,800.192,-7.946272352607277,1.5199999999999996,0.0,,0.249,0.0933999999999741,6,10.0,10.0,12.14,69.28333333333335,0.2426666666666666,0.32,,,,,,,
2026-09-11T09:50:00+07:00,2026-09-11T10:01:14.901344+07:00,partial,current,11.248355733333334,STA2285,AWS Batur Dieng,-7.20399,109.91158,2078.0,Kab. Banjarnegara,20.49,12.14,,0.0,True,1.456,93.5,0.0,800.0957,,1.0699999999999967,0.0,,1.362,-0.004000000000019,6,10.0,10.0,12.14,79.38,0.4696666666666666,1.456,,,,,,,
2026-09-11T10:10:00+07:00,2026-09-11T10:16:11.868801+07:00,valid,current,6.1978133500000006,STA2285,AWS Batur Dieng,-7.20399,109.91158,2078.0,Kab. Banjarnegara,20.27,12.14,86.4,86.4,False,0.449,227.1,0.0,800.0962,17.92502513217065,0.2399999999999984,0.0,-10.5,0.216,-0.154700000000048,6,10.0,10.0,12.14,59.4656,0.7213333333333334,1.554,,,,,,,
2026-09-11T10:20:00+07:00,2026-09-11T10:31:12.250556+07:00,partial,current,11.204175933333334,STA2285,AWS Batur Dieng,-7.20399,109.91158,2078.0,Kab. Banjarnegara,19.01,12.14,,4.189,True,1.406,280.4,0.0,799.981,,-1.2699999999999996,0.0,,1.158,-0.2727999999999611,6,10.0,10.0,12.14,50.08200000000001,0.9143333333333332,1.554,,,,,,,
2026-09-11T10:40:00+07:00,2026-09-11T10:46:09.944465+07:00,valid,current,6.165741083333333,STA2285,AWS Batur Dieng,-7.20399,109.91158,2078.0,Kab. Banjarnegara,19.68,12.14,97.0,97.0,False,0.814,166.1,0.0,799.6218,19.1901225703254,-0.8099999999999987,0.0,83.0,0.5129999999999999,-0.5701999999999998,6,10.0,10.0,12.14,70.182,1.2543333333333333,1.847,,,,,,,
2026-09-11T10:50:00+07:00,2026-09-11T11:01:15.243066+07:00,valid,current,11.2540511,STA2285,AWS Batur Dieng,-7.20399,109.91158,2078.0,Kab. Banjarnegara,19.33,12.14,97.0,97.0,False,1.428,242.5,0.0,799.622,18.841425733114527,-1.16,0.0,,-0.028,-0.473700000000008,6,10.0,10.0,12.14,75.54560000000001,1.2496666666666667,1.847,,,,,,,
2026-09-11T11:10:00+07:00,2026-09-11T11:16:13.563645+07:00,valid,current,6.22606075,STA2285,AWS Batur Dieng,-7.20399,109.91158,2078.0,Kab. Banjarnegara,18.52,12.14,97.0,97.0,False,0.933,204.7,0.0,799.4631,18.03443498017016,-1.75,0.0,10.599999999999994,0.484,-0.6330999999998994,6,10.0,10.0,12.14,95.56,1.2848333333333333,1.847,,,,,,,
2026-09-11T11:20:00+07:00,2026-09-11T11:31:59.310996+07:00,valid,current,11.9885166,STA2285,AWS Batur Dieng,-7.20399,109.91158,2078.0,Kab. Banjarnegara,18.82,12.14,97.0,97.0,False,2.098,224.8,0.0,799.303,18.33332152610285,-0.1900000000000012,0.0,,0.692,-0.6779999999999973,6,10.0,10.0,12.14,95.8,1.4001666666666666,2.098,,,,,,,
2026-09-11T11:40:00+07:00,2026-09-11T11:46:11.615265+07:00,valid,current,6.193587750000001,STA2285,AWS Batur Dieng,-7.20399,109.91158,2078.0,Kab. Banjarnegara,19.16,12.14,97.0,97.0,False,0.292,268.0,0.0,799.1046,18.672058072818714,-0.5199999999999996,0.0,0.0,-0.522,-0.5172000000000025,6,10.0,10.0,12.14,97.0,1.2364999999999997,2.098,,,,,,,
2026-09-11T11:50:00+07:00,2026-09-11T12:01:17.277964+07:00,valid,current,11.287966066666666,STA2285,AWS Batur Dieng,-7.20399,109.91158,2078.0,Kab. Banjarnegara,19.99,12.14,97.0,97.0,False,0.623,119.3,0.0,799.0094,19.498966893702068,0.6600000000000001,0.0,0.0,-0.8049999999999999,-0.6125999999999294,6,10.0,10.0,12.14,97.0,1.1023333333333334,2.098,,,,,,,
2026-09-11T12:10:00+07:00,2026-09-11T12:16:14.174291+07:00,valid,current,6.236238183333333,STA2285,AWS Batur Dieng,-7.20399,109.91158,2078.0,Kab. Banjarnegara,20.39,12.14,10.44,10.44,False,1.781,148.0,0.0,798.9726,-11.749129346611117,1.870000000000001,0.0,-86.56,0.8479999999999999,-0.4904999999999972,6,10.0,10.0,12.14,82.54,1.4323333333333332,2.413,,,,,,,
2026-09-11T12:20:00+07:00,2026-09-11T12:31:12.436192+07:00,partial,current,11.207269866666667,STA2285,AWS Batur Dieng,-7.20399,109.91158,2078.0,Kab. Banjarnegara,19.45,12.14,,0.0,True,1.71,79.92,0.0,798.845,,0.629999999999999,0.0,,-0.3879999999999999,-0.45799999999997,6,10.0,10.0,12.14,79.648,1.3676666666666666,2.413,,,,,,,
2026-09-11T12:40:00+07:00,2026-09-11T12:46:10.910213+07:00,valid,current,6.181836883333333,STA2285,AWS Batur Dieng,-7.20399,109.91158,2078.0,Kab. Banjarnegara,19.92,12.14,75.59,75.59,False,1.641,115.7,0.0,798.6157,15.478860295977208,0.7600000000000016,0.0,-21.41,1.349,-0.4889000000000578,6,10.0,10.0,12.14,58.198,1.6161666666666663,2.413,,,,,,,
2026-09-11T12:50:00+07:00,2026-09-11T13:01:16.856085+07:00,valid,current,11.28093475,STA2285,AWS Batur Dieng,-7.20399,109.91158,2078.0,Kab. Banjarnegara,20.15,12.14,10.73,10.73,False,0.283,115.3,0.0,798.5494,-11.59203056361128,0.1600000000000001,0.0,-86.27,-0.34,-0.4600000000000364,6,10.0,10.0,12.14,40.944,1.5595,2.413,,,,,,,
2026-09-11T13:10:00+07:00,2026-09-11T13:16:15.457397+07:00,partial,current,6.257623283333333,STA2285,AWS Batur Dieng,-7.20399,109.91158,2078.0,Kab. Banjarnegara,19.94,12.14,,0.0,True,1.991,105.5,0.0,798.3773,,-0.4499999999999993,0.0,,0.2100000000000002,-0.5953000000000657,6,10.0,10.0,12.14,32.49333333333333,1.358,1.991,,,,,,,
2026-09-11T13:20:00+07:00,2026-09-11T13:31:12.947682+07:00,partial,current,11.2157947,STA2285,AWS Batur Dieng,-7.20399,109.91158,2078.0,Kab. Banjarnegara,20.95,12.14,,0.0,True,0.0,120.2,0.0,798.1503,,1.5,0.0,,-1.71,-0.6947000000000116,6,10.0,10.0,12.14,32.49333333333333,1.0730000000000002,1.991,,,,,,,
2026-09-11T13:40:00+07:00,2026-09-11T13:46:19.279416+07:00,valid,current,6.3213236,STA2285,AWS Batur Dieng,-7.20399,109.91158,2078.0,Kab. Banjarnegara,18.63,12.14,26.66,26.66,False,1.844,119.3,0.0,798.0162,-0.922680064664714,-1.2900000000000027,0.0,-48.93000000000001,0.203,-0.5994999999999209,6,10.0,10.0,12.14,18.695,1.1565,1.991,,,,,,,
2026-09-11T13:50:00+07:00,2026-09-11T14:01:18.646928+07:00,valid,current,11.310782133333332,STA2285,AWS Batur Dieng,-7.20399,109.91158,2078.0,Kab. Banjarnegara,18.59,12.14,10.3,10.3,False,1.147,134.4,0.0,797.9234,-13.304334251590722,-1.5599999999999987,0.0,-0.4299999999999997,0.8640000000000001,-0.6259999999999764,6,10.0,10.0,12.14,18.48,1.3005000000000002,1.991,,,,,,,
2026-09-11T14:10:00+07:00,2026-09-11T14:16:20.473192+07:00,valid,current,6.341219866666666,STA2285,AWS Batur Dieng,-7.20399,109.91158,2078.0,Kab. Banjarnegara,19.15,12.14,72.22,72.22,False,1.839,113.1,0.0,797.859,14.029084628529482,-0.7900000000000027,0.0,,-0.1520000000000001,-0.5182999999999538,6,10.0,10.0,12.14,36.39333333333334,1.4591666666666667,2.098,,,,,,,
2026-09-11T14:20:00+07:00,2026-09-11T14:31:49.704270+07:00,valid,current,11.8284045,STA2285,AWS Batur Dieng,-7.20399,109.91158,2078.0,Kab. Banjarnegara,18.91,12.14,97.0,97.0,False,0.175,144.1,0.0,797.7622,18.422987241686105,-2.039999999999999,0.0,,0.175,-0.3881000000000085,6,10.0,10.0,12.14,51.545,1.4883333333333335,2.098,,,,,,,
2026-09-11T14:30:00+07:00,2026-09-11T14:46:47.645083+07:00,valid,current,16.794084716666667,STA2285,AWS Batur Dieng,-7.20399,109.91158,2078.0,Kab. Banjarnegara,18.42,12.14,97.0,97.0,False,0.366,138.8,0.0,797.7617,17.934805848679858,-1.889999999999997,0.0,,-1.461,-0.3153999999999541,6,10.0,10.0,12.14,60.636,1.2448333333333337,2.098,,,,,,,
2026-09-11T14:50:00+07:00,2026-09-11T15:02:05.105543+07:00,valid,current,12.085092383333334,STA2285,AWS Batur Dieng,-7.20399,109.91158,2078.0,Kab. Banjarnegara,17.97,12.14,97.0,97.0,False,1.835,112.7,0.0,797.597,17.486473006852897,-0.620000000000001,0.0,86.7,0.688,-0.3264000000000351,6,10.0,10.0,12.14,92.044,1.0521666666666667,2.098,,,,,,,
2026-09-11T15:10:00+07:00,2026-09-11T15:16:42.859478+07:00,valid,current,6.714324633333334,STA2285,AWS Batur Dieng,-7.20399,109.91158,2078.0,Kab. Banjarnegara,17.65,12.14,44.56,44.56,False,0.338,137.6,0.0,797.4674,5.427026267722594,-1.5,0.0,-27.66,-1.501,-0.3916000000000394,6,10.0,10.0,12.14,88.25999999999999,0.8811666666666667,2.573,,,,,,,
2026-09-11T15:20:00+07:00,2026-09-11T15:31:50.110416+07:00,valid,current,11.8351736,STA2285,AWS Batur Dieng,-7.20399,109.91158,2078.0,Kab. Banjarnegara,18.19,12.14,6.924,6.924,False,1.426,150.8,0.0,797.4362,-18.391366659248263,-0.7199999999999989,0.0,-90.076,1.251,-0.3260000000000218,6,10.0,10.0,12.14,73.24733333333333,1.0896666666666668,2.573,,,,,,,
2026-09-11T15:40:00+07:00,2026-09-11T15:46:49.211187+07:00,valid,current,6.82018645,STA2285,AWS Batur Dieng,-7.20399,109.91158,2078.0,Kab. Banjarnegara,17.72,12.14,97.0,97.0,False,1.257,124.6,0.0,797.3182,17.237397968371884,-0.5400000000000027,0.0,0.0,1.257,-0.3093999999999823,6,10.0,10.0,12.14,72.764,1.3196666666666663,2.573,,,,,,,
2026-09-11T15:50:00+07:00,2026-09-11T16:01:47.739507+07:00,valid,current,11.79565845,STA2285,AWS Batur Dieng,-7.20399,109.91158,2078.0,Kab. Banjarnegara,17.63,12.14,95.3,95.3,False,2.33,140.3,0.0,797.3522,16.868597519243124,-0.3399999999999998,0.0,-1.7000000000000028,0.4950000000000001,-0.244799999999941,6,10.0,10.0,12.14,72.48066666666666,1.4021666666666668,2.573,,,,,,,
2026-09-11T16:00:00+07:00,2026-09-11T16:06:34.834012+07:00,valid,current,6.580566866666667,STA2285,AWS Batur Dieng,-7.20399,109.91158,2078.0,Kab. Banjarnegara,17.01,12.14,9.31,9.31,False,2.811,150.3,0.0,797.3163,-15.748810716274257,-0.6199999999999974,0.0,-87.69,0.238,-0.2010999999999967,6,10.0,10.0,12.14,57.86566666666667,1.4418333333333333,2.811,,,,,,,
2026-09-11T16:10:00+07:00,2026-09-11T16:16:53.137537+07:00,valid,current,6.885625616666667,STA2285,AWS Batur Dieng,-7.20399,109.91158,2078.0,Kab. Banjarnegara,16.95,12.14,44.54,44.54,False,0.956,142.3,0.0,797.3015,4.784612251066991,-0.6999999999999993,0.0,-0.0200000000000031,0.6179999999999999,-0.165899999999965,6,10.0,10.0,12.14,57.86233333333334,1.544833333333333,2.811,,,,,,,
2026-09-11T16:20:00+07:00,2026-09-11T16:31:56.069318+07:00,valid,current,11.934488633333332,STA2285,AWS Batur Dieng,-7.20399,109.91158,2078.0,Kab. Banjarnegara,16.9,12.14,96.9,96.9,False,0.406,108.5,0.0,797.3463,16.40421647951086,-1.2900000000000027,0.0,89.976,-1.02,-0.0898999999999432,6,10.0,10.0,12.14,72.85833333333333,1.3748333333333334,2.811,,,,,,,
2026-09-11T16:40:00+07:00,2026-09-11T16:46:42.755620+07:00,partial,current,6.712593666666667,STA2285,AWS Batur Dieng,-7.20399,109.91158,2078.0,Kab. Banjarnegara,16.81,12.14,,0.0,True,0.447,158.9,0.0,797.4165,,-0.91,0.0,,-0.8099999999999998,0.0982999999999947,6,10.0,10.0,12.14,59.958000000000006,1.2174999999999998,2.811,,,,,,,
2026-09-11T16:50:00+07:00,2026-09-11T17:02:01.394155+07:00,partial,current,12.023235916666666,STA2285,AWS Batur Dieng,-7.20399,109.91158,2078.0,Kab. Banjarnegara,16.82,12.14,,0.0,True,0.346,155.6,0.0,797.4452,,-0.8099999999999987,0.0,,-1.984,0.0929999999999608,6,10.0,10.0,12.14,51.1225,0.8868333333333335,2.811,,,,,,,
2026-09-11T17:10:00+07:00,2026-09-11T17:16:59.473447+07:00,partial,current,6.991224116666667,STA2285,AWS Batur Dieng,-7.20399,109.91158,2078.0,Kab. Banjarnegara,16.67,12.14,,0.0,True,0.0,107.6,0.0,797.4072,,-0.2799999999999976,0.0,,-0.956,0.1056999999999561,6,10.0,10.0,12.14,75.32000000000001,0.3548333333333333,0.575,,,,,,,
2026-09-11T17:20:00+07:00,2026-09-11T17:31:50.137804+07:00,partial,current,11.835630066666663,STA2285,AWS Batur Dieng,-7.20399,109.91158,2078.0,Kab. Banjarnegara,16.56,12.14,,0.0,True,0.112,127.8,0.0,797.4441,,-0.3399999999999998,0.0,,-0.294,0.0978000000000065,6,10.0,10.0,12.14,53.74,0.3058333333333333,0.575,,,,,,,
2026-09-11T17:40:00+07:00,2026-09-11T17:46:52.192746+07:00,partial,current,6.8698791,STA2285,AWS Batur Dieng,-7.20399,109.91158,2078.0,Kab. Banjarnegara,16.27,12.14,,0.0,True,0.0,115.7,0.0,797.553,,-0.5399999999999991,0.0,,-0.447,0.1364999999999554,6,10.0,10.0,12.14,,0.1721666666666666,0.575,,,,,,,
2026-09-11T17:50:00+07:00,2026-09-11T18:02:02.206821+07:00,partial,current,12.03678035,STA2285,AWS Batur Dieng,-7.20399,109.91158,2078.0,Kab. Banjarnegara,16.07,12.14,,0.0,True,0.0,131.1,0.0,797.6184,,-0.75,0.0,,-0.346,0.1731999999999516,6,10.0,10.0,12.14,,0.1144999999999999,0.575,,,,,,,
2026-09-11T18:10:00+07:00,2026-09-11T18:16:50.447868+07:00,partial,current,6.840797800000001,STA2285,AWS Batur Dieng,-7.20399,109.91158,2078.0,Kab. Banjarnegara,15.79,12.14,,0.0,True,0.0,130.3,0.0,797.7436,,-0.8800000000000026,0.0,,0.0,0.336400000000026,6,10.0,10.0,12.14,,0.0186666666666666,0.112,,,,,,,
2026-09-11T18:20:00+07:00,2026-09-11T18:31:56.786728+07:00,partial,current,11.946445466666669,STA2285,AWS Batur Dieng,-7.20399,109.91158,2078.0,Kab. Banjarnegara,15.62,12.14,,0.0,True,0.079,141.3,0.0,797.8933,,-0.9399999999999996,0.0,,-0.033,0.4491999999999052,6,10.0,10.0,12.14,,0.0131666666666666,0.079,,,,,,,
2026-09-11T18:40:00+07:00,2026-09-11T18:46:46.018904+07:00,partial,current,6.766981733333334,STA2285,AWS Batur Dieng,-7.20399,109.91158,2078.0,Kab. Banjarnegara,15.76,12.14,,4.738,True,0.0,158.5,0.0,798.1263,,-0.5099999999999998,0.0,,0.0,0.5733000000000175,6,10.0,10.0,12.14,33.5,0.2176666666666666,1.227,,,,,,,
2026-09-11T18:50:00+07:00,2026-09-11T19:01:45.777979+07:00,partial,current,11.762966316666668,STA2285,AWS Batur Dieng,-7.20399,109.91158,2078.0,Kab. Banjarnegara,15.63,12.14,,0.0,True,0.0,128.7,0.0,798.2174,,-0.4399999999999995,0.0,,0.0,0.5990000000000464,6,10.0,10.0,12.14,33.5,0.2176666666666666,1.227,,,,,,,
2026-09-11T19:10:00+07:00,2026-09-11T19:16:40.022379+07:00,partial,current,6.66703965,STA2285,AWS Batur Dieng,-7.20399,109.91158,2078.0,Kab. Banjarnegara,15.67,12.14,,0.0,True,0.0,127.3,0.0,798.4183,,-0.1199999999999992,0.0,,0.0,0.6747000000000298,6,10.0,10.0,12.14,33.5,0.2308333333333333,1.227,,,,,,,
2026-09-11T19:20:00+07:00,2026-09-11T19:31:54.039333+07:00,partial,current,11.900655550000002,STA2285,AWS Batur Dieng,-7.20399,109.91158,2078.0,Kab. Banjarnegara,15.59,12.14,,0.0,True,0.246,123.5,0.0,798.5159,,-0.0299999999999993,0.0,,0.1669999999999999,0.622600000000034,6,10.0,10.0,12.14,33.5,0.2586666666666666,1.227,,,,,,,
2026-09-11T19:40:00+07:00,2026-09-11T19:46:44.039880+07:00,partial,current,6.733998,STA2285,AWS Batur Dieng,-7.20399,109.91158,2078.0,Kab. Banjarnegara,15.04,12.14,,0.0,True,2.031,122.8,0.0,798.6214,,-0.7200000000000006,0.0,,2.031,0.4950999999999794,6,10.0,10.0,12.14,,0.7738333333333335,2.287,,,,,,,
2026-09-11T19:50:00+07:00,2026-09-11T20:01:49.909000+07:00,partial,current,11.831816666666668,STA2285,AWS Batur Dieng,-7.20399,109.91158,2078.0,Kab. Banjarnegara,14.88,12.14,,0.0,True,0.658,105.6,0.0,798.6654,,-0.75,0.0,,0.658,0.4479999999999791,6,10.0,10.0,12.14,,0.8835000000000002,2.287,,,,,,,
2026-09-11T20:20:00+07:00,2026-09-11T20:32:26.255921+07:00,valid,current,12.437598683333333,STA2285,AWS Batur Dieng,-7.20399,109.91158,2078.0,Kab. Banjarnegara,14.62,12.14,91.5,91.5,False,1.113,138.3,0.0,798.9438,13.250574687458643,-0.9700000000000006,0.0,,0.867,0.4279000000000224,6,10.0,10.0,12.14,67.18333333333334,1.864833333333333,2.561,,,,,,,
2026-09-11T20:40:00+07:00,2026-09-11T20:46:49.905709+07:00,valid,current,6.831761816666667,STA2285,AWS Batur Dieng,-7.20399,109.91158,2078.0,Kab. Banjarnegara,14.43,12.14,30.35,30.35,False,1.425,133.8,0.0,798.9594,-2.788608048338306,-0.6099999999999994,0.0,,-0.6060000000000001,0.3379999999999654,6,10.0,10.0,12.14,56.11800000000001,1.5005,2.561,,,,,,,
2026-09-11T20:50:00+07:00,2026-09-11T21:01:41.258348+07:00,valid,current,11.687639133333333,STA2285,AWS Batur Dieng,-7.20399,109.91158,2078.0,Kab. Banjarnegara,14.44,12.14,18.99,18.99,False,0.869,132.1,0.0,798.959,-8.936599541519811,-0.4400000000000013,0.0,,0.2109999999999999,0.2935999999999694,6,10.0,10.0,12.14,49.93000000000001,1.5356666666666663,2.561,,,,,,,
2026-09-11T21:10:00+07:00,2026-09-11T21:16:44.386266+07:00,partial,current,6.7397711,STA2285,AWS Batur Dieng,-7.20399,109.91158,2078.0,Kab. Banjarnegara,14.29,12.14,,0.0,True,0.267,122.8,0.0,798.9582,,-0.3900000000000005,0.0,,-2.294,0.1258000000000265,6,10.0,10.0,12.14,47.3825,0.781,1.425,,,,,,,
2026-09-11T21:20:00+07:00,2026-09-11T21:32:09.561447+07:00,partial,current,12.15935745,STA2285,AWS Batur Dieng,-7.20399,109.91158,2078.0,Kab. Banjarnegara,13.94,12.14,,0.0,True,0.0,110.9,0.0,798.9578,,-0.6799999999999997,0.0,,-1.113,0.01400000000001,6,10.0,10.0,12.14,32.67666666666666,0.5955,1.425,,,,,,,
2026-09-11T21:40:00+07:00,2026-09-11T21:47:31.505296+07:00,valid,current,7.525088266666667,STA2285,AWS Batur Dieng,-7.20399,109.91158,2078.0,Kab. Banjarnegara,13.0,12.14,37.77,37.77,False,0.0,202.9,0.0,799.1161,-1.081439353132513,-1.4299999999999995,0.0,7.420000000000002,-1.425,0.1567000000000007,6,10.0,10.0,12.14,28.380000000000003,0.2401666666666666,0.869,,,,,,,
2026-09-11T21:50:00+07:00,2026-09-11T22:01:54.337818+07:00,valid,current,11.9056303,STA2285,AWS Batur Dieng,-7.20399,109.91158,2078.0,Kab. Banjarnegara,13.01,12.14,97.0,97.0,False,0.0,170.2,0.0,799.2978,12.544659041693906,-1.4299999999999995,0.0,78.01,-0.869,0.3388000000001057,6,10.0,10.0,12.14,67.385,0.0953333333333333,0.305,,,,,,,
2026-09-11T22:10:00+07:00,2026-09-11T22:16:58.330688+07:00,valid,current,6.972178133333333,STA2285,AWS Batur Dieng,-7.20399,109.91158,2078.0,Kab. Banjarnegara,12.43,12.14,97.0,97.0,False,0.0,86.9,0.0,799.5133,11.966762911461355,-1.86,0.0,,-0.267,0.5550999999999249,6,10.0,10.0,12.14,82.1675,0.0,0.0,,,,,,,
2026-09-11T22:20:00+07:00,2026-09-11T22:31:47.077493+07:00,valid,current,11.784624883333333,STA2285,AWS Batur Dieng,-7.20399,109.91158,2078.0,Kab. Banjarnegara,12.29,11.89,97.0,97.0,False,0.0,126.1,0.0,799.5775,11.827270029231569,-1.6500000000000004,-0.25,,0.0,0.6196999999999662,6,10.0,10.0,11.89,85.134,0.0,0.0,,,,,,,
2026-09-11T22:40:00+07:00,2026-09-11T22:46:47.977335+07:00,valid,current,6.79962225,STA2285,AWS Batur Dieng,-7.20399,109.91158,2078.0,Kab. Banjarnegara,13.59,11.89,97.0,97.0,False,0.0,99.6,0.0,799.5772,13.122550413890645,0.5899999999999999,-0.25,59.23,0.0,0.4610999999999876,6,10.0,10.0,11.89,96.98333333333332,0.0066666666666666,0.04,,,,,,,
2026-09-11T22:50:00+07:00,2026-09-11T23:02:22.969852+07:00,valid,current,12.382830866666666,STA2285,AWS Batur Dieng,-7.20399,109.91158,2078.0,Kab. Banjarnegara,12.94,11.89,24.62,24.62,False,0.0,78.37,0.0,799.5784,-6.843373925775744,-0.0700000000000002,-0.25,-72.38,0.0,0.2805999999999358,6,10.0,10.0,11.89,84.92,0.0066666666666666,0.04,,,,,,,
2026-09-11T23:10:00+07:00,2026-09-11T23:16:46.599603+07:00,partial,current,6.77666005,STA2285,AWS Batur Dieng,-7.20399,109.91158,2078.0,Kab. Banjarnegara,12.26,11.89,,0.0,True,0.0,57.08,0.0,799.5791,,-0.1699999999999999,-0.25,,0.0,0.0658000000000811,6,10.0,10.0,11.89,78.905,0.0066666666666666,0.04,,,,,,,
2026-09-11T23:20:00+07:00,2026-09-11T23:32:01.097984+07:00,partial,current,12.018299733333333,STA2285,AWS Batur Dieng,-7.20399,109.91158,2078.0,Kab. Banjarnegara,12.14,11.89,,0.0,True,0.0,133.0,0.0,799.4671,,-0.1499999999999985,0.0,,0.0,-0.1104000000000269,6,10.0,10.0,11.89,72.87333333333333,0.0066666666666666,0.04,,,,,,,
2026-09-11T23:40:00+07:00,2026-09-11T23:46:43.912846+07:00,valid,current,6.7318807666666665,STA2285,AWS Batur Dieng,-7.20399,109.91158,2078.0,Kab. Banjarnegara,11.95,11.67,86.4,86.4,False,0.0,158.8,0.0,799.2486,9.750256653840156,-1.6400000000000006,-0.2200000000000006,-10.599999999999994,0.0,-0.3285999999999376,6,10.0,10.0,11.67,55.510000000000005,0.0,0.0,,,,,,,
2026-09-12T00:00:00+07:00,2026-09-12T00:11:09.763909+07:00,valid,current,11.162731816666668,STA2285,AWS Batur Dieng,-7.20399,109.91158,2078.0,Kab. Banjarnegara,11.47,10.93,97.0,97.0,False,0.0,197.2,0.0,798.955,11.010234723273223,-1.0399999999999991,-0.9600000000000009,,0.0,-0.6243999999999232,6,10.0,10.0,10.93,93.46666666666664,0.0,0.0,,,,,,,
2026-09-12T00:10:00+07:00,2026-09-12T00:16:50.757390+07:00,valid,current,6.8459565,STA2285,AWS Batur Dieng,-7.20399,109.91158,2078.0,Kab. Banjarnegara,11.75,10.93,97.0,97.0,False,0.0,182.3,0.0,798.9539,11.289223458034233,-0.5099999999999998,-0.9600000000000009,,0.0,-0.6252000000000635,6,10.0,10.0,10.93,94.35,0.0,0.0,,,,,,,
2026-09-12T00:20:00+07:00,2026-09-12T00:31:56.527602+07:00,valid,current,11.9421267,STA2285,AWS Batur Dieng,-7.20399,109.91158,2078.0,Kab. Banjarnegara,11.05,10.31,97.0,97.0,False,0.0,171.9,0.0,798.8482,10.591749541895997,-1.09,-1.58,,0.0,-0.6188999999999396,6,10.0,10.0,10.31,94.88,0.0,0.0,,,,,,,
2026-09-12T00:40:00+07:00,2026-09-12T00:46:47.034849+07:00,valid,current,6.78391415,STA2285,AWS Batur Dieng,-7.20399,109.91158,2078.0,Kab. Banjarnegara,11.32,10.31,97.0,97.0,False,0.0,253.3,0.0,798.5522,10.86077601635042,-0.629999999999999,-1.3599999999999994,10.599999999999994,0.0,-0.6964000000000397,6,10.0,10.0,10.31,97.0,0.0,0.0,,,,,,,
2026-09-12T00:50:00+07:00,2026-09-12T01:01:45.985089+07:00,valid,current,11.76641815,STA2285,AWS Batur Dieng,-7.20399,109.91158,2078.0,Kab. Banjarnegara,11.31,10.31,97.0,97.0,False,0.0,167.3,0.0,798.3874,10.850812091239982,-0.2799999999999993,-0.629999999999999,0.0,0.0,-0.7021000000000868,6,10.0,10.0,10.31,97.0,0.0,0.0,,,,,,,
2026-09-12T01:10:00+07:00,2026-09-12T01:16:57.773835+07:00,valid,current,6.96289725,STA2285,AWS Batur Dieng,-7.20399,109.91158,2078.0,Kab. Banjarnegara,10.44,10.07,96.9,96.9,False,0.0,116.7,0.0,798.198,9.96853024175526,-1.3100000000000005,-0.8599999999999994,-0.0999999999999943,0.0,-0.7558999999999969,6,10.0,10.0,10.07,96.98333333333332,0.0,0.0,,,,,,,
2026-09-12T01:20:00+07:00,2026-09-12T01:31:48.694419+07:00,valid,current,11.81157365,STA2285,AWS Batur Dieng,-7.20399,109.91158,2078.0,Kab. Banjarnegara,10.57,10.07,97.0,97.0,False,0.0,213.8,0.0,798.1145,10.113477707950064,-0.4800000000000004,-0.2400000000000002,0.0,0.0,-0.7336999999999989,6,10.0,10.0,10.07,96.98333333333332,0.0,0.0,,,,,,,
2026-09-12T01:40:00+07:00,2026-09-12T01:47:34.776968+07:00,valid,current,7.579616133333333,STA2285,AWS Batur Dieng,-7.20399,109.91158,2078.0,Kab. Banjarnegara,10.16,9.86,96.9,96.9,False,0.0,257.0,0.0,797.9634,9.689570293212366,-1.16,-0.450000000000001,-0.0999999999999943,0.0,-0.588799999999992,6,10.0,10.0,9.86,96.96666666666664,0.0,0.0,,,,,,,
2026-09-12T01:50:00+07:00,2026-09-12T02:01:55.849033+07:00,valid,current,11.930817216666666,STA2285,AWS Batur Dieng,-7.20399,109.91158,2078.0,Kab. Banjarnegara,10.04,9.2,97.0,97.0,False,0.0,300.9,0.0,797.9175,9.585382105466394,-1.2700000000000014,-1.1100000000000012,0.0,0.0,-0.4698999999999387,6,10.0,10.0,9.2,96.96666666666664,0.0,0.0,,,,,,,
2026-09-12T02:40:00+07:00,2026-09-12T02:51:45.754820+07:00,valid,current,11.762580333333334,STA2285,AWS Batur Dieng,-7.20399,109.91158,2078.0,Kab. Banjarnegara,8.82,8.13,96.9,96.9,False,0.0,313.5,0.0,797.8764,8.35453181239007,-1.34,-1.7299999999999986,0.0,0.0,-0.086999999999989,6,10.0,10.0,8.13,96.98333333333332,0.0,0.0,,,,,,,
2026-09-12T04:50:00+07:00,2026-09-12T05:03:47.966567+07:00,valid,current,13.799442783333337,STA2285,AWS Batur Dieng,-7.20399,109.91158,2078.0,Kab. Banjarnegara,8.51,6.94,97.0,97.0,False,0.0,156.2,0.2,797.8594,8.060857414773308,-1.3599999999999994,-0.8559999999999999,0.0,0.0,0.1896000000000413,6,10.0,10.0,6.94,84.40333333333332,0.0,0.0,,,,,,,
2026-09-12T07:00:00+07:00,2026-09-12T07:12:31.486486+07:00,partial,current,12.524774766666669,STA2285,AWS Batur Dieng,-7.20399,109.91158,2078.0,Kab. Banjarnegara,16.81,6.94,,1.913,True,0.0,178.8,0.2,798.8231,,3.119999999999999,0.0,,-0.152,0.501299999999901,6,10.0,10.0,6.94,74.24,0.3496666666666666,0.932,,,,,,,
2026-09-12T07:20:00+07:00,2026-09-12T07:31:47.153794+07:00,valid,current,11.785896566666668,STA2285,AWS Batur Dieng,-7.20399,109.91158,2078.0,Kab. Banjarnegara,18.01,17.56,97.0,97.0,False,1.144,126.9,0.0,798.9938,17.526324930983304,3.900000000000002,10.619999999999996,,1.144,0.4839999999999236,6,10.0,10.0,6.94,82.404,0.68,1.144,,,,,,,
2026-09-12T07:40:00+07:00,2026-09-12T07:46:36.515308+07:00,valid,current,6.608588466666666,STA2285,AWS Batur Dieng,-7.20399,109.91158,2078.0,Kab. Banjarnegara,18.61,17.56,97.0,97.0,False,1.174,121.9,0.0,799.2029,18.12410107759456,2.959999999999999,10.619999999999996,0.0,0.2739999999999999,0.6002999999999474,6,10.0,10.0,6.94,93.04,0.8836666666666666,1.214,,,,,,,
2026-09-12T07:50:00+07:00,2026-09-12T08:01:55.502299+07:00,valid,current,11.925038316666669,STA2285,AWS Batur Dieng,-7.20399,109.91158,2078.0,Kab. Banjarnegara,18.8,17.56,96.9,96.9,False,1.602,121.0,0.0,799.3241,18.296949264999952,2.580000000000002,10.619999999999996,15.0,0.67,0.6585000000000036,6,10.0,10.0,6.94,96.04,0.9953333333333332,1.602,,,,,,,
2026-09-12T08:10:00+07:00,2026-09-12T08:16:35.052341+07:00,valid,current,6.584205683333334,STA2285,AWS Batur Dieng,-7.20399,109.91158,2078.0,Kab. Banjarnegara,19.02,17.56,97.0,97.0,False,2.447,124.1,0.0,799.627,18.53257851627916,1.259999999999998,0.0,4.700000000000003,1.609,0.655399999999986,6,10.0,10.0,17.56,96.98333333333332,1.6265,2.447,,,,,,,
2026-09-12T08:20:00+07:00,2026-09-12T08:31:37.770139+07:00,valid,current,11.629502316666668,STA2285,AWS Batur Dieng,-7.20399,109.91158,2078.0,Kab. Banjarnegara,18.88,17.56,97.0,97.0,False,2.192,124.7,0.0,799.6434,18.39309868255301,0.8699999999999974,0.0,0.0,1.0480000000000005,0.6496000000000777,6,10.0,10.0,17.56,96.98333333333332,1.8011666666666668,2.447,,,,,,,
2026-09-12T08:40:00+07:00,2026-09-12T08:46:37.245701+07:00,partial,current,6.620761683333333,STA2285,AWS Batur Dieng,-7.20399,109.91158,2078.0,Kab. Banjarnegara,19.34,17.56,,1.45,True,2.569,139.0,0.0,799.8457,,0.7300000000000004,0.0,,1.395,0.6427999999999656,6,10.0,10.0,17.56,93.62,2.0076666666666667,2.569,,,,,,,
2026-09-12T08:50:00+07:00,2026-09-12T09:02:01.293214+07:00,partial,current,12.021553566666666,STA2285,AWS Batur Dieng,-7.20399,109.91158,2078.0,Kab. Banjarnegara,19.55,17.56,,0.0,True,1.778,145.2,0.0,799.9845,,0.75,0.0,,0.1759999999999999,0.6603999999999814,6,10.0,10.0,17.56,92.8,2.037,2.569,,,,,,,
2026-09-12T09:10:00+07:00,2026-09-12T09:16:32.214864+07:00,partial,current,6.5369144,STA2285,AWS Batur Dieng,-7.20399,109.91158,2078.0,Kab. Banjarnegara,19.98,17.56,,0.0,True,2.846,127.0,0.0,800.0028,,0.9600000000000009,0.0,,0.399,0.3758000000000265,6,10.0,10.0,17.56,88.6,2.0255,2.846,,,,,,,
2026-09-12T09:20:00+07:00,2026-09-12T09:31:35.398684+07:00,partial,current,11.589978066666667,STA2285,AWS Batur Dieng,-7.20399,109.91158,2078.0,Kab. Banjarnegara,20.09,17.56,,0.0,True,2.421,135.5,0.0,800.0762,,1.2100000000000009,0.0,,0.2289999999999996,0.4327999999999292,6,10.0,10.0,17.56,80.2,2.0636666666666663,2.846,,,,,,,
2026-09-12T09:40:00+07:00,2026-09-12T09:47:20.463012+07:00,partial,current,7.3410502,STA2285,AWS Batur Dieng,-7.20399,109.91158,2078.0,Kab. Banjarnegara,20.26,17.56,,0.0,True,2.991,133.3,0.0,799.9269,,0.9200000000000016,0.0,,0.4220000000000001,0.0812000000000807,6,10.0,10.0,17.56,,2.342833333333333,2.991,,,,,,,
2026-09-12T09:50:00+07:00,2026-09-12T10:01:56.151133+07:00,partial,current,11.935852216666666,STA2285,AWS Batur Dieng,-7.20399,109.91158,2078.0,Kab. Banjarnegara,20.15,17.56,,0.0,True,3.745,114.6,0.0,799.9118,,0.5999999999999979,0.0,,1.967,-0.0727000000000543,6,10.0,10.0,17.56,,2.670666666666667,3.745,,,,,,,
2026-09-12T10:10:00+07:00,2026-09-12T10:16:42.691640+07:00,valid,current,6.711527333333334,STA2285,AWS Batur Dieng,-7.20399,109.91158,2078.0,Kab. Banjarnegara,20.37,17.56,10.18,10.18,False,3.466,140.5,0.0,799.6737,-12.079031366857595,0.3900000000000005,0.0,,0.6200000000000001,-0.3290999999999258,6,10.0,10.0,17.56,10.18,3.0755,3.745,,,,,,,
2026-09-12T10:20:00+07:00,2026-09-12T10:31:36.345348+07:00,partial,current,11.6057558,STA2285,AWS Batur Dieng,-7.20399,109.91158,2078.0,Kab. Banjarnegara,20.46,17.56,,2.095,True,1.842,108.6,0.0,799.6178,,0.370000000000001,0.0,,-0.5789999999999997,-0.4583999999999832,6,10.0,10.0,17.56,10.18,2.979,3.745,,,,,,,
2026-09-12T10:40:00+07:00,2026-09-12T10:46:42.481098+07:00,valid,current,6.7080183,STA2285,AWS Batur Dieng,-7.20399,109.91158,2078.0,Kab. Banjarnegara,20.32,17.56,55.02,55.02,False,2.666,100.9,0.0,799.5587,10.988655193516358,0.0599999999999987,0.0,,-0.3250000000000002,-0.3682000000000016,6,10.0,10.0,17.56,32.6,2.7695000000000003,3.745,,,,,,,
2026-09-12T10:50:00+07:00,2026-09-12T11:02:00.667471+07:00,valid,current,12.011124516666666,STA2285,AWS Batur Dieng,-7.20399,109.91158,2078.0,Kab. Banjarnegara,20.39,17.56,97.0,97.0,False,2.374,115.5,0.0,799.4108,19.897473689913262,0.240000000000002,0.0,,-1.371,-0.5009999999999764,6,10.0,10.0,17.56,54.06666666666666,2.541,3.519,,,,,,,
2026-09-12T11:10:00+07:00,2026-09-12T11:16:38.339249+07:00,valid,current,6.6389874833333336,STA2285,AWS Batur Dieng,-7.20399,109.91158,2078.0,Kab. Banjarnegara,20.16,17.56,97.0,97.0,False,1.279,133.7,0.0,799.2816,19.66833255856448,-0.2100000000000008,0.0,86.82,-2.1870000000000003,-0.3921000000000276,6,10.0,10.0,17.56,68.795,1.9313333333333336,2.666,,,,,,,
2026-09-12T11:20:00+07:00,2026-09-12T11:31:43.574411+07:00,valid,current,11.726240183333337,STA2285,AWS Batur Dieng,-7.20399,109.91158,2078.0,Kab. Banjarnegara,20.52,17.56,97.0,97.0,False,1.566,99.1,0.0,799.1134,20.02698791149733,0.0599999999999987,0.0,,-0.276,-0.5044000000000324,6,10.0,10.0,17.56,74.436,1.8853333333333333,2.666,,,,,,,
2026-09-12T11:40:00+07:00,2026-09-12T11:46:37.889154+07:00,valid,current,6.6314859,STA2285,AWS Batur Dieng,-7.20399,109.91158,2078.0,Kab. Banjarnegara,20.85,17.56,96.9,96.9,False,1.831,97.9,0.0,798.9945,20.33904913689931,0.5300000000000011,0.0,41.88,-0.835,-0.564200000000028,6,10.0,10.0,17.56,85.17666666666666,1.7003333333333333,2.374,,,,,,,
2026-09-12T11:50:00+07:00,2026-09-12T12:01:50.015116+07:00,valid,current,11.833585266666669,STA2285,AWS Batur Dieng,-7.20399,109.91158,2078.0,Kab. Banjarnegara,20.37,17.56,97.0,97.0,False,1.626,98.6,0.0,798.9721,19.87754840384156,-0.0199999999999995,0.0,0.0,-0.7480000000000002,-0.4387000000000398,6,10.0,10.0,17.56,85.17666666666666,1.5756666666666663,2.048,,,,,,,
2026-09-12T12:10:00+07:00,2026-09-12T12:16:44.210056+07:00,valid,current,6.7368342666666665,STA2285,AWS Batur Dieng,-7.20399,109.91158,2078.0,Kab. Banjarnegara,20.76,17.56,96.9,96.9,False,2.133,131.9,0.0,798.7106,20.24939726109531,0.6000000000000014,0.0,-0.0999999999999943,0.8540000000000001,-0.5710000000000264,6,10.0,10.0,17.56,96.96666666666664,1.5941666666666665,2.133,,,,,,,
2026-09-12T12:20:00+07:00,2026-09-12T12:31:50.267310+07:00,valid,current,11.837788499999998,STA2285,AWS Batur Dieng,-7.20399,109.91158,2078.0,Kab. Banjarnegara,20.04,17.56,97.0,97.0,False,1.517,177.3,0.0,798.5766,19.548780366969527,-0.4800000000000004,0.0,0.0,-0.0490000000000001,-0.5367999999999711,6,10.0,10.0,17.56,96.96666666666664,1.586,2.133,,,,,,,
2026-09-12T12:40:00+07:00,2026-09-12T12:46:39.211261+07:00,valid,current,6.653521016666667,STA2285,AWS Batur Dieng,-7.20399,109.91158,2078.0,Kab. Banjarnegara,20.73,17.56,97.0,97.0,False,1.228,148.4,0.0,798.4594,20.23620268765857,-0.120000000000001,0.0,0.0999999999999943,-0.603,-0.5351000000000568,6,10.0,10.0,17.56,96.96666666666664,1.530333333333333,2.133,,,,,,,
2026-09-12T12:50:00+07:00,2026-09-12T13:02:25.327333+07:00,valid,current,12.422122216666668,STA2285,AWS Batur Dieng,-7.20399,109.91158,2078.0,Kab. Banjarnegara,19.82,17.56,97.0,97.0,False,1.262,97.6,0.0,798.5067,19.32960082013929,-0.5500000000000007,0.0,0.0,-0.3639999999999999,-0.4653999999999314,6,10.0,10.0,17.56,96.96666666666664,1.469666666666667,2.133,,,,,,,
2026-09-12T13:10:00+07:00,2026-09-12T13:16:42.008804+07:00,valid,current,6.700146733333333,STA2285,AWS Batur Dieng,-7.20399,109.91158,2078.0,Kab. Banjarnegara,19.09,17.56,97.0,97.0,False,0.801,94.4,0.0,798.3286,18.602318329197207,-1.6700000000000017,0.0,0.0999999999999943,-1.332,-0.3819999999999481,6,10.0,10.0,17.56,96.98333333333332,1.2913333333333332,1.567,,,,,,,
2026-09-12T13:20:00+07:00,2026-09-12T13:31:40.570984+07:00,valid,current,11.676183066666663,STA2285,AWS Batur Dieng,-7.20399,109.91158,2078.0,Kab. Banjarnegara,18.8,17.56,89.5,89.5,False,0.57,187.3,0.0,798.2376,17.036460145880767,-1.2399999999999984,0.0,-7.5,-0.947,-0.3389999999999418,6,10.0,10.0,17.56,95.73333333333332,1.1335,1.567,,,,,,,
2026-09-12T13:40:00+07:00,2026-09-12T13:46:38.036683+07:00,valid,current,6.633944716666666,STA2285,AWS Batur Dieng,-7.20399,109.91158,2078.0,Kab. Banjarnegara,19.41,17.56,58.23,58.23,False,1.611,81.1,0.0,798.0704,10.993287128218656,-1.3200000000000005,0.0,-38.77,0.383,-0.38900000000001,6,10.0,10.0,17.56,87.74600000000001,1.024333333333333,1.611,,,,,,,
2026-09-12T13:50:00+07:00,2026-09-12T14:02:13.421725+07:00,valid,current,12.223695416666668,STA2285,AWS Batur Dieng,-7.20399,109.91158,2078.0,Kab. Banjarnegara,18.92,17.56,89.1,89.1,False,0.518,155.8,0.0,797.9296,17.084073497065365,-0.8999999999999986,0.0,-7.900000000000006,-0.744,-0.5770999999999731,6,10.0,10.0,17.56,86.16600000000001,0.9003333333333332,1.611,,,,,,,
2026-09-12T14:40:00+07:00,2026-09-12T14:46:35.852676+07:00,valid,current,6.5975446,STA2285,AWS Batur Dieng,-7.20399,109.91158,2078.0,Kab. Banjarnegara,17.43,17.26,97.0,97.0,False,1.097,63.31,0.0,797.6781,16.948469816370796,-1.9800000000000004,-0.2999999999999971,38.77,-0.514,-0.3922999999999774,6,10.0,10.0,17.26,81.97166666666668,0.8646666666666668,1.992,,,,,,,
2026-09-12T14:50:00+07:00,2026-09-12T15:02:11.064075+07:00,valid,current,12.18440125,STA2285,AWS Batur Dieng,-7.20399,109.91158,2078.0,Kab. Banjarnegara,17.61,17.26,96.9,96.9,False,1.709,269.9,0.0,797.5525,17.11150701187114,-1.3100000000000025,-0.2999999999999971,7.800000000000011,1.191,-0.3771000000000413,6,10.0,10.0,17.26,83.27166666666666,1.0631666666666666,1.992,,,,,,,
2026-09-12T15:10:00+07:00,2026-09-12T15:16:44.574353+07:00,valid,current,6.742905883333333,STA2285,AWS Batur Dieng,-7.20399,109.91158,2078.0,Kab. Banjarnegara,17.81,17.26,97.0,97.0,False,0.688,172.2,0.0,797.4484,17.32706508405127,-0.6400000000000006,-0.2999999999999971,0.0,0.3459999999999999,-0.4719000000000051,6,10.0,10.0,17.26,96.96666666666664,0.8533333333333334,1.709,,,,,,,
2026-09-12T15:20:00+07:00,2026-09-12T15:31:54.163648+07:00,valid,current,11.902727466666668,STA2285,AWS Batur Dieng,-7.20399,109.91158,2078.0,Kab. Banjarnegara,17.96,17.26,97.0,97.0,False,3.449,102.6,0.0,797.338,17.47651002228468,-0.5899999999999999,-0.2999999999999971,0.0999999999999943,2.376,-0.4794000000000551,6,10.0,10.0,17.26,96.98333333333332,1.2493333333333332,3.449,,,,,,,
2026-09-12T15:40:00+07:00,2026-09-12T15:46:35.791848+07:00,valid,current,6.5965308,STA2285,AWS Batur Dieng,-7.20399,109.91158,2078.0,Kab. Banjarnegara,18.5,17.26,97.0,97.0,False,2.213,128.1,0.0,797.4275,18.01450916518597,1.0700000000000005,0.0,0.0,1.116,-0.2505999999999631,6,10.0,10.0,17.26,96.98333333333332,1.8185,3.449,,,,,,,
2026-09-12T15:50:00+07:00,2026-09-12T16:02:03.099432+07:00,valid,current,12.0516572,STA2285,AWS Batur Dieng,-7.20399,109.91158,2078.0,Kab. Banjarnegara,18.76,17.26,97.0,97.0,False,2.102,131.2,0.0,797.463,18.27354431874065,1.150000000000002,0.0,0.0999999999999943,0.3929999999999998,-0.0895000000000436,6,10.0,10.0,17.26,97.0,1.884,3.449,,,,,,,
2026-09-12T16:10:00+07:00,2026-09-12T16:16:42.431684+07:00,valid,current,6.707194733333334,STA2285,AWS Batur Dieng,-7.20399,109.91158,2078.0,Kab. Banjarnegara,17.14,16.89,96.9,96.9,False,3.105,150.3,0.0,797.6105,16.643301427631357,-0.6699999999999982,-0.370000000000001,-0.0999999999999943,2.417,0.1621000000000094,6,10.0,10.0,16.89,96.96666666666664,2.8808333333333334,3.951,,,,,,,
2026-09-12T16:20:00+07:00,2026-09-12T16:31:46.409680+07:00,valid,current,11.773494666666666,STA2285,AWS Batur Dieng,-7.20399,109.91158,2078.0,Kab. Banjarnegara,17.45,16.89,61.88,61.88,False,3.39,155.1,0.0,797.559,10.062498889108712,-0.5100000000000016,-0.370000000000001,-35.12,-0.0589999999999997,0.2210000000000036,6,10.0,10.0,16.89,91.11333333333332,2.871,3.951,,,,,,,
2026-09-12T16:40:00+07:00,2026-09-12T16:47:17.947482+07:00,valid,current,7.299124699999999,STA2285,AWS Batur Dieng,-7.20399,109.91158,2078.0,Kab. Banjarnegara,17.33,16.89,89.2,89.2,False,2.385,140.2,0.0,797.5149,15.533722468386037,-1.1700000000000017,-0.370000000000001,-7.799999999999997,0.1719999999999997,0.0874000000000023,6,10.0,10.0,16.89,88.376,2.7435,3.951,,,,,,,
2026-09-12T16:50:00+07:00,2026-09-12T17:01:31.454923+07:00,valid,current,11.524248716666667,STA2285,AWS Batur Dieng,-7.20399,109.91158,2078.0,Kab. Banjarnegara,17.04,16.89,97.0,97.0,False,2.794,124.0,0.0,797.7423,16.559909391811008,-1.7200000000000024,-0.370000000000001,0.0,0.6920000000000002,0.2793000000000347,6,10.0,10.0,16.89,88.376,2.858833333333333,3.951,,,,,,,
2026-09-12T17:10:00+07:00,2026-09-12T17:16:39.913000+07:00,valid,current,6.665216666666667,STA2285,AWS Batur Dieng,-7.20399,109.91158,2078.0,Kab. Banjarnegara,15.96,15.75,22.81,22.81,False,2.88,136.2,0.0,797.8996,-5.286426342861746,-1.1799999999999995,-1.1400000000000006,-74.09,-0.2250000000000001,0.2890999999999621,6,10.0,10.0,15.75,70.898,2.685333333333333,3.39,,,,,,,
2026-09-12T17:20:00+07:00,2026-09-12T17:31:34.316054+07:00,valid,current,11.571934233333334,STA2285,AWS Batur Dieng,-7.20399,109.91158,2078.0,Kab. Banjarnegara,15.76,15.57,97.0,97.0,False,1.729,154.8,0.0,797.9488,15.284619036342994,-1.6899999999999995,-1.3200000000000005,35.12,-1.661,0.3898000000000365,6,10.0,10.0,15.57,77.922,2.4085,3.135,,,,,,,
2026-09-12T17:40:00+07:00,2026-09-12T17:46:38.599830+07:00,valid,current,6.6433305,STA2285,AWS Batur Dieng,-7.20399,109.91158,2078.0,Kab. Banjarnegara,15.28,15.18,96.9,96.9,False,2.039,119.1,0.0,798.2084,14.790371054491883,-2.049999999999999,-1.7100000000000009,7.700000000000003,-0.3459999999999996,0.6934999999999718,6,10.0,10.0,15.18,82.38499999999999,2.5083333333333333,3.135,,,,,,,
2026-09-12T17:50:00+07:00,2026-09-12T18:01:41.912242+07:00,valid,current,11.698537366666669,STA2285,AWS Batur Dieng,-7.20399,109.91158,2078.0,Kab. Banjarnegara,15.13,14.99,97.0,97.0,False,1.1,151.6,0.0,798.246,14.656928555321358,-1.9099999999999984,-1.9000000000000004,0.0,-1.694,0.5036999999999807,6,10.0,10.0,14.99,82.38499999999999,2.2259999999999995,3.135,,,,,,,
2026-09-12T18:10:00+07:00,2026-09-12T18:16:36.251086+07:00,valid,current,6.604184766666666,STA2285,AWS Batur Dieng,-7.20399,109.91158,2078.0,Kab. Banjarnegara,15.2,14.71,97.0,97.0,False,0.499,120.5,0.0,798.5145,14.726672219309712,-0.7600000000000016,-1.0399999999999991,74.19,-2.381,0.6149000000000342,6,10.0,10.0,14.71,96.98333333333332,1.4055,2.473,,,,,,,
2026-09-12T18:20:00+07:00,2026-09-12T18:31:36.980185+07:00,valid,current,11.616336416666666,STA2285,AWS Batur Dieng,-7.20399,109.91158,2078.0,Kab. Banjarnegara,14.86,14.69,97.0,97.0,False,0.913,127.0,0.0,798.513,14.38791663075728,-0.9000000000000004,-0.8800000000000008,0.0,-0.8160000000000001,0.564200000000028,6,10.0,10.0,14.69,96.98333333333332,1.2695,2.473,,,,,,,
2026-09-12T18:40:00+07:00,2026-09-12T18:46:38.707106+07:00,valid,current,6.645118433333334,STA2285,AWS Batur Dieng,-7.20399,109.91158,2078.0,Kab. Banjarnegara,14.7,14.41,97.0,97.0,False,0.0,180.3,0.0,798.6786,14.228501670408066,-0.5800000000000001,-0.7699999999999996,0.0999999999999943,-2.039,0.4701999999999771,6,10.0,10.0,14.41,97.0,0.7891666666666667,1.63,,,,,,,
2026-09-12T18:50:00+07:00,2026-09-12T19:02:04.469388+07:00,valid,current,12.0744898,STA2285,AWS Batur Dieng,-7.20399,109.91158,2078.0,Kab. Banjarnegara,14.67,14.41,88.7,88.7,False,1.067,148.7,0.0,798.8453,12.824175740450167,-0.4600000000000008,-0.5800000000000001,-8.299999999999997,-0.0330000000000001,0.5992999999999711,6,10.0,10.0,14.41,95.61666666666667,0.7836666666666666,1.63,,,,,,,
2026-09-12T19:10:00+07:00,2026-09-12T19:16:36.357216+07:00,partial,current,6.6059536,STA2285,AWS Batur Dieng,-7.20399,109.91158,2078.0,Kab. Banjarnegara,14.85,14.41,,0.0,True,1.745,149.9,0.0,799.0447,,-0.3499999999999996,-0.3000000000000007,,1.246,0.5302000000000362,6,10.0,10.0,14.41,78.154,1.1803333333333337,1.745,,,,,,,
2026-09-12T19:20:00+07:00,2026-09-12T19:33:49.905142+07:00,partial,current,13.831752366666668,STA2285,AWS Batur Dieng,-7.20399,109.91158,2078.0,Kab. Banjarnegara,14.73,14.41,,0.0,True,1.8,160.5,0.0,798.9728,,-0.129999999999999,-0.2799999999999993,,0.887,0.4597999999999729,6,10.0,10.0,14.41,73.4425,1.3281666666666667,1.8,,,,,,,
2026-09-12T19:40:00+07:00,2026-09-12T19:46:28.886274+07:00,partial,current,6.4814379,STA2285,AWS Batur Dieng,-7.20399,109.91158,2078.0,Kab. Banjarnegara,14.65,14.41,,0.0,True,2.322,138.5,0.0,799.2582,,-0.0499999999999989,0.0,,2.322,0.5796000000000276,6,10.0,10.0,14.41,49.885000000000005,1.6476666666666666,2.322,,,,,,,
2026-09-12T19:50:00+07:00,2026-09-12T20:01:53.331078+07:00,partial,current,11.8888513,STA2285,AWS Batur Dieng,-7.20399,109.91158,2078.0,Kab. Banjarnegara,14.48,14.33,,0.0,True,2.261,152.5,0.0,799.2646,,-0.1899999999999995,-0.08,,1.1940000000000002,0.4193000000000211,6,10.0,10.0,14.33,11.07,1.8466666666666665,2.322,,,,,,,
2026-09-12T20:10:00+07:00,2026-09-12T20:16:51.954193+07:00,partial,current,6.865903216666666,STA2285,AWS Batur Dieng,-7.20399,109.91158,2078.0,Kab. Banjarnegara,14.68,14.33,,0.0,True,3.846,139.9,0.0,799.4224,,-0.1699999999999999,-0.08,,2.101,0.3777000000000043,6,10.0,10.0,14.33,,2.4738333333333333,3.846,,,,,,,
2026-09-12T20:20:00+07:00,2026-09-12T20:31:43.532828+07:00,partial,current,11.725547133333333,STA2285,AWS Batur Dieng,-7.20399,109.91158,2078.0,Kab. Banjarnegara,14.69,14.33,,0.0,True,4.013,129.0,0.0,799.4318,,-0.0400000000000009,-0.08,,2.213,0.4589999999999463,6,10.0,10.0,14.33,,2.8426666666666662,4.013,,,,,,,
2026-09-12T20:40:00+07:00,2026-09-12T20:46:31.364121+07:00,partial,current,6.5227353500000005,STA2285,AWS Batur Dieng,-7.20399,109.91158,2078.0,Kab. Banjarnegara,14.44,14.3,,0.0,True,4.652,136.2,0.0,799.5727,,-0.2100000000000008,-0.1099999999999994,,2.33,0.3145000000000664,6,10.0,10.0,14.3,,3.754833333333334,4.652,,,,,,,
2026-09-12T20:50:00+07:00,2026-09-12T21:01:58.215854+07:00,partial,current,11.970264233333332,STA2285,AWS Batur Dieng,-7.20399,109.91158,2078.0,Kab. Banjarnegara,14.45,14.3,,0.0,True,4.59,146.7,0.0,799.6277,,-0.0300000000000011,-0.0299999999999993,,2.329,0.3631000000000313,6,10.0,10.0,14.3,,4.143,4.652,,,,,,,
2026-09-12T21:10:00+07:00,2026-09-12T21:16:39.046399+07:00,partial,current,6.650773316666667,STA2285,AWS Batur Dieng,-7.20399,109.91158,2078.0,Kab. Banjarnegara,14.24,14.1,,0.0,True,1.75,150.3,0.0,799.7682,,-0.4399999999999995,-0.2300000000000004,,-2.096,0.3457999999999401,6,10.0,10.0,14.1,,3.901666666666667,4.652,,,,,,,
2026-09-12T21:40:00+07:00,2026-09-12T21:46:38.839707+07:00,valid,current,6.64732845,STA2285,AWS Batur Dieng,-7.20399,109.91158,2078.0,Kab. Banjarnegara,13.68,13.58,97.0,97.0,False,2.885,162.9,0.0,799.913,13.21222278658732,-0.7599999999999998,-0.7200000000000006,,-1.7670000000000003,0.3402999999999565,6,10.0,10.0,13.58,84.07666666666667,2.7391666666666663,4.59,,,,,,,
2026-09-12T21:50:00+07:00,2026-09-12T22:02:06.818974+07:00,partial,current,12.113649566666668,STA2285,AWS Batur Dieng,-7.20399,109.91158,2078.0,Kab. Banjarnegara,13.61,13.51,,3.854,True,3.415,163.3,0.0,799.9198,,-0.8399999999999999,-0.7900000000000009,,-1.1749999999999998,0.2921000000000049,6,10.0,10.0,13.51,84.07666666666667,2.543333333333333,4.037,,,,,,,
2026-09-12T22:10:00+07:00,2026-09-12T22:16:30.493293+07:00,partial,current,6.50822155,STA2285,AWS Batur Dieng,-7.20399,109.91158,2078.0,Kab. Banjarnegara,13.54,13.45,,0.0,True,3.545,164.2,0.0,799.7441,,-0.7000000000000011,-0.6500000000000004,,1.795,-0.0240999999999758,6,10.0,10.0,13.45,84.07666666666667,2.698333333333333,3.545,,,,,,,
2026-09-12T22:20:00+07:00,2026-09-12T22:31:38.859395+07:00,partial,current,11.647656583333331,STA2285,AWS Batur Dieng,-7.20399,109.91158,2078.0,Kab. Banjarnegara,13.52,13.41,,0.0,True,3.756,156.2,0.0,799.7063,,-0.6600000000000001,-0.629999999999999,,2.627,-0.1371999999998934,6,10.0,10.0,13.41,97.0,3.1361666666666665,3.756,,,,,,,
2026-09-12T22:40:00+07:00,2026-09-12T22:48:27.672326+07:00,partial,current,8.461205433333333,STA2285,AWS Batur Dieng,-7.20399,109.91158,2078.0,Kab. Banjarnegara,13.56,13.33,,0.0,True,4.92,126.3,0.0,799.5785,,-0.1199999999999992,-0.25,,2.035,-0.3345000000000482,6,10.0,10.0,13.33,,3.919333333333333,4.92,,,,,,,
2026-09-12T22:50:00+07:00,2026-09-12T23:02:18.990960+07:00,partial,current,12.316516,STA2285,AWS Batur Dieng,-7.20399,109.91158,2078.0,Kab. Banjarnegara,13.51,13.33,,0.0,True,5.971,132.9,0.0,799.4797,,-0.0999999999999996,-0.1799999999999997,,2.556,-0.4401000000000294,6,10.0,10.0,13.33,,4.3453333333333335,5.971,,,,,,,
2026-09-12T23:10:00+07:00,2026-09-12T23:16:41.461359+07:00,partial,current,6.69102265,STA2285,AWS Batur Dieng,-7.20399,109.91158,2078.0,Kab. Banjarnegara,13.27,13.17,,0.0,True,5.181,145.2,0.0,799.4425,,-0.2699999999999996,-0.2799999999999993,,1.636,-0.3016000000000076,6,10.0,10.0,13.17,,4.716,5.971,,,,,,,
2026-09-12T23:20:00+07:00,2026-09-12T23:32:01.541396+07:00,partial,current,12.025689933333332,STA2285,AWS Batur Dieng,-7.20399,109.91158,2078.0,Kab. Banjarnegara,13.22,13.1,,0.0,True,4.704,149.2,0.0,799.3686,,-0.2999999999999989,-0.3100000000000005,,0.948,-0.3377000000000407,6,10.0,10.0,13.1,,4.8740000000000006,5.971,,,,,,,
2026-09-12T23:40:00+07:00,2026-09-12T23:46:43.420791+07:00,partial,current,6.72367985,STA2285,AWS Batur Dieng,-7.20399,109.91158,2078.0,Kab. Banjarnegara,13.04,12.99,,0.0,True,4.928,155.4,0.0,799.134,,-0.5200000000000014,-0.3399999999999998,,0.008,-0.4444999999999481,6,10.0,10.0,12.99,,4.969166666666667,5.971,,,,,,,
2026-09-12T23:50:00+07:00,2026-09-13T00:01:53.126437+07:00,partial,current,11.885440616666669,STA2285,AWS Batur Dieng,-7.20399,109.91158,2078.0,Kab. Banjarnegara,12.89,12.75,,0.0,True,4.46,152.8,0.0,799.0075,,-0.6199999999999992,-0.5800000000000001,,-1.511,-0.4721999999999298,6,10.0,10.0,12.75,,4.717333333333333,5.271,,,,,,,
2026-09-13T00:10:00+07:00,2026-09-13T00:16:45.256245+07:00,partial,current,6.75427075,STA2285,AWS Batur Dieng,-7.20399,109.91158,2078.0,Kab. Banjarnegara,12.8,12.72,,0.0,True,4.733,151.8,0.0,798.9506,,-0.4699999999999988,-0.4499999999999993,,-0.4480000000000004,-0.4918999999999869,6,10.0,10.0,12.72,,4.808166666666667,5.271,,,,,,,
2026-09-13T00:20:00+07:00,2026-09-13T00:31:56.329789+07:00,partial,current,11.938829816666669,STA2285,AWS Batur Dieng,-7.20399,109.91158,2078.0,Kab. Banjarnegara,12.8,12.7,,0.0,True,3.946,154.9,0.0,798.8817,,-0.4199999999999999,-0.4000000000000003,,-0.7579999999999996,-0.4868999999999914,6,10.0,10.0,12.7,,4.6818333333333335,5.271,,,,,,,
2026-09-13T00:40:00+07:00,2026-09-13T00:46:35.175731+07:00,partial,current,6.586262183333333,STA2285,AWS Batur Dieng,-7.20399,109.91158,2078.0,Kab. Banjarnegara,12.6,12.47,,0.0,True,2.013,164.9,0.0,798.7194,,-0.4399999999999995,-0.5199999999999996,,-2.915,-0.414600000000064,6,10.0,10.0,12.47,,3.6245,4.753,,,,,,,
2026-09-13T00:50:00+07:00,2026-09-13T01:01:40.945321+07:00,partial,current,11.682422016666669,STA2285,AWS Batur Dieng,-7.20399,109.91158,2078.0,Kab. Banjarnegara,12.55,12.32,,0.0,True,2.562,148.8,0.0,798.6239,,-0.3399999999999998,-0.4299999999999997,,-1.898,-0.3836000000000013,6,10.0,10.0,12.32,,3.3081666666666667,4.753,,,,,,,
2026-09-13T01:10:00+07:00,2026-09-13T01:16:33.269633+07:00,partial,current,6.5544938833333335,STA2285,AWS Batur Dieng,-7.20399,109.91158,2078.0,Kab. Banjarnegara,12.45,12.32,,0.0,True,0.698,145.5,0.0,798.5034,,-0.3500000000000014,-0.4000000000000003,,-4.035,-0.4471999999999525,6,10.0,10.0,12.32,,2.130333333333333,3.946,,,,,,,
2026-09-13T01:20:00+07:00,2026-09-13T01:31:56.095762+07:00,partial,current,11.934929366666667,STA2285,AWS Batur Dieng,-7.20399,109.91158,2078.0,Kab. Banjarnegara,12.24,12.13,,0.0,True,0.0,139.4,0.0,798.4725,,-0.5600000000000005,-0.5699999999999985,,-3.946,-0.4092000000000553,6,10.0,10.0,12.13,,1.4726666666666668,2.562,,,,,,,
2026-09-13T01:40:00+07:00,2026-09-13T01:46:41.415422+07:00,partial,current,6.690257033333333,STA2285,AWS Batur Dieng,-7.20399,109.91158,2078.0,Kab. Banjarnegara,12.19,11.73,,0.0,True,3.783,141.8,0.0,798.3446,,-0.4100000000000001,-0.7400000000000002,,1.77,-0.3747999999999365,6,10.0,10.0,11.73,,1.6348333333333331,3.783,,,,,,,
2026-09-13T01:50:00+07:00,2026-09-13T02:01:45.826692+07:00,partial,current,11.7637782,STA2285,AWS Batur Dieng,-7.20399,109.91158,2078.0,Kab. Banjarnegara,11.82,11.55,,0.0,True,2.088,148.5,0.0,798.2998,,-0.7300000000000004,-0.7699999999999996,,-0.4739999999999997,-0.324100000000044,6,10.0,10.0,11.55,,1.5558333333333334,3.783,,,,,,,
2026-09-13T02:10:00+07:00,2026-09-13T02:17:15.145643+07:00,valid,current,7.252427383333333,STA2285,AWS Batur Dieng,-7.20399,109.91158,2078.0,Kab. Banjarnegara,11.32,11.21,55.73,55.73,False,4.232,150.4,0.0,798.1287,2.785729543904944,-1.129999999999999,-1.1099999999999994,,3.5340000000000003,-0.3747000000000753,6,10.0,10.0,11.21,55.73,2.4291666666666667,4.232,,,,,,,
2026-09-13T02:20:00+07:00,2026-09-13T02:31:47.696162+07:00,valid,current,11.794936033333332,STA2285,AWS Batur Dieng,-7.20399,109.91158,2078.0,Kab. Banjarnegara,11.11,10.92,97.0,97.0,False,4.793,145.3,0.0,798.1866,10.651533291996472,-1.1300000000000008,-1.2100000000000009,,4.793,-0.2858999999999696,6,10.0,10.0,10.92,76.365,3.228,4.793,,,,,,,
2026-09-13T02:40:00+07:00,2026-09-13T02:46:46.423549+07:00,valid,current,6.7737258166666665,STA2285,AWS Batur Dieng,-7.20399,109.91158,2078.0,Kab. Banjarnegara,11.17,10.92,97.0,97.0,False,4.575,152.1,0.0,798.0562,10.711316991176544,-1.0199999999999996,-0.8100000000000005,,0.7920000000000003,-0.2884000000000242,6,10.0,10.0,10.92,86.6825,4.078833333333333,5.358,,,,,,,
2026-09-13T02:50:00+07:00,2026-09-13T03:01:51.332668+07:00,valid,current,11.855544466666666,STA2285,AWS Batur Dieng,-7.20399,109.91158,2078.0,Kab. Banjarnegara,11.07,10.91,97.0,97.0,False,4.863,151.3,0.0,798.0154,10.61167746425398,-0.75,-0.6400000000000006,,2.7750000000000004,-0.2844000000000051,6,10.0,10.0,10.91,88.74600000000001,4.541333333333333,5.358,,,,,,,
2026-09-13T03:10:00+07:00,2026-09-13T03:17:01.608702+07:00,valid,current,7.0268117,STA2285,AWS Batur Dieng,-7.20399,109.91158,2078.0,Kab. Banjarnegara,11.04,10.86,95.3,95.3,False,6.028,150.4,0.0,798.1818,10.31655550462105,-0.2800000000000011,-0.3500000000000014,39.57,1.7959999999999994,0.0530999999999721,6,10.0,10.0,10.86,96.71666666666664,5.298666666666667,6.175,,,,,,,
2026-09-13T03:20:00+07:00,2026-09-13T03:31:33.755286+07:00,valid,current,11.5625881,STA2285,AWS Batur Dieng,-7.20399,109.91158,2078.0,Kab. Banjarnegara,11.0,10.86,74.79,74.79,False,6.752,144.8,0.0,798.1974,6.697662553788409,-0.1099999999999994,-0.0600000000000005,-22.21,1.959,0.0108000000000174,6,10.0,10.0,10.86,93.015,5.625166666666666,6.752,,,,,,,
2026-09-13T03:40:00+07:00,2026-09-13T03:46:34.094772+07:00,valid,current,6.5682462,STA2285,AWS Batur Dieng,-7.20399,109.91158,2078.0,Kab. Banjarnegara,11.11,10.77,17.08,17.08,False,6.744,154.6,0.0,798.191,-13.009565014118571,-0.0600000000000005,-0.1500000000000003,-79.92,2.169,0.1348000000000411,6,10.0,10.0,10.77,74.80666666666667,6.176166666666667,6.752,,,,,,,
2026-09-13T07:10:00+07:00,2026-09-13T07:22:14.250434+07:00,valid,current,12.237507233333334,STA2285,AWS Batur Dieng,-7.20399,109.91158,2078.0,Kab. Banjarnegara,14.3,14.13,62.8,62.8,False,7.027,166.2,0.0,799.6111,7.303347822356599,1.9600000000000009,3.360000000000001,-34.2,-0.0929999999999999,0.6660999999999149,6,10.0,10.0,10.77,72.2275,6.965333333333334,7.262,,,,,,,
2026-09-13T07:20:00+07:00,2026-09-13T07:31:49.113951+07:00,valid,current,11.81856585,STA2285,AWS Batur Dieng,-7.20399,109.91158,2078.0,Kab. Banjarnegara,14.69,14.13,96.9,96.9,False,6.221,170.5,0.0,799.61,14.202603004379773,1.92,3.360000000000001,-0.0999999999999943,-1.0409999999999997,0.6517999999999802,6,10.0,10.0,10.77,72.20250000000001,6.791833333333334,7.167,,,,,,,
2026-09-13T07:40:00+07:00,2026-09-13T07:46:48.424636+07:00,valid,current,6.807077266666667,STA2285,AWS Batur Dieng,-7.20399,109.91158,2078.0,Kab. Banjarnegara,15.55,14.13,97.0,97.0,False,6.045,168.3,0.0,799.6107,15.075389499719291,2.08,3.360000000000001,64.89,-0.9370000000000004,0.3532999999999902,6,10.0,10.0,10.77,88.425,6.494500000000001,7.167,,,,,,,
2026-09-13T07:50:00+07:00,2026-09-13T08:01:43.590955+07:00,valid,current,11.726515916666669,STA2285,AWS Batur Dieng,-7.20399,109.91158,2078.0,Kab. Banjarnegara,15.89,14.13,97.0,97.0,False,6.188,175.0,0.0,799.739,15.414141770260445,2.17,3.360000000000001,,-0.0030000000000001,0.3220999999999776,6,10.0,10.0,10.77,90.14,6.494,7.167,,,,,,,
2026-09-13T08:10:00+07:00,2026-09-13T08:16:47.404632+07:00,valid,current,6.7900772,STA2285,AWS Batur Dieng,-7.20399,109.91158,2078.0,Kab. Banjarnegara,16.5,14.13,97.0,97.0,False,6.582,169.2,0.0,800.0758,16.021899098859723,2.2,0.0,34.2,-0.4450000000000003,0.4646999999999934,6,10.0,10.0,14.13,96.98333333333332,6.295833333333333,6.582,,,,,,,
2026-09-13T08:20:00+07:00,2026-09-13T08:31:35.717077+07:00,valid,current,11.595284616666667,STA2285,AWS Batur Dieng,-7.20399,109.91158,2078.0,Kab. Banjarnegara,16.7,14.13,97.0,97.0,False,6.855,167.5,0.0,800.0853,16.221162651180315,2.01,0.0,0.0999999999999943,0.6340000000000003,0.4752999999999474,6,10.0,10.0,14.13,97.0,6.401500000000001,6.855,,,,,,,
2026-09-13T08:40:00+07:00,2026-09-13T08:46:46.572969+07:00,valid,current,6.77621615,STA2285,AWS Batur Dieng,-7.20399,109.91158,2078.0,Kab. Banjarnegara,17.48,14.13,97.0,97.0,False,5.644,166.5,0.0,800.3309,16.99828509984738,1.93,0.0,0.0,-0.4009999999999998,0.7202000000000908,6,10.0,10.0,14.13,97.0,6.182666666666667,6.855,,,,,,,
2026-09-13T08:50:00+07:00,2026-09-13T09:01:50.784914+07:00,valid,current,11.846415233333332,STA2285,AWS Batur Dieng,-7.20399,109.91158,2078.0,Kab. Banjarnegara,17.48,14.13,97.0,97.0,False,5.592,170.7,0.0,800.4706,16.99828509984738,1.59,0.0,0.0,-0.5960000000000001,0.7315999999999576,6,10.0,10.0,14.13,97.0,6.083333333333333,6.855,,,,,,,
2026-09-13T09:10:00+07:00,2026-09-13T09:16:31.298127+07:00,valid,current,6.521635450000001,STA2285,AWS Batur Dieng,-7.20399,109.91158,2078.0,Kab. Banjarnegara,18.05,14.13,97.0,97.0,False,4.202,182.3,0.0,800.4339,17.566176832485745,1.5500000000000007,0.0,0.0,-2.38,0.3581000000000358,6,10.0,10.0,14.13,96.98333333333332,5.447666666666667,6.855,,,,,,,
2026-09-13T09:20:00+07:00,2026-09-13T09:31:50.570609+07:00,valid,current,11.842843483333333,STA2285,AWS Batur Dieng,-7.20399,109.91158,2078.0,Kab. Banjarnegara,18.46,14.13,97.0,97.0,False,3.842,180.6,0.0,800.4795,17.97465751824679,1.7600000000000016,0.0,0.0,-3.0130000000000003,0.3942000000000689,6,10.0,10.0,14.13,96.98333333333332,4.9455,5.644,,,,,,,
2026-09-13T09:40:00+07:00,2026-09-13T09:46:35.989177+07:00,valid,current,6.599819616666666,STA2285,AWS Batur Dieng,-7.20399,109.91158,2078.0,Kab. Banjarnegara,19.43,14.13,97.0,97.0,False,3.746,173.9,0.0,800.5413,18.94105357766449,1.9499999999999995,0.0,0.0,-1.898,0.2103999999999359,6,10.0,10.0,14.13,96.96666666666664,4.2718333333333325,5.592,,,,,,,
2026-09-13T09:50:00+07:00,2026-09-13T10:02:09.137991+07:00,valid,current,12.15229985,STA2285,AWS Batur Dieng,-7.20399,109.91158,2078.0,Kab. Banjarnegara,19.46,14.13,97.0,97.0,False,3.249,164.8,0.0,800.5914,18.97094190345247,1.9800000000000004,0.0,0.0,-2.3429999999999995,0.1208000000000311,6,10.0,10.0,14.13,96.96666666666664,3.8813333333333326,4.989,,,,,,,
2026-09-13T10:10:00+07:00,2026-09-13T10:16:36.650123+07:00,valid,current,6.610835383333334,STA2285,AWS Batur Dieng,-7.20399,109.91158,2078.0,Kab. Banjarnegara,20.3,14.13,23.74,23.74,False,3.618,118.9,0.0,800.4011,-1.0893815846312669,2.25,0.0,-73.26,-0.5840000000000001,-0.0327999999999519,6,10.0,10.0,14.13,84.60666666666667,3.5185,3.842,,,,,,,
2026-09-13T10:20:00+07:00,2026-09-13T10:31:39.868701+07:00,partial,current,11.66447835,STA2285,AWS Batur Dieng,-7.20399,109.91158,2078.0,Kab. Banjarnegara,20.68,14.13,,0.0,True,2.29,117.6,0.0,800.3162,,2.219999999999999,0.0,,-1.552,-0.1633000000000493,6,10.0,10.0,14.13,82.128,3.259833333333333,3.746,,,,,,,
2026-09-13T10:40:00+07:00,2026-09-13T10:46:40.636401+07:00,valid,current,6.677273349999999,STA2285,AWS Batur Dieng,-7.20399,109.91158,2078.0,Kab. Banjarnegara,19.67,14.13,92.8,92.8,False,3.417,163.2,0.0,800.1766,18.47155507750647,0.240000000000002,0.0,-4.200000000000003,-0.3290000000000002,-0.3646999999999707,6,10.0,10.0,14.13,77.385,3.3353333333333333,4.042,,,,,,,
2026-09-13T10:50:00+07:00,2026-09-13T11:02:01.615919+07:00,valid,current,12.026931983333332,STA2285,AWS Batur Dieng,-7.20399,109.91158,2078.0,Kab. Banjarnegara,20.29,14.13,91.9,91.9,False,2.545,145.4,0.0,800.0876,18.92967513485617,0.8299999999999983,0.0,-5.099999999999994,-0.7040000000000002,-0.5038000000000693,6,10.0,10.0,14.13,76.11,3.218,4.042,,,,,,,
2026-09-13T11:10:00+07:00,2026-09-13T11:16:43.395540+07:00,partial,current,6.723259,STA2285,AWS Batur Dieng,-7.20399,109.91158,2078.0,Kab. Banjarnegara,19.66,14.13,,0.0,True,4.83,146.2,0.0,799.912,,-0.6400000000000006,0.0,,1.2120000000000002,-0.4891000000000076,6,10.0,10.0,14.13,92.35,3.4945,4.83,,,,,,,
2026-09-13T11:20:00+07:00,2026-09-13T11:31:41.675055+07:00,partial,current,11.69458425,STA2285,AWS Batur Dieng,-7.20399,109.91158,2078.0,Kab. Banjarnegara,20.07,14.13,,0.0,True,4.369,147.0,0.0,799.7643,,-0.6099999999999994,0.0,,2.079,-0.5518999999999323,6,10.0,10.0,14.13,92.35,3.841,4.83,,,,,,,
2026-09-13T11:50:00+07:00,2026-09-13T12:01:43.527144+07:00,partial,current,11.7254524,STA2285,AWS Batur Dieng,-7.20399,109.91158,2078.0,Kab. Banjarnegara,19.94,19.29,,0.0,True,4.247,149.7,0.0,799.6151,,-0.3499999999999978,5.159999999999998,,1.702,-0.4724999999999681,6,10.0,10.0,14.13,,4.362833333333334,5.122,,,,,,,
2026-09-13T12:10:00+07:00,2026-09-13T12:16:38.491641+07:00,partial,current,6.6415273500000005,STA2285,AWS Batur Dieng,-7.20399,109.91158,2078.0,Kab. Banjarnegara,20.14,19.29,,0.0,True,4.875,154.5,0.0,799.4718,,0.4800000000000004,5.159999999999998,,0.0449999999999999,-0.4402000000000043,6,10.0,10.0,14.13,,4.508,5.122,,,,,,,
2026-09-13T12:20:00+07:00,2026-09-13T12:31:48.535022+07:00,partial,current,11.808917033333334,STA2285,AWS Batur Dieng,-7.20399,109.91158,2078.0,Kab. Banjarnegara,20.0,19.29,,0.0,True,4.759,147.7,0.0,799.4642,,-0.0700000000000002,5.159999999999998,,0.3900000000000005,-0.3001000000000431,6,10.0,10.0,19.29,,4.573,5.122,,,,,,,
2026-09-13T12:40:00+07:00,2026-09-13T12:46:28.595307+07:00,valid,current,6.47658845,STA2285,AWS Batur Dieng,-7.20399,109.91158,2078.0,Kab. Banjarnegara,20.27,19.29,87.3,87.3,False,4.819,147.4,0.0,799.2355,18.089882579508547,0.4499999999999993,0.0,,-0.3029999999999999,-0.4039999999999963,6,10.0,10.0,19.29,87.3,4.558666666666666,4.875,,,,,,,
2026-09-13T12:50:00+07:00,2026-09-13T13:01:37.106941+07:00,valid,current,11.618449016666666,STA2285,AWS Batur Dieng,-7.20399,109.91158,2078.0,Kab. Banjarnegara,20.03,19.29,96.9,96.9,False,4.333,138.2,0.0,799.1543,19.5222165600146,0.0899999999999998,0.0,,0.0860000000000003,-0.4607999999999492,6,10.0,10.0,19.29,92.1,4.573,4.875,,,,,,,
2026-09-13T13:10:00+07:00,2026-09-13T13:16:41.678919+07:00,valid,current,6.69464865,STA2285,AWS Batur Dieng,-7.20399,109.91158,2078.0,Kab. Banjarnegara,20.49,19.29,97.0,97.0,False,2.823,140.3,0.0,798.9448,19.997100035421305,0.3499999999999978,0.0,,-2.052,-0.5270000000000437,6,10.0,10.0,19.29,94.55,3.9791666666666665,4.819,,,,,,,
2026-09-13T13:20:00+07:00,2026-09-13T13:31:43.744386+07:00,valid,current,11.7290731,STA2285,AWS Batur Dieng,-7.20399,109.91158,2078.0,Kab. Banjarnegara,20.5,19.29,96.9,96.9,False,2.405,136.4,0.0,798.8621,19.99040228810836,0.5,0.0,,-2.3540000000000005,-0.6020999999999503,6,10.0,10.0,19.29,95.02,3.5868333333333333,4.819,,,,,,,
2026-09-13T13:40:00+07:00,2026-09-13T13:46:36.483946+07:00,valid,current,6.608065766666667,STA2285,AWS Batur Dieng,-7.20399,109.91158,2078.0,Kab. Banjarnegara,20.49,19.29,97.0,97.0,False,2.653,136.1,0.0,798.6636,19.997100035421305,0.2199999999999988,0.0,9.700000000000005,-2.166,-0.5719000000000278,6,10.0,10.0,19.29,96.96666666666664,2.9411666666666663,4.333,,,,,,,
2026-09-13T13:50:00+07:00,2026-09-13T14:01:52.011481+07:00,valid,current,11.866858016666669,STA2285,AWS Batur Dieng,-7.20399,109.91158,2078.0,Kab. Banjarnegara,20.65,19.29,97.0,97.0,False,1.802,142.5,0.0,798.5442,20.1565018940863,0.6199999999999974,0.0,0.0999999999999943,-2.531,-0.6100999999999885,6,10.0,10.0,19.29,96.98333333333332,2.519333333333333,3.158,,,,,,,
2026-09-13T14:10:00+07:00,2026-09-13T14:16:39.482930+07:00,valid,current,6.658048833333334,STA2285,AWS Batur Dieng,-7.20399,109.91158,2078.0,Kab. Banjarnegara,20.77,19.29,58.23,58.23,False,0.842,165.0,0.0,798.4819,12.267244344965368,0.2800000000000011,0.0,-38.77,-1.981,-0.4628999999999905,6,10.0,10.0,19.29,90.52166666666666,2.052833333333333,2.653,,,,,,,
2026-09-13T14:40:00+07:00,2026-09-13T14:46:45.834844+07:00,partial,current,6.763914066666667,STA2285,AWS Batur Dieng,-7.20399,109.91158,2078.0,Kab. Banjarnegara,20.08,19.29,,0.0,True,1.857,153.3,0.0,798.1788,,-0.4100000000000001,0.0,,-0.796,-0.4847999999999501,6,10.0,10.0,19.29,84.07666666666667,1.8051666666666664,2.34,,,,,,,
2026-09-13T14:50:00+07:00,2026-09-13T15:01:52.337894+07:00,valid,current,11.872298233333334,STA2285,AWS Batur Dieng,-7.20399,109.91158,2078.0,Kab. Banjarnegara,20.07,19.29,53.23,53.23,False,2.506,130.8,0.0,798.1126,10.25967741105014,-0.5799999999999983,0.0,-43.77,0.7039999999999997,-0.4316000000000031,6,10.0,10.0,19.29,69.48666666666666,1.9225,2.506,,,,,,,
2026-09-13T15:10:00+07:00,2026-09-13T15:16:27.700715+07:00,valid,current,6.461678583333334,STA2285,AWS Batur Dieng,-7.20399,109.91158,2078.0,Kab. Banjarnegara,19.44,18.69,97.0,97.0,False,2.686,128.4,0.0,798.0326,18.951016354341355,-1.3299999999999983,-0.5999999999999979,38.77,1.844,-0.4492999999999938,6,10.0,10.0,18.69,82.41,2.1265,2.686,,,,,,,
2026-09-13T15:20:00+07:00,2026-09-13T15:31:36.717789+07:00,valid,current,11.61196315,STA2285,AWS Batur Dieng,-7.20399,109.91158,2078.0,Kab. Banjarnegara,19.8,18.69,87.2,87.2,False,2.404,117.9,0.0,798.0694,17.609447340077264,-0.5799999999999983,-0.5999999999999979,,0.3359999999999998,-0.3024000000000342,6,10.0,10.0,18.69,83.6075,2.1825,2.686,,,,,,,
2026-09-13T16:40:00+07:00,2026-09-13T16:46:48.597830+07:00,valid,current,6.809963833333333,STA2285,AWS Batur Dieng,-7.20399,109.91158,2078.0,Kab. Banjarnegara,17.58,17.44,97.0,97.0,False,3.17,118.9,0.0,798.1834,17.0979155607308,-1.8100000000000025,-1.25,,1.345,0.1146999999999707,6,10.0,10.0,17.44,84.628,3.091333333333333,3.601,,,,,,,
2026-09-13T16:50:00+07:00,2026-09-13T17:01:45.122517+07:00,valid,current,11.75204195,STA2285,AWS Batur Dieng,-7.20399,109.91158,2078.0,Kab. Banjarnegara,17.31,17.05,97.0,97.0,False,2.863,113.5,0.0,798.1868,16.828912991771883,-1.6700000000000017,-1.5500000000000007,,-0.04,0.067899999999895,6,10.0,10.0,17.05,86.69,3.0846666666666667,3.601,,,,,,,
2026-09-13T17:00:00+07:00,2026-09-13T17:10:56.615272+07:00,valid,current,10.943587866666666,STA2285,AWS Batur Dieng,-7.20399,109.91158,2078.0,Kab. Banjarnegara,16.85,16.74,97.0,97.0,False,3.646,108.5,0.0,798.2937,16.37060994417025,-1.7999999999999972,-1.400000000000002,61.66,0.5190000000000001,0.2566999999999098,6,10.0,10.0,16.74,96.96666666666664,3.1711666666666662,3.646,,,,,,,
2026-09-13T17:10:00+07:00,2026-09-13T17:16:38.227264+07:00,valid,current,6.6371210666666665,STA2285,AWS Batur Dieng,-7.20399,109.91158,2078.0,Kab. Banjarnegara,16.49,16.32,54.71,54.71,False,3.566,109.3,0.0,798.365,7.340699096932231,-2.09,-1.8200000000000005,-42.190000000000005,0.621,0.3035999999999603,6,10.0,10.0,16.32,89.935,3.2746666666666666,3.646,,,,,,,
2026-09-13T17:20:00+07:00,2026-09-13T17:31:35.209220+07:00,invalid,current,11.586820333333332,STA2285,AWS Batur Dieng,-7.20399,109.91158,2078.0,Kab. Banjarnegara,16.21,15.99,6.671,6.671,False,3.985,118.8,0.0,798.3546,-20.28922169774849,-2.0,-2.0200000000000014,-90.329,0.3839999999999999,0.2952000000000225,6,10.0,10.0,15.99,74.88016666666665,3.3386666666666662,3.985,,,,,,,
2026-09-13T17:40:00+07:00,2026-09-13T17:46:52.128973+07:00,valid,current,6.868816216666667,STA2285,AWS Batur Dieng,-7.20399,109.91158,2078.0,Kab. Banjarnegara,15.62,15.45,96.9,96.9,False,3.578,119.0,0.0,798.5161,15.129082534731635,-1.959999999999999,-1.990000000000002,-0.0999999999999943,0.4079999999999999,0.3327000000000453,6,10.0,10.0,15.45,74.33016666666667,3.649333333333333,4.258,,,,,,,
2026-09-13T17:50:00+07:00,2026-09-13T18:01:39.015396+07:00,valid,current,11.6502566,STA2285,AWS Batur Dieng,-7.20399,109.91158,2078.0,Kab. Banjarnegara,15.48,15.27,97.0,97.0,False,4.931,121.6,0.0,798.5138,15.005646182241325,-1.8299999999999983,-1.7800000000000011,0.0,2.068,0.3269999999999982,6,10.0,10.0,15.27,74.33016666666667,3.994,4.931,,,,,,,
2026-09-13T18:10:00+07:00,2026-09-13T18:16:37.034776+07:00,valid,current,6.617246266666667,STA2285,AWS Batur Dieng,-7.20399,109.91158,2078.0,Kab. Banjarnegara,15.14,14.93,95.2,95.2,False,4.222,108.2,0.0,798.6122,14.376811882406964,-1.349999999999998,-1.3900000000000006,40.49,0.6560000000000006,0.2472000000000207,6,10.0,10.0,14.93,81.0785,4.175,4.931,,,,,,,
2026-09-13T18:20:00+07:00,2026-09-13T18:31:47.127975+07:00,partial,current,11.78546625,STA2285,AWS Batur Dieng,-7.20399,109.91158,2078.0,Kab. Banjarnegara,15.13,15.06,,0.0,True,5.662,126.2,0.0,798.6589,,-1.08,-0.9299999999999996,,1.677,0.304300000000012,6,10.0,10.0,14.93,95.96,4.4545,5.662,,,,,,,
2026-09-13T18:40:00+07:00,2026-09-13T18:46:36.384825+07:00,partial,current,6.60641375,STA2285,AWS Batur Dieng,-7.20399,109.91158,2078.0,Kab. Banjarnegara,14.86,14.78,,0.0,True,5.269,121.2,0.0,798.7899,,-0.7599999999999998,-0.6699999999999999,,1.6910000000000005,0.2737999999999374,6,10.0,10.0,14.78,96.4,4.998166666666666,5.829,,,,,,,
2026-09-13T18:50:00+07:00,2026-09-13T19:01:39.430707+07:00,partial,current,11.65717845,STA2285,AWS Batur Dieng,-7.20399,109.91158,2078.0,Kab. Banjarnegara,14.77,14.7,,0.0,True,4.999,117.3,0.0,798.9083,,-0.7100000000000009,-0.5700000000000003,,0.0679999999999996,0.3945000000001073,6,10.0,10.0,14.7,96.1,5.0095,5.829,,,,,,,
2026-09-13T19:10:00+07:00,2026-09-13T19:16:33.068900+07:00,partial,current,6.551148333333333,STA2285,AWS Batur Dieng,-7.20399,109.91158,2078.0,Kab. Banjarnegara,14.68,14.53,,0.0,True,6.704,118.7,0.0,799.0154,,-0.4600000000000008,-0.4000000000000003,,2.482,0.4031999999999698,6,10.0,10.0,14.53,,5.633833333333333,6.704,,,,,,,
2026-09-13T19:20:00+07:00,2026-09-13T19:31:42.565683+07:00,partial,current,11.70942805,STA2285,AWS Batur Dieng,-7.20399,109.91158,2078.0,Kab. Banjarnegara,14.61,14.46,,0.0,True,7.082,118.7,0.0,799.0929,,-0.5200000000000014,-0.5999999999999996,,1.42,0.4339999999999691,6,10.0,10.0,14.46,,5.8705,7.082,,,,,,,
2026-09-13T19:30:00+07:00,2026-09-13T19:46:36.766945+07:00,partial,current,16.612782416666665,STA2285,AWS Batur Dieng,-7.20399,109.91158,2078.0,Kab. Banjarnegara,14.5,14.41,,0.0,True,7.036,120.1,0.0,799.0856,,-0.4800000000000004,-0.4800000000000004,,1.207,0.4193000000000211,6,10.0,10.0,14.41,,6.071666666666666,7.082,,,,,,,
2026-09-13T19:50:00+07:00,2026-09-13T20:01:45.441792+07:00,partial,current,11.7573632,STA2285,AWS Batur Dieng,-7.20399,109.91158,2078.0,Kab. Banjarnegara,14.36,14.3,,0.0,True,6.628,120.6,0.0,799.3434,,-0.4100000000000001,-0.3999999999999986,,1.6290000000000004,0.4350999999999203,5,10.0,20.0,14.3,,6.558,7.082,,,,,,,
2026-09-13T20:10:00+07:00,2026-09-13T20:16:39.093072+07:00,partial,current,6.6515512,STA2285,AWS Batur Dieng,-7.20399,109.91158,2078.0,Kab. Banjarnegara,14.14,13.92,,0.0,True,6.126,118.1,0.0,799.4936,,-0.5399999999999991,-0.6099999999999994,,-0.5779999999999994,0.4782000000000153,6,10.0,10.0,13.92,,6.6118,7.082,,,,,,,
2026-09-13T20:20:00+07:00,2026-09-13T20:31:41.904223+07:00,partial,current,11.698403716666666,STA2285,AWS Batur Dieng,-7.20399,109.91158,2078.0,Kab. Banjarnegara,13.87,13.81,,0.0,True,5.857,121.8,0.0,799.5687,,-0.7400000000000002,-0.6500000000000004,,-1.2249999999999996,0.4758000000000493,6,10.0,10.0,13.81,,6.3668,7.036,,,,,,,
2026-09-13T20:40:00+07:00,2026-09-13T20:46:49.690709+07:00,partial,current,6.828178483333334,STA2285,AWS Batur Dieng,-7.20399,109.91158,2078.0,Kab. Banjarnegara,13.72,13.62,,0.0,True,5.019,126.4,0.0,799.5772,,,,,,,6,10.0,10.0,13.62,,5.859166666666667,6.628,,,,,,,
2026-09-13T21:10:00+07:00,2026-09-13T21:16:38.932610+07:00,partial,current,6.6488768333333335,STA2285,AWS Batur Dieng,-7.20399,109.91158,2078.0,Kab. Banjarnegara,13.39,13.24,,0.0,True,3.583,129.3,0.0,799.5771,,-0.75,-0.6799999999999997,,-2.543,0.0834999999999581,6,10.0,10.0,13.24,,5.178166666666666,5.857,,,,,,,
2026-09-13T21:20:00+07:00,2026-09-13T21:31:31.616643+07:00,partial,current,11.52694405,STA2285,AWS Batur Dieng,-7.20399,109.91158,2078.0,Kab. Banjarnegara,13.06,12.71,,0.0,True,1.334,121.4,0.0,799.5756,,-0.8099999999999987,-1.0999999999999996,,-4.523,0.0068999999999732,6,10.0,10.0,12.71,,4.424333333333332,5.682,,,,,,,
2026-09-13T21:40:00+07:00,2026-09-13T21:46:34.588424+07:00,partial,current,6.576473733333333,STA2285,AWS Batur Dieng,-7.20399,109.91158,2078.0,Kab. Banjarnegara,13.0,12.67,,0.0,True,2.218,131.8,0.0,799.575,,-0.7200000000000006,-0.9499999999999992,,-2.801,-0.0021999999999025,6,10.0,10.0,12.67,,3.160833333333333,5.682,,,,,,,
2026-09-13T21:50:00+07:00,2026-09-13T22:01:40.356626+07:00,partial,current,11.672610433333334,STA2285,AWS Batur Dieng,-7.20399,109.91158,2078.0,Kab. Banjarnegara,13.04,12.67,,0.0,True,3.32,134.8,0.0,799.5738,,-0.5200000000000014,-0.7799999999999994,,-2.27,-0.002299999999991,6,10.0,10.0,12.67,,2.7825,5.682,,,,,,,
2026-09-13T22:00:00+07:00,2026-09-13T22:16:41.090118+07:00,partial,current,16.6848353,STA2285,AWS Batur Dieng,-7.20399,109.91158,2078.0,Kab. Banjarnegara,12.99,12.67,,0.0,True,3.476,141.4,0.0,799.5741,,-0.5600000000000005,-0.7599999999999998,,-2.2060000000000004,-0.0024999999999408,6,10.0,10.0,12.67,,2.4148333333333336,3.583,,,,,,,
2026-09-13T22:20:00+07:00,2026-09-13T22:31:50.358688+07:00,partial,current,11.839311466666668,STA2285,AWS Batur Dieng,-7.20399,109.91158,2078.0,Kab. Banjarnegara,12.66,12.44,,0.0,True,3.732,142.9,0.0,799.5732,,-0.4000000000000003,-0.2700000000000013,,2.398,-0.0023999999999659,6,10.0,10.0,12.44,,2.917833333333333,4.203,,,,,,,
2026-09-13T22:40:00+07:00,2026-09-13T22:46:39.560578+07:00,partial,current,6.659342966666667,STA2285,AWS Batur Dieng,-7.20399,109.91158,2078.0,Kab. Banjarnegara,12.83,12.37,,0.0,True,2.645,131.2,0.0,799.5742,,-0.1699999999999999,-0.3000000000000007,,0.427,-0.0008000000000265,6,10.0,10.0,12.37,,3.4666666666666663,4.203,,,,,,,
2026-09-13T22:50:00+07:00,2026-09-13T23:01:45.442192+07:00,partial,current,11.757369866666666,STA2285,AWS Batur Dieng,-7.20399,109.91158,2078.0,Kab. Banjarnegara,12.27,11.81,,0.0,True,1.732,137.7,0.0,799.5744,,-0.7699999999999996,-0.8599999999999994,,-1.588,0.000599999999963,6,10.0,10.0,11.81,,3.202,4.203,,,,,,,
2026-09-13T23:10:00+07:00,2026-09-13T23:16:41.961618+07:00,partial,current,6.6993603,STA2285,AWS Batur Dieng,-7.20399,109.91158,2078.0,Kab. Banjarnegara,11.43,11.0,,0.193,True,0.45,119.7,0.0,799.5578,,-1.25,-1.4399999999999995,,-3.753,-0.0150999999999612,6,10.0,10.0,11.0,,2.152333333333333,3.732,,,,,,,
2026-09-13T23:20:00+07:00,2026-09-13T23:31:54.051882+07:00,valid,current,11.9008647,STA2285,AWS Batur Dieng,-7.20399,109.91158,2078.0,Kab. Banjarnegara,12.12,10.85,85.8,85.8,False,2.022,137.8,0.0,799.4304,9.813281222629922,-0.5400000000000009,-1.59,,-1.7100000000000004,-0.1428000000000793,6,10.0,10.0,10.85,85.8,1.867333333333333,3.424,,,,,,,
2026-09-13T23:40:00+07:00,2026-09-13T23:46:32.583717+07:00,valid,current,6.543061949999999,STA2285,AWS Batur Dieng,-7.20399,109.91158,2078.0,Kab. Banjarnegara,14.0,10.85,51.71,51.71,False,4.498,142.7,0.0,799.2126,4.214883086735003,1.17,-1.5199999999999996,,1.853,-0.3616000000000667,6,10.0,10.0,10.85,71.52,2.246166666666667,4.498,,,,,,,
2026-09-13T23:50:00+07:00,2026-09-14T00:01:40.336317+07:00,valid,current,11.67227195,STA2285,AWS Batur Dieng,-7.20399,109.91158,2078.0,Kab. Banjarnegara,14.21,10.85,97.0,97.0,False,3.882,141.3,0.0,799.1211,13.74029110198512,1.9400000000000013,-0.9600000000000009,,2.1500000000000004,-0.4533000000000129,6,10.0,10.0,10.85,77.89,2.6045000000000003,4.498,,,,,,,
2026-09-14T00:10:00+07:00,2026-09-14T00:16:54.699807+07:00,valid,current,6.911663450000001,STA2285,AWS Batur Dieng,-7.20399,109.91158,2078.0,Kab. Banjarnegara,13.99,13.59,97.0,97.0,False,4.007,141.3,0.0,798.9512,13.521093415629489,2.5600000000000005,2.59,,3.5569999999999995,-0.6066000000000713,6,10.0,10.0,10.85,84.26,3.766833333333333,4.498,,,,,,,
2026-09-14T00:20:00+07:00,2026-09-14T00:31:36.691548+07:00,valid,current,11.6115258,STA2285,AWS Batur Dieng,-7.20399,109.91158,2078.0,Kab. Banjarnegara,14.01,13.52,96.9,96.9,False,3.988,142.2,0.0,798.9498,13.525169108405043,1.8900000000000008,2.67,11.100000000000009,1.966,-0.4805999999999812,6,10.0,10.0,10.85,86.11,4.0945,4.498,,,,,,,
2026-09-14T00:30:00+07:00,2026-09-14T00:37:25.409587+07:00,valid,current,7.423493116666666,STA2285,AWS Batur Dieng,-7.20399,109.91158,2078.0,Kab. Banjarnegara,13.67,13.12,97.0,97.0,False,3.73,143.6,0.0,798.9501,13.20225919527854,-0.1400000000000005,2.27,19.950000000000003,-0.1139999999999998,-0.3822000000000116,6,10.0,10.0,10.85,89.435,4.0755,4.498,,,,,,,
2026-09-14T00:40:00+07:00,2026-09-14T00:47:18.775138+07:00,valid,current,7.312918966666667,STA2285,AWS Batur Dieng,-7.20399,109.91158,2078.0,Kab. Banjarnegara,13.86,13.12,97.0,97.0,False,4.112,147.0,0.0,798.837,13.391567188287016,-0.1400000000000005,2.27,45.29,-0.3860000000000001,-0.3755999999999631,6,10.0,10.0,10.85,96.98333333333332,4.011166666666667,4.348,,,,,,,
2026-09-14T00:50:00+07:00,2026-09-14T01:02:05.442229+07:00,valid,current,12.090703816666666,STA2285,AWS Batur Dieng,-7.20399,109.91158,2078.0,Kab. Banjarnegara,13.41,13.01,97.0,97.0,False,3.721,155.4,0.0,798.6899,12.94320532480253,-0.8000000000000007,2.16,0.0,-0.161,-0.4311999999999898,6,10.0,10.0,10.85,96.98333333333332,3.9843333333333337,4.348,,,,,,,
2026-09-14T01:10:00+07:00,2026-09-14T01:16:35.424938+07:00,valid,current,6.5904156333333335,STA2285,AWS Batur Dieng,-7.20399,109.91158,2078.0,Kab. Banjarnegara,13.46,13.0,97.0,97.0,False,3.322,146.2,0.0,798.5405,12.99302345107226,-0.5299999999999994,-0.5899999999999999,0.0,-0.6849999999999996,-0.4107000000000198,6,10.0,10.0,13.0,96.96666666666664,3.7635,4.112,,,,,,,
2026-09-14T01:20:00+07:00,2026-09-14T01:31:47.568058+07:00,valid,current,11.792800966666666,STA2285,AWS Batur Dieng,-7.20399,109.91158,2078.0,Kab. Banjarnegara,13.06,12.79,97.0,97.0,False,2.635,154.6,0.0,798.503,12.594477450841945,-0.9499999999999992,-0.7300000000000004,0.0999999999999943,-1.3530000000000002,-0.4467999999999392,6,10.0,10.0,12.79,96.98333333333332,3.5380000000000003,4.112,,,,,,,
2026-09-14T01:40:00+07:00,2026-09-14T01:47:14.971357+07:00,valid,current,7.249522616666667,STA2285,AWS Batur Dieng,-7.20399,109.91158,2078.0,Kab. Banjarnegara,12.37,12.06,97.0,97.0,False,2.038,156.4,0.0,798.3931,11.906980281594617,-1.4900000000000002,-1.0599999999999987,0.0,-2.0740000000000003,-0.4438999999999851,6,10.0,10.0,12.06,96.98333333333332,3.0645,3.721,,,,,,,
2026-09-14T01:50:00+07:00,2026-09-14T02:01:49.788012+07:00,valid,current,11.8298002,STA2285,AWS Batur Dieng,-7.20399,109.91158,2078.0,Kab. Banjarnegara,11.75,11.12,97.0,97.0,False,0.944,142.1,0.0,798.3446,11.289223458034233,-1.66,-1.8900000000000008,0.0,-2.777,-0.345299999999952,6,10.0,10.0,11.12,96.98333333333332,2.6016666666666666,3.708,,,,,,,
2026-09-14T02:10:00+07:00,2026-09-14T02:16:31.687099+07:00,valid,current,6.528118316666666,STA2285,AWS Batur Dieng,-7.20399,109.91158,2078.0,Kab. Banjarnegara,11.55,10.74,35.88,35.88,False,3.446,152.5,0.0,798.2802,-3.0688491463552445,-1.91,-2.26,-61.12,0.1240000000000001,-0.2602999999999156,6,10.0,10.0,10.74,86.81333333333333,2.291833333333333,3.446,,,,,,,
2026-09-14T02:20:00+07:00,2026-09-14T02:31:41.724888+07:00,partial,current,11.6954148,STA2285,AWS Batur Dieng,-7.20399,109.91158,2078.0,Kab. Banjarnegara,11.77,10.74,,0.0,True,4.127,152.7,0.0,798.1885,,-1.290000000000001,-2.049999999999999,,1.492,-0.3145000000000664,6,10.0,10.0,10.74,84.776,2.5405,4.127,,,,,,,
2026-09-14T02:40:00+07:00,2026-09-14T02:48:16.699017+07:00,valid,current,8.27831695,STA2285,AWS Batur Dieng,-7.20399,109.91158,2078.0,Kab. Banjarnegara,11.68,10.74,33.82,33.82,False,4.184,150.6,0.0,798.1957,-3.7463716749878015,-0.6899999999999995,-1.3200000000000005,-63.18,2.1460000000000004,-0.197400000000016,6,10.0,10.0,10.74,65.925,3.032666666666667,4.184,,,,,,,
2026-09-14T02:50:00+07:00,2026-09-14T03:01:39.485579+07:00,valid,current,11.658092983333336,STA2285,AWS Batur Dieng,-7.20399,109.91158,2078.0,Kab. Banjarnegara,11.76,10.74,97.0,97.0,False,3.852,141.5,0.0,798.1953,11.299187320909192,0.0099999999999997,-0.379999999999999,0.0,2.908,-0.1493000000000393,6,10.0,10.0,10.74,65.925,3.517333333333333,4.184,,,,,,,
2026-09-14T03:10:00+07:00,2026-09-14T03:16:37.461582+07:00,valid,current,6.6243597,STA2285,AWS Batur Dieng,-7.20399,109.91158,2078.0,Kab. Banjarnegara,11.82,10.74,96.9,96.9,False,4.209,140.6,0.0,798.2259,11.343387527012874,0.2699999999999996,0.0,61.02,0.7629999999999995,-0.054300000000012,6,10.0,10.0,10.74,81.18,4.0675,4.263,,,,,,,
2026-09-14T03:20:00+07:00,2026-09-14T03:31:43.379220+07:00,valid,current,11.722987,STA2285,AWS Batur Dieng,-7.20399,109.91158,2078.0,Kab. Banjarnegara,11.67,10.74,97.0,97.0,False,4.187,144.3,0.0,798.1881,11.209512504114848,-0.0999999999999996,0.0,,0.0600000000000005,-0.0004000000000132,6,10.0,10.0,10.74,84.34400000000001,4.077500000000001,4.263,,,,,,,
2026-09-14T03:40:00+07:00,2026-09-14T03:46:39.918419+07:00,valid,current,6.665306983333333,STA2285,AWS Batur Dieng,-7.20399,109.91158,2078.0,Kab. Banjarnegara,11.41,10.74,97.0,97.0,False,4.691,144.5,0.0,798.1879,10.950451278694167,-0.2699999999999996,0.0,63.18,0.5069999999999997,-0.0077999999999747,6,10.0,10.0,10.74,96.98333333333332,4.254,4.691,,,,,,,
2026-09-14T03:50:00+07:00,2026-09-14T04:01:38.236989+07:00,valid,current,11.63728315,STA2285,AWS Batur Dieng,-7.20399,109.91158,2078.0,Kab. Banjarnegara,11.64,10.74,97.0,97.0,False,4.228,142.4,0.0,798.1718,11.179620873056848,-0.1199999999999992,0.0,0.0,0.3759999999999999,-0.0235000000000127,6,10.0,10.0,10.74,96.98333333333332,4.316666666666666,4.691,,,,,,,
2026-09-14T04:10:00+07:00,2026-09-14T04:16:29.385805+07:00,valid,current,6.4897634166666665,STA2285,AWS Batur Dieng,-7.20399,109.91158,2078.0,Kab. Banjarnegara,11.44,10.74,97.0,97.0,False,3.293,144.8,0.0,798.1968,10.980343007348704,-0.3800000000000008,0.0,0.0999999999999943,-0.9159999999999996,-0.0290999999999712,6,10.0,10.0,10.74,96.98333333333332,4.075333333333333,4.691,,,,,,,
2026-09-14T04:20:00+07:00,2026-09-14T04:31:43.715353+07:00,valid,current,11.728589216666668,STA2285,AWS Batur Dieng,-7.20399,109.91158,2078.0,Kab. Banjarnegara,11.25,10.74,97.0,97.0,False,3.274,144.2,0.0,798.2804,10.791028510873916,-0.4199999999999999,0.0,0.0,-0.9130000000000004,0.0923000000000229,6,10.0,10.0,10.74,96.98333333333332,3.923166666666667,4.691,,,,,,,
2026-09-14T04:40:00+07:00,2026-09-14T04:49:05.470244+07:00,valid,current,9.091170733333334,STA2285,AWS Batur Dieng,-7.20399,109.91158,2078.0,Kab. Banjarnegara,11.43,11.19,97.0,97.0,False,2.547,138.4,0.0,798.3351,10.970379099211636,0.0199999999999995,0.4499999999999993,0.0,-2.144,0.147199999999998,6,10.0,10.0,10.74,96.98333333333332,3.2556666666666665,4.228,,,,,,,
2026-09-14T04:50:00+07:00,2026-09-14T05:01:49.115557+07:00,valid,current,11.818592616666669,STA2285,AWS Batur Dieng,-7.20399,109.91158,2078.0,Kab. Banjarnegara,11.88,11.19,97.0,97.0,False,3.732,135.4,0.0,798.3593,11.41875356508276,0.2400000000000002,0.4499999999999993,0.0,-0.4959999999999995,0.1875,6,10.0,10.0,10.74,96.98333333333332,3.173,3.732,,,,,,,
2026-09-14T05:10:00+07:00,2026-09-14T05:16:47.179700+07:00,valid,current,6.7863283333333335,STA2285,AWS Batur Dieng,-7.20399,109.91158,2078.0,Kab. Banjarnegara,11.6,11.19,97.0,97.0,False,3.811,140.1,0.0,798.4926,11.13976534517736,0.1600000000000001,0.4499999999999993,0.0,0.5179999999999998,0.2957999999999856,6,10.0,10.0,10.74,96.98333333333332,3.318,4.083,,,,,,,
2026-09-14T05:20:00+07:00,2026-09-14T05:31:51.184875+07:00,valid,current,11.85308125,STA2285,AWS Batur Dieng,-7.20399,109.91158,2078.0,Kab. Banjarnegara,11.43,10.99,97.0,97.0,False,3.215,145.8,0.0,798.4923,10.970379099211636,0.1799999999999997,0.25,0.0,-0.0590000000000001,0.2119000000000142,6,10.0,10.0,10.99,96.98333333333332,3.3081666666666667,4.083,,,,,,,
2026-09-14T05:30:00+07:00,2026-09-14T05:46:39.351369+07:00,valid,current,16.655856149999998,STA2285,AWS Batur Dieng,-7.20399,109.91158,2078.0,Kab. Banjarnegara,11.32,10.99,97.0,97.0,False,3.046,139.8,0.0,798.4929,10.86077601635042,-0.3900000000000005,-0.6400000000000006,0.0,0.585,0.155399999999986,6,10.0,10.0,10.99,96.98333333333332,3.4056666666666664,4.083,,,,,,,
2026-09-14T05:50:00+07:00,2026-09-14T06:01:50.863354+07:00,valid,current,11.847722566666668,STA2285,AWS Batur Dieng,-7.20399,109.91158,2078.0,Kab. Banjarnegara,11.16,10.99,97.0,97.0,False,2.195,128.0,0.0,798.5153,10.701353044849336,-0.7200000000000006,-0.1999999999999993,0.0,-1.5370000000000004,0.1560000000000627,6,10.0,10.0,10.99,96.98333333333332,3.095333333333333,4.083,,,,,,,
2026-09-14T06:10:00+07:00,2026-09-14T06:16:36.151210+07:00,valid,current,6.602520166666666,STA2285,AWS Batur Dieng,-7.20399,109.91158,2078.0,Kab. Banjarnegara,11.49,10.99,97.0,97.0,False,3.484,141.0,0.0,798.8127,11.030162526817351,-0.1099999999999994,-0.1999999999999993,0.0,-0.3269999999999999,0.3200999999999112,6,10.0,10.0,10.99,96.98333333333332,2.793833333333333,3.484,,,,,,,
2026-09-14T06:20:00+07:00,2026-09-14T06:31:40.229882+07:00,valid,current,11.670498033333333,STA2285,AWS Batur Dieng,-7.20399,109.91158,2078.0,Kab. Banjarnegara,12.2,10.99,96.9,96.9,False,1.847,129.9,0.0,798.9182,11.72196652798071,0.7699999999999996,0.0,-0.0999999999999943,-1.368,0.425899999999956,6,10.0,10.0,10.99,96.96666666666664,2.5658333333333334,3.484,,,,,,,
2026-09-14T06:30:00+07:00,2026-09-14T06:41:06.428159+07:00,valid,current,11.107135983333334,STA2285,AWS Batur Dieng,-7.20399,109.91158,2078.0,Kab. Banjarnegara,13.03,10.99,97.0,97.0,False,3.073,132.6,0.0,798.9592,12.564586409596316,1.709999999999999,0.0,0.0,0.0270000000000001,0.4663000000000465,6,10.0,10.0,10.99,96.96666666666664,2.570333333333333,3.484,,,,,,,
2026-09-14T06:40:00+07:00,2026-09-14T06:46:40.182349+07:00,valid,current,6.669705816666666,STA2285,AWS Batur Dieng,-7.20399,109.91158,2078.0,Kab. Banjarnegara,13.4,10.99,24.26,24.26,False,3.15,134.1,0.0,798.9642,-6.644107617976903,2.130000000000001,0.0,-72.74,0.928,0.4717000000000553,6,10.0,10.0,10.99,84.84333333333332,2.725,3.484,,,,,,,
2026-09-14T06:50:00+07:00,2026-09-14T07:02:03.838924+07:00,valid,current,12.063982066666666,STA2285,AWS Batur Dieng,-7.20399,109.91158,2078.0,Kab. Banjarnegara,13.78,10.99,19.18,19.18,False,4.74,146.1,0.0,798.9983,-9.355476457806397,2.619999999999999,0.0,-77.82,2.5450000000000004,0.4829999999999472,6,10.0,10.0,10.99,81.396,3.149,4.74,,,,,,,
2026-09-14T07:10:00+07:00,2026-09-14T07:16:33.120939+07:00,valid,current,6.55201565,STA2285,AWS Batur Dieng,-7.20399,109.91158,2078.0,Kab. Banjarnegara,14.59,14.47,97.0,97.0,False,5.132,141.1,0.0,799.3006,14.118903675137474,3.1,3.4800000000000004,0.0,1.6479999999999997,0.4879000000000815,6,10.0,10.0,10.99,82.43199999999999,3.6212,5.132,,,,,,,
2026-09-14T07:20:00+07:00,2026-09-14T07:31:52.096085+07:00,valid,current,11.868268083333334,STA2285,AWS Batur Dieng,-7.20399,109.91158,2078.0,Kab. Banjarnegara,14.91,14.47,97.0,97.0,False,4.855,141.5,0.0,799.451,14.437733731613369,2.710000000000001,3.4800000000000004,0.0999999999999943,3.0080000000000005,0.5328000000000657,6,10.0,10.0,10.99,71.90666666666667,4.309,5.132,,,,,,,
2026-09-14T07:40:00+07:00,2026-09-14T07:46:56.435938+07:00,valid,current,6.940598966666667,STA2285,AWS Batur Dieng,-7.20399,109.91158,2078.0,Kab. Banjarnegara,15.33,14.47,97.0,97.0,False,5.272,142.5,0.0,799.5775,14.856195982853531,1.93,3.4800000000000004,72.74,2.1220000000000003,0.6132999999999811,6,10.0,10.0,10.99,84.03,4.925999999999999,5.272,,,,,,,
2026-09-14T07:50:00+07:00,2026-09-14T08:01:48.646340+07:00,valid,current,11.810772333333334,STA2285,AWS Batur Dieng,-7.20399,109.91158,2078.0,Kab. Banjarnegara,15.53,14.47,96.9,96.9,False,5.061,142.5,0.0,799.5725,15.03942377796058,1.75,3.4800000000000004,77.72,0.3209999999999997,0.5742000000000189,6,10.0,10.0,10.99,96.98333333333332,4.979500000000001,5.272,,,,,,,
2026-09-14T08:10:00+07:00,2026-09-14T08:16:34.846442+07:00,valid,current,6.580774033333333,STA2285,AWS Batur Dieng,-7.20399,109.91158,2078.0,Kab. Banjarnegara,16.23,15.68,97.0,97.0,False,4.364,142.2,0.0,799.8764,15.752892405857452,1.6400000000000006,1.209999999999999,0.0,-0.7679999999999998,0.5757999999999583,6,10.0,10.0,14.47,96.98333333333332,5.021,5.921,,,,,,,
2026-09-14T08:20:00+07:00,2026-09-14T08:31:36.188229+07:00,valid,current,11.60313715,STA2285,AWS Batur Dieng,-7.20399,109.91158,2078.0,Kab. Banjarnegara,16.1,15.68,97.0,97.0,False,5.636,142.3,0.0,799.9955,15.623370297064316,1.1900000000000013,1.209999999999999,0.0,0.7809999999999997,0.5444999999999709,6,10.0,10.0,14.47,96.98333333333332,5.151166666666667,5.921,,,,,,,
2026-09-14T08:40:00+07:00,2026-09-14T08:47:34.813610+07:00,partial,current,7.580226833333333,STA2285,AWS Batur Dieng,-7.20399,109.91158,2078.0,Kab. Banjarnegara,16.8,15.68,,0.0,True,4.992,143.1,0.0,800.1298,,1.4700000000000006,1.209999999999999,,-0.2800000000000002,0.5523000000000593,6,10.0,10.0,14.47,89.84599999999999,5.262333333333333,5.921,,,,,,,
2026-09-14T09:10:00+07:00,2026-09-14T09:16:54.429877+07:00,partial,current,6.907164616666666,STA2285,AWS Batur Dieng,-7.20399,109.91158,2078.0,Kab. Banjarnegara,17.17,15.68,,0.0,True,5.271,140.8,0.0,800.3395,,0.9400000000000012,0.0,,0.907,0.463100000000054,6,10.0,10.0,15.68,79.16499999999999,5.376,5.74,,,,,,,
2026-09-14T09:20:00+07:00,2026-09-14T09:31:54.719936+07:00,partial,current,11.911998933333331,STA2285,AWS Batur Dieng,-7.20399,109.91158,2078.0,Kab. Banjarnegara,17.43,15.68,,0.0,True,5.632,150.0,0.0,800.3718,,1.3299999999999983,0.0,,-0.0040000000000004,0.3763000000000147,6,10.0,10.0,15.68,61.33,5.375333333333333,5.74,,,,,,,
2026-09-14T09:40:00+07:00,2026-09-14T09:46:43.005458+07:00,partial,current,6.716757633333333,STA2285,AWS Batur Dieng,-7.20399,109.91158,2078.0,Kab. Banjarnegara,18.23,15.68,,0.0,True,3.342,148.6,0.0,800.3722,,1.4299999999999995,0.0,,-1.65,0.242399999999975,6,10.0,10.0,15.68,,4.8998333333333335,5.74,,,,,,,
2026-09-14T09:50:00+07:00,2026-09-14T10:02:06.282189+07:00,partial,current,12.10470315,STA2285,AWS Batur Dieng,-7.20399,109.91158,2078.0,Kab. Banjarnegara,18.45,15.68,,0.0,True,3.896,151.6,0.0,800.3886,,1.3000000000000007,0.0,,-1.1210000000000004,0.129699999999957,6,10.0,10.0,15.68,,4.713,5.74,,,,,,,
2026-09-14T10:10:00+07:00,2026-09-14T10:17:10.820713+07:00,partial,current,7.180345216666667,STA2285,AWS Batur Dieng,-7.20399,109.91158,2078.0,Kab. Banjarnegara,18.71,15.68,,0.0,True,2.884,142.6,0.0,800.2849,,1.5399999999999991,0.0,,-2.387,-0.0546000000000503,6,10.0,10.0,15.68,,3.9926666666666666,5.632,,,,,,,
2026-09-14T10:20:00+07:00,2026-09-14T10:31:50.047946+07:00,valid,current,11.834132433333334,STA2285,AWS Batur Dieng,-7.20399,109.91158,2078.0,Kab. Banjarnegara,19.09,15.68,82.3,82.3,False,2.176,128.7,0.0,800.1258,16.002072824168152,1.66,0.0,,-3.4559999999999995,-0.2459999999999809,6,10.0,10.0,15.68,82.3,3.4166666666666665,4.397,,,,,,,
2026-09-14T10:40:00+07:00,2026-09-14T10:46:32.809154+07:00,partial,current,6.546819233333333,STA2285,AWS Batur Dieng,-7.20399,109.91158,2078.0,Kab. Banjarnegara,20.16,15.68,,0.0,True,3.064,87.0,0.0,799.9533,,1.93,0.0,,-0.278,-0.4189000000000078,6,10.0,10.0,15.68,87.44999999999999,2.8243333333333336,3.896,,,,,,,
2026-09-14T10:50:00+07:00,2026-09-14T11:01:40.112880+07:00,partial,current,11.668548,STA2285,AWS Batur Dieng,-7.20399,109.91158,2078.0,Kab. Banjarnegara,19.96,15.68,,0.0,True,2.959,98.1,0.0,799.9264,,1.5100000000000016,0.0,,-0.9369999999999998,-0.4622000000000525,6,10.0,10.0,15.68,87.44999999999999,2.6681666666666666,3.805,,,,,,,
2026-09-14T11:10:00+07:00,2026-09-14T11:16:35.756892+07:00,partial,current,6.5959482,STA2285,AWS Batur Dieng,-7.20399,109.91158,2078.0,Kab. Banjarnegara,20.35,15.68,,0.0,True,2.006,92.6,0.0,799.6273,,1.6400000000000006,0.0,,-0.8780000000000001,-0.6576000000000022,6,10.0,10.0,15.68,87.44999999999999,2.363166666666667,3.064,,,,,,,
2026-09-14T11:20:00+07:00,2026-09-14T11:31:46.927777+07:00,partial,current,11.782129616666667,STA2285,AWS Batur Dieng,-7.20399,109.91158,2078.0,Kab. Banjarnegara,20.33,15.68,,0.0,True,2.392,102.3,0.0,799.6101,,1.2399999999999984,0.0,,0.2159999999999997,-0.515700000000038,6,10.0,10.0,15.68,92.6,2.3991666666666664,3.064,,,,,,,
2026-09-14T11:40:00+07:00,2026-09-14T11:47:11.720968+07:00,partial,current,7.195349466666667,STA2285,AWS Batur Dieng,-7.20399,109.91158,2078.0,Kab. Banjarnegara,20.7,15.68,,0.0,True,1.411,125.3,0.0,799.3942,,0.5399999999999991,0.0,,-1.653,-0.5591000000000577,6,10.0,10.0,15.68,,2.307,2.959,,,,,,,
2026-09-14T11:50:00+07:00,2026-09-14T12:01:52.024395+07:00,partial,current,11.86707325,STA2285,AWS Batur Dieng,-7.20399,109.91158,2078.0,Kab. Banjarnegara,21.15,15.68,,0.0,True,1.916,123.7,0.0,799.1971,,1.1899999999999975,0.0,,-1.043,-0.7292999999999665,6,10.0,10.0,15.68,,2.1331666666666664,2.853,,,,,,,
2026-09-14T12:10:00+07:00,2026-09-14T12:16:41.551884+07:00,partial,current,6.692531399999999,STA2285,AWS Batur Dieng,-7.20399,109.91158,2078.0,Kab. Banjarnegara,20.07,15.68,,0.0,True,1.104,133.2,0.0,798.9827,,-0.2800000000000011,0.0,,-0.9019999999999996,-0.6445999999999685,6,10.0,10.0,15.68,,1.9136666666666664,2.438,,,,,,,
2026-09-14T12:20:00+07:00,2026-09-14T12:31:43.815209+07:00,partial,current,11.730253483333334,STA2285,AWS Batur Dieng,-7.20399,109.91158,2078.0,Kab. Banjarnegara,20.37,15.68,,0.0,True,1.404,148.2,0.0,798.9001,,0.0400000000000027,0.0,,-0.988,-0.7100000000000364,6,10.0,10.0,15.68,,1.749,2.438,,,,,,,
2026-09-14T12:40:00+07:00,2026-09-14T12:46:41.606391+07:00,partial,current,6.69343985,STA2285,AWS Batur Dieng,-7.20399,109.91158,2078.0,Kab. Banjarnegara,19.49,15.68,,0.0,True,2.941,107.6,0.0,798.679,,-1.2100000000000009,0.0,,1.5299999999999998,-0.7151999999999816,6,10.0,10.0,15.68,,2.1971666666666665,3.38,,,,,,,
2026-09-14T12:50:00+07:00,2026-09-14T13:01:47.860137+07:00,partial,current,11.79766895,STA2285,AWS Batur Dieng,-7.20399,109.91158,2078.0,Kab. Banjarnegara,19.61,15.68,,0.0,True,2.85,120.2,0.0,798.5582,,-1.5399999999999991,0.0,,0.9340000000000002,-0.6388999999999214,6,10.0,10.0,15.68,,2.3528333333333333,3.38,,,,,,,
2026-09-14T13:10:00+07:00,2026-09-14T13:16:40.336812+07:00,partial,current,6.6722802,STA2285,AWS Batur Dieng,-7.20399,109.91158,2078.0,Kab. Banjarnegara,18.87,15.68,,0.0,True,2.44,104.7,0.0,798.4572,,-1.1999999999999993,0.0,,1.336,-0.5255000000000791,6,10.0,10.0,15.68,,2.49,3.38,,,,,,,
2026-09-14T13:20:00+07:00,2026-09-14T13:31:38.388469+07:00,partial,current,11.639807816666666,STA2285,AWS Batur Dieng,-7.20399,109.91158,2078.0,Kab. Banjarnegara,18.29,15.68,,1.417,True,3.178,165.7,0.0,798.2432,,-2.080000000000002,0.0,,1.774,-0.6568999999999505,6,10.0,10.0,15.68,,2.7856666666666663,3.38,,,,,,,
2026-09-14T13:40:00+07:00,2026-09-14T13:46:34.347231+07:00,valid,current,6.5724538500000005,STA2285,AWS Batur Dieng,-7.20399,109.91158,2078.0,Kab. Banjarnegara,17.64,15.68,97.0,97.0,False,3.299,143.8,0.0,798.0134,17.157693769376333,-1.8499999999999976,0.0,,0.3580000000000001,-0.6655999999999267,6,10.0,10.0,15.68,97.0,2.677666666666667,3.299,,,,,,,
2026-09-14T13:50:00+07:00,2026-09-14T14:01:39.404589+07:00,valid,current,11.65674315,STA2285,AWS Batur Dieng,-7.20399,109.91158,2078.0,Kab. Banjarnegara,17.89,17.77,97.0,97.0,False,2.94,153.3,0.0,797.912,17.406769090708124,-1.7199999999999989,2.09,,0.0899999999999998,-0.6462000000000216,6,10.0,10.0,15.68,97.0,2.6926666666666663,3.299,,,,,,,
2026-09-14T14:00:00+07:00,2026-09-14T14:13:29.191309+07:00,valid,current,13.486521816666668,STA2285,AWS Batur Dieng,-7.20399,109.91158,2078.0,Kab. Banjarnegara,17.83,17.55,97.0,97.0,False,2.844,156.4,0.0,797.9115,17.346991094200998,-2.3000000000000007,1.870000000000001,,0.9189999999999998,-0.6254999999999882,6,10.0,10.0,15.68,97.0,2.845833333333333,3.299,,,,,,,
2026-09-14T14:10:00+07:00,2026-09-14T14:16:55.471418+07:00,valid,current,6.924523633333334,STA2285,AWS Batur Dieng,-7.20399,109.91158,2078.0,Kab. Banjarnegara,17.69,17.32,97.0,97.0,False,2.227,183.3,0.0,797.9097,17.207508904355482,-1.1799999999999995,1.6400000000000006,,-0.213,-0.5474999999999,6,10.0,10.0,15.68,97.0,2.810333333333333,3.299,,,,,,,
2026-09-14T14:20:00+07:00,2026-09-14T14:31:42.164704+07:00,valid,current,11.702745066666669,STA2285,AWS Batur Dieng,-7.20399,109.91158,2078.0,Kab. Banjarnegara,17.62,17.26,97.0,97.0,False,1.724,186.3,0.0,797.7674,17.13776770548487,-0.6699999999999982,1.5800000000000018,,-1.454,-0.4758000000000493,6,10.0,10.0,15.68,97.0,2.568,3.299,,,,,,,
2026-09-14T14:40:00+07:00,2026-09-14T14:46:37.572034+07:00,valid,current,6.626200566666666,STA2285,AWS Batur Dieng,-7.20399,109.91158,2078.0,Kab. Banjarnegara,17.48,17.04,57.93,57.93,False,1.783,180.2,0.0,797.7511,9.107976213102464,-0.1600000000000001,1.3599999999999994,-39.07,-1.516,-0.2623000000000957,6,10.0,10.0,17.04,90.48833333333332,2.280333333333333,2.94,,,,,,,
2026-09-14T14:50:00+07:00,2026-09-14T15:01:33.533656+07:00,partial,current,11.558894266666666,STA2285,AWS Batur Dieng,-7.20399,109.91158,2078.0,Kab. Banjarnegara,17.81,17.04,,1.279,True,2.631,154.0,0.0,797.5287,,-0.0800000000000018,-0.7300000000000004,,-0.3090000000000001,-0.3833000000000766,6,10.0,10.0,17.04,89.186,2.228833333333333,2.844,,,,,,,
2026-09-14T15:10:00+07:00,2026-09-14T15:16:49.413967+07:00,valid,current,6.823566116666667,STA2285,AWS Batur Dieng,-7.20399,109.91158,2078.0,Kab. Banjarnegara,17.0,16.96,97.0,97.0,False,1.188,129.1,0.0,797.4566,16.520056918946594,-0.6900000000000013,-0.3599999999999994,0.0,-1.039,-0.4531000000000631,6,10.0,10.0,16.76,87.2325,1.991833333333333,2.631,,,,,,,
2026-09-14T15:20:00+07:00,2026-09-14T15:31:40.598227+07:00,valid,current,11.676637116666663,STA2285,AWS Batur Dieng,-7.20399,109.91158,2078.0,Kab. Banjarnegara,16.73,16.51,97.0,97.0,False,2.97,136.9,0.0,797.5929,16.251052135235437,-0.8900000000000006,-0.75,0.0,1.2460000000000002,-0.1744999999999663,6,10.0,10.0,16.51,87.2325,2.1995,2.97,,,,,,,
2026-09-14T15:40:00+07:00,2026-09-14T15:46:33.761657+07:00,valid,current,6.562694283333333,STA2285,AWS Batur Dieng,-7.20399,109.91158,2078.0,Kab. Banjarnegara,16.61,16.42,97.0,97.0,False,1.887,136.5,0.0,797.5488,16.13149412264341,-0.870000000000001,-0.6199999999999974,39.07,0.104,-0.2022999999999228,6,10.0,10.0,16.42,96.975,2.2131666666666665,2.97,,,,,,,
2026-09-14T15:50:00+07:00,2026-09-14T16:01:58.644895+07:00,valid,current,11.977414916666667,STA2285,AWS Batur Dieng,-7.20399,109.91158,2078.0,Kab. Banjarnegara,16.08,15.7,97.0,97.0,False,1.96,168.4,0.0,797.5546,15.60344379757388,-1.7300000000000004,-1.34,,-0.6709999999999998,0.0259000000000924,6,10.0,10.0,15.7,96.98,2.1013333333333333,2.97,,,,,,,
2026-09-14T16:10:00+07:00,2026-09-14T16:16:34.472818+07:00,valid,current,6.574546966666667,STA2285,AWS Batur Dieng,-7.20399,109.91158,2078.0,Kab. Banjarnegara,15.93,15.7,97.0,97.0,False,1.931,196.4,0.0,797.6675,15.453994871071504,-1.0700000000000005,-1.2600000000000016,0.0,0.7430000000000001,0.2109000000000378,6,10.0,10.0,15.7,96.98333333333332,2.3046666666666664,2.97,,,,,,,
2026-09-14T16:20:00+07:00,2026-09-14T16:31:49.655242+07:00,valid,current,11.827587366666668,STA2285,AWS Batur Dieng,-7.20399,109.91158,2078.0,Kab. Banjarnegara,16.45,15.7,97.0,97.0,False,2.699,181.6,0.0,797.5973,15.97208312238634,-0.2800000000000011,-0.8100000000000023,0.0,-0.2710000000000003,0.0044000000000323,6,10.0,10.0,15.7,96.98333333333332,2.2595,2.938,,,,,,,
2026-09-14T16:40:00+07:00,2026-09-14T16:46:35.103857+07:00,valid,current,6.585064283333334,STA2285,AWS Batur Dieng,-7.20399,109.91158,2078.0,Kab. Banjarnegara,16.14,15.7,97.0,97.0,False,3.055,174.2,0.0,797.6206,15.66322327907351,-0.4699999999999988,-0.7200000000000024,0.0,1.168,0.0717999999999392,6,10.0,10.0,15.7,96.98333333333332,2.4791666666666665,3.055,,,,,,,
2026-09-14T16:50:00+07:00,2026-09-14T17:03:17.160294+07:00,valid,current,13.2860049,STA2285,AWS Batur Dieng,-7.20399,109.91158,2078.0,Kab. Banjarnegara,16.01,15.7,97.0,97.0,False,2.095,166.6,0.0,797.6945,15.533701004806728,-0.0699999999999967,0.0,0.0,0.1350000000000002,0.1398999999998977,6,10.0,10.0,15.7,96.98333333333332,2.5016666666666665,3.055,,,,,,,
2026-09-14T17:10:00+07:00,2026-09-14T17:16:37.052940+07:00,valid,current,6.617549,STA2285,AWS Batur Dieng,-7.20399,109.91158,2078.0,Kab. Banjarnegara,15.4,15.04,97.0,97.0,False,2.606,173.5,0.0,797.7352,14.925939448835637,-0.5299999999999994,-0.6600000000000001,0.0,0.6749999999999998,0.0676999999999452,6,10.0,10.0,15.04,96.98333333333332,2.5115000000000003,3.055,,,,,,,
2026-09-14T17:20:00+07:00,2026-09-14T17:31:47.173400+07:00,valid,current,11.786223333333334,STA2285,AWS Batur Dieng,-7.20399,109.91158,2078.0,Kab. Banjarnegara,14.91,14.58,97.0,97.0,False,2.871,159.8,0.0,797.7306,14.437733731613369,-1.5399999999999991,-1.1199999999999992,0.0,0.1720000000000001,0.1332999999999629,6,10.0,10.0,14.58,96.98333333333332,2.5401666666666665,3.055,,,,,,,
2026-09-14T17:50:00+07:00,2026-09-14T18:01:50.820404+07:00,valid,current,11.847006733333334,STA2285,AWS Batur Dieng,-7.20399,109.91158,2078.0,Kab. Banjarnegara,13.73,13.34,97.0,97.0,False,2.004,138.3,0.0,797.8814,13.26204072191556,-2.280000000000001,-2.3599999999999994,0.0,-0.0910000000000001,0.1869000000000369,6,10.0,10.0,13.34,76.26,2.534833333333333,2.957,,,,,,,
2026-09-14T18:10:00+07:00,2026-09-14T18:16:44.726616+07:00,valid,current,6.7454436,STA2285,AWS Batur Dieng,-7.20399,109.91158,2078.0,Kab. Banjarnegara,12.37,12.19,97.0,97.0,False,1.196,132.1,0.0,798.0303,11.906980281594617,-3.030000000000001,-2.85,0.0,-1.41,0.2951000000000476,6,10.0,10.0,12.19,76.26,2.1533333333333333,2.957,,,,,,,
2026-09-14T18:20:00+07:00,2026-09-14T18:31:50.412236+07:00,valid,current,11.840203933333331,STA2285,AWS Batur Dieng,-7.20399,109.91158,2078.0,Kab. Banjarnegara,12.28,11.6,97.0,97.0,False,1.158,153.5,0.0,798.0697,11.8173062413213,-2.630000000000001,-2.9800000000000004,0.0,-1.713,0.3391000000000304,6,10.0,10.0,11.6,76.26,1.8678333333333328,2.957,,,,,,,
2026-09-14T18:40:00+07:00,2026-09-14T18:46:34.952779+07:00,valid,current,6.582546316666667,STA2285,AWS Batur Dieng,-7.20399,109.91158,2078.0,Kab. Banjarnegara,11.28,10.79,97.0,97.0,False,1.387,129.4,0.0,798.1946,10.82092030742198,-2.84,-3.030000000000001,71.5,-1.5699999999999998,0.3097999999999956,6,10.0,10.0,10.79,96.98333333333332,1.4103333333333332,2.004,,,,,,,
2026-09-14T18:50:00+07:00,2026-09-14T19:01:52.751764+07:00,valid,current,11.879196066666667,STA2285,AWS Batur Dieng,-7.20399,109.91158,2078.0,Kab. Banjarnegara,11.27,10.72,96.9,96.9,False,0.0,130.4,0.0,798.335,10.795440496906808,-2.460000000000001,-2.619999999999999,-0.0999999999999943,-2.004,0.4536000000000513,6,10.0,10.0,10.72,96.96666666666664,1.0763333333333334,1.443,,,,,,,
2026-09-14T19:10:00+07:00,2026-09-14T19:16:41.970320+07:00,valid,current,6.699505333333334,STA2285,AWS Batur Dieng,-7.20399,109.91158,2078.0,Kab. Banjarnegara,10.37,10.1,97.0,97.0,False,0.142,153.4,0.0,798.4979,9.914196815300368,-2.0,-2.09,0.0,-1.054,0.4675999999999476,6,10.0,10.0,10.1,96.96666666666664,0.7983333333333333,1.387,,,,,,,
2026-09-14T19:20:00+07:00,2026-09-14T19:31:51.457145+07:00,valid,current,11.857619083333333,STA2285,AWS Batur Dieng,-7.20399,109.91158,2078.0,Kab. Banjarnegara,10.1,9.85,96.9,96.9,False,0.0,148.8,0.0,798.5493,9.62979301224608,-2.18,-1.75,-0.0999999999999943,-1.158,0.4796000000000049,6,10.0,10.0,9.85,96.95,0.6053333333333334,1.387,,,,,,,
2026-09-14T19:40:00+07:00,2026-09-14T19:46:33.502164+07:00,valid,current,6.5583694,STA2285,AWS Batur Dieng,-7.20399,109.91158,2078.0,Kab. Banjarnegara,9.64,9.39,97.0,97.0,False,0.062,157.4,0.0,798.6438,9.186816755666037,-1.6399999999999988,-1.3999999999999986,0.0,-1.325,0.4492000000000189,6,10.0,10.0,9.39,96.96666666666664,0.1796666666666666,0.829,,,,,,,
2026-09-14T19:50:00+07:00,2026-09-14T20:01:55.074920+07:00,valid,current,11.917915333333331,STA2285,AWS Batur Dieng,-7.20399,109.91158,2078.0,Kab. Banjarnegara,10.2,9.39,97.0,97.0,False,0.256,154.7,0.0,798.79,9.744807611694952,-1.0700000000000005,-1.33,0.0999999999999943,0.256,0.4549999999999272,6,10.0,10.0,9.39,96.98333333333332,0.2223333333333333,0.829,,,,,,,
2026-09-14T20:10:00+07:00,2026-09-14T20:16:46.216223+07:00,valid,current,6.770270383333334,STA2285,AWS Batur Dieng,-7.20399,109.91158,2078.0,Kab. Banjarnegara,11.4,9.39,97.0,97.0,False,0.525,151.8,0.0,798.9031,10.940487366313764,1.0300000000000011,-0.7099999999999991,0.0,0.383,0.4052000000000362,6,10.0,10.0,9.39,96.98333333333332,0.2458333333333333,0.587,,,,,,,
2026-09-14T20:20:00+07:00,2026-09-14T20:31:43.141022+07:00,valid,current,11.719017033333332,STA2285,AWS Batur Dieng,-7.20399,109.91158,2078.0,Kab. Banjarnegara,11.51,9.39,97.0,97.0,False,0.965,145.8,0.0,798.9408,11.050090324703705,1.41,-0.4599999999999991,0.0999999999999943,0.965,0.3914999999999509,6,10.0,10.0,9.39,97.0,0.4066666666666667,0.965,,,,,,,
2026-09-14T20:40:00+07:00,2026-09-14T20:46:38.833656+07:00,partial,current,6.6472276,STA2285,AWS Batur Dieng,-7.20399,109.91158,2078.0,Kab. Banjarnegara,12.41,9.39,,0.0,True,1.895,151.9,0.0,798.9809,,2.77,0.0,,1.833,0.337099999999964,6,10.0,10.0,9.39,86.36,0.8355,1.895,,,,,,,
2026-09-14T20:50:00+07:00,2026-09-14T21:02:02.102510+07:00,partial,current,12.035041833333334,STA2285,AWS Batur Dieng,-7.20399,109.91158,2078.0,Kab. Banjarnegara,12.92,9.39,,0.0,True,2.381,152.5,0.0,799.0851,,2.7200000000000006,0.0,,2.125,0.2951000000000476,6,10.0,10.0,9.39,83.7,1.1896666666666669,2.381,,,,,,,
2026-09-14T21:10:00+07:00,2026-09-14T21:16:59.682201+07:00,partial,current,6.99470335,STA2285,AWS Batur Dieng,-7.20399,109.91158,2078.0,Kab. Banjarnegara,13.08,9.39,,0.0,True,2.629,151.3,0.0,799.1405,,1.6799999999999995,0.0,,2.104,0.2373999999999796,6,10.0,10.0,9.39,70.4,1.9465,3.024,,,,,,,
2026-09-14T21:20:00+07:00,2026-09-14T21:31:49.620736+07:00,partial,current,11.827012266666664,STA2285,AWS Batur Dieng,-7.20399,109.91158,2078.0,Kab. Banjarnegara,13.06,9.39,,0.0,True,1.806,149.1,0.0,799.0586,,1.5500000000000007,0.0,,0.8410000000000001,0.1177999999999883,6,10.0,10.0,9.39,43.8,2.0866666666666664,3.024,,,,,,,
2026-09-14T21:40:00+07:00,2026-09-14T21:46:48.361587+07:00,valid,current,6.80602645,STA2285,AWS Batur Dieng,-7.20399,109.91158,2078.0,Kab. Banjarnegara,12.85,12.69,97.0,97.0,False,2.455,140.5,0.0,799.057,12.38523989480111,0.4399999999999995,3.299999999999999,,0.56,0.0760999999999967,5,10.0,20.0,9.39,97.0,2.459,3.024,,,,,,,
2026-09-14T21:50:00+07:00,2026-09-14T22:01:38.371318+07:00,valid,current,11.639521966666669,STA2285,AWS Batur Dieng,-7.20399,109.91158,2078.0,Kab. Banjarnegara,12.84,12.61,96.9,96.9,False,1.926,136.0,0.0,799.1066,12.359568494327258,-0.08,3.219999999999999,,-0.4549999999999998,0.0214999999999463,6,10.0,10.0,9.39,96.95,2.3680000000000003,3.024,,,,,,,
2026-09-14T22:10:00+07:00,2026-09-14T22:31:45.255909+07:00,valid,current,21.75426515,STA2285,AWS Batur Dieng,-7.20399,109.91158,2078.0,Kab. Banjarnegara,12.38,12.19,97.0,97.0,False,1.913,136.3,0.0,798.9098,11.91694405677512,-0.6999999999999993,2.799999999999999,,-0.716,-0.2306999999999561,6,10.0,10.0,9.39,96.975,2.0992,2.455,,,,,,,
2026-09-14T22:40:00+07:00,2026-09-14T22:46:29.184944+07:00,valid,current,6.486415733333333,STA2285,AWS Batur Dieng,-7.20399,109.91158,2078.0,Kab. Banjarnegara,12.21,11.87,97.0,97.0,False,1.968,127.6,0.0,798.9473,11.747559686345642,-0.6399999999999988,-0.8200000000000003,0.0,-0.4870000000000001,-0.1096999999999752,5,10.0,20.0,11.87,96.98,2.023,2.396,,,,,,,
2026-09-14T22:50:00+07:00,2026-09-14T23:01:49.693142+07:00,valid,current,11.828219033333331,STA2285,AWS Batur Dieng,-7.20399,109.91158,2078.0,Kab. Banjarnegara,11.91,11.58,96.9,96.9,False,1.873,112.6,0.0,798.9465,11.433051165409122,-0.9299999999999996,-1.0299999999999994,0.0,-0.0529999999999999,-0.160099999999943,6,10.0,10.0,11.58,96.98,2.0124,2.396,,,,,,,
2026-09-14T23:10:00+07:00,2026-09-14T23:16:34.086159+07:00,valid,current,6.56810265,STA2285,AWS Batur Dieng,-7.20399,109.91158,2078.0,Kab. Banjarnegara,9.49,9.24,97.0,97.0,False,0.0,109.5,0.0,798.9464,9.03735416601078,-2.890000000000001,-2.95,0.0,-1.913,0.0366000000000212,6,10.0,10.0,9.24,96.98,1.1792,1.968,,,,,,,
2026-09-14T23:20:00+07:00,2026-09-14T23:31:48.071971+07:00,valid,current,11.801199516666664,STA2285,AWS Batur Dieng,-7.20399,109.91158,2078.0,Kab. Banjarnegara,8.87,8.49,96.9,96.9,False,0.0,153.7,0.0,798.8257,8.404347152619213,,,,,,6,10.0,10.0,8.49,96.96666666666664,0.9826666666666668,1.968,,,,,,,
2026-09-14T23:40:00+07:00,2026-09-14T23:46:46.418856+07:00,valid,current,6.7736476,STA2285,AWS Batur Dieng,-7.20399,109.91158,2078.0,Kab. Banjarnegara,7.406,6.908,90.7,90.7,False,0.0,167.2,0.0,798.5634,5.984795061478491,-4.804000000000001,-4.961999999999999,-6.299999999999997,-1.968,-0.3839000000000396,6,10.0,10.0,6.908,95.91666666666669,0.336,1.873,,,,,,,
2026-09-14T23:50:00+07:00,2026-09-15T00:01:55.191565+07:00,partial,current,11.919859416666666,STA2285,AWS Batur Dieng,-7.20399,109.91158,2078.0,Kab. Banjarnegara,7.491,6.908,,3.308,True,0.0,123.3,0.0,798.4939,,-4.4190000000000005,-4.672,,-1.873,-0.4525999999999612,6,10.0,10.0,6.908,95.72,0.0238333333333333,0.143,,,,,,,
2026-09-15T00:10:00+07:00,2026-09-15T00:17:11.354138+07:00,partial,current,7.189235633333333,STA2285,AWS Batur Dieng,-7.20399,109.91158,2078.0,Kab. Banjarnegara,6.157,5.721,,0.166,True,0.0,68.37,0.0,798.4272,,-3.333,-3.519,,0.0,-0.5192000000000689,6,10.0,10.0,5.721,94.86666666666667,0.0,0.0,,,,,,,
2026-09-15T00:20:00+07:00,2026-09-15T00:31:56.778487+07:00,valid,current,11.946308116666668,STA2285,AWS Batur Dieng,-7.20399,109.91158,2078.0,Kab. Banjarnegara,5.349,5.037,79.11,79.11,False,0.0,68.41,0.0,798.2806,2.0191402849403617,-3.520999999999999,-3.4530000000000003,-17.790000000000006,0.0,-0.545099999999934,6,10.0,10.0,5.037,88.93666666666667,0.0,0.0,,,,,,,
2026-09-15T00:40:00+07:00,2026-09-15T00:46:45.329945+07:00,valid,current,6.7554990833333335,STA2285,AWS Batur Dieng,-7.20399,109.91158,2078.0,Kab. Banjarnegara,4.482,4.061,97.0,97.0,False,0.0,331.5,0.0,798.0963,4.047113807584134,-2.9239999999999995,-2.8470000000000004,6.299999999999997,0.0,-0.4670999999999594,6,10.0,10.0,4.061,91.03666666666668,0.0,0.0,,,,,,,
2026-09-15T00:50:00+07:00,2026-09-15T01:02:08.462842+07:00,valid,current,12.141047366666667,STA2285,AWS Batur Dieng,-7.20399,109.91158,2078.0,Kab. Banjarnegara,3.765,3.538,97.0,97.0,False,0.0,342.2,0.0,797.9292,3.332627438247945,-3.726,-3.370000000000001,,0.0,-0.5647000000000162,6,10.0,10.0,3.538,92.5275,0.0,0.0,,,,,,,
2026-09-15T01:10:00+07:00,2026-09-15T01:16:38.541918+07:00,valid,current,6.6423653,STA2285,AWS Batur Dieng,-7.20399,109.91158,2078.0,Kab. Banjarnegara,3.147,2.961,96.9,96.9,False,0.0,54.84,0.0,797.8125,2.7022459435538755,-3.01,-2.76,,0.0,-0.6146999999999707,6,10.0,10.0,2.961,94.00166666666668,0.0,0.0,,,,,,,
2026-09-15T01:20:00+07:00,2026-09-15T01:32:00.729943+07:00,valid,current,12.012165716666669,STA2285,AWS Batur Dieng,-7.20399,109.91158,2078.0,Kab. Banjarnegara,3.234,2.961,97.0,97.0,False,0.0,44.61,0.0,797.6996,2.8034843099184528,-2.115,-2.076,17.89,0.0,-0.5810000000000173,6,10.0,10.0,2.961,96.98333333333332,0.0,0.0,,,,,,,
2026-09-15T01:40:00+07:00,2026-09-15T01:46:50.694858+07:00,valid,current,6.8449143,STA2285,AWS Batur Dieng,-7.20399,109.91158,2078.0,Kab. Banjarnegara,2.537,2.309,97.0,97.0,False,0.0,32.12,0.0,797.549,2.1089156182464084,-1.9450000000000005,-1.7519999999999998,0.0,0.0,-0.5473000000000638,6,10.0,10.0,2.309,96.96666666666664,0.0,0.0,,,,,,,
2026-09-15T01:50:00+07:00,2026-09-15T02:01:52.838956+07:00,valid,current,11.880649266666667,STA2285,AWS Batur Dieng,-7.20399,109.91158,2078.0,Kab. Banjarnegara,2.546,2.228,96.9,96.9,False,0.0,84.2,0.0,797.5485,2.103412838241896,-1.2190000000000003,-1.3099999999999996,-0.0999999999999943,0.0,-0.3807000000000471,6,10.0,10.0,2.228,96.95,0.0,0.0,,,,,,,
2026-09-15T02:10:00+07:00,2026-09-15T02:16:40.592588+07:00,valid,current,6.676543133333333,STA2285,AWS Batur Dieng,-7.20399,109.91158,2078.0,Kab. Banjarnegara,2.208,1.867,97.0,97.0,False,0.0,137.4,0.0,797.409,1.781060863883978,-0.9389999999999996,-1.094,0.0999999999999943,0.0,-0.4035000000000082,6,10.0,10.0,1.867,96.96666666666664,0.0,0.0,,,,,,,
2026-09-15T02:20:00+07:00,2026-09-15T02:31:34.876195+07:00,valid,current,11.581269916666669,STA2285,AWS Batur Dieng,-7.20399,109.91158,2078.0,Kab. Banjarnegara,2.107,1.807,97.0,97.0,False,0.0,71.31,0.0,797.4947,1.6804121366449971,-1.1269999999999998,-1.154,0.0,0.0,-0.204900000000066,6,10.0,10.0,1.807,96.96666666666664,0.0,0.0,,,,,,,
2026-09-15T02:40:00+07:00,2026-09-15T02:46:41.743723+07:00,valid,current,6.695728716666666,STA2285,AWS Batur Dieng,-7.20399,109.91158,2078.0,Kab. Banjarnegara,2.116,1.799,97.0,97.0,False,0.0,24.16,0.0,797.4294,1.6893808409688007,-0.4209999999999998,-0.5100000000000002,0.0,0.0,-0.1195999999999912,6,10.0,10.0,1.799,96.96666666666664,0.0,0.0,,,,,,,
2026-09-15T02:50:00+07:00,2026-09-15T03:01:47.408576+07:00,valid,current,11.790142933333334,STA2285,AWS Batur Dieng,-7.20399,109.91158,2078.0,Kab. Banjarnegara,2.472,1.799,97.0,97.0,False,0.0,144.6,0.0,797.4054,2.044142003964878,-0.0739999999999998,-0.4290000000000002,0.0999999999999943,0.0,-0.143100000000004,6,10.0,10.0,1.799,96.98333333333332,0.0,0.0,,,,,,,
2026-09-15T03:10:00+07:00,2026-09-15T03:16:43.913401+07:00,partial,current,6.731890016666667,STA2285,AWS Batur Dieng,-7.20399,109.91158,2078.0,Kab. Banjarnegara,6.731,1.799,,0.0,True,1.451,129.4,0.0,797.399,,4.523,-0.068,,1.451,-0.0099999999999909,6,10.0,10.0,1.799,84.854,0.2418333333333333,1.451,,,,,,,
2026-09-15T03:20:00+07:00,2026-09-15T03:31:42.864535+07:00,partial,current,11.714408916666669,STA2285,AWS Batur Dieng,-7.20399,109.91158,2078.0,Kab. Banjarnegara,8.95,1.799,,0.0,True,1.1,132.7,0.0,797.4429,,6.842999999999999,-0.008,,1.1,-0.0517999999999574,6,10.0,10.0,1.799,81.8175,0.4251666666666667,1.451,,,,,,,
2026-09-15T03:40:00+07:00,2026-09-15T03:46:39.650234+07:00,partial,current,6.660837233333334,STA2285,AWS Batur Dieng,-7.20399,109.91158,2078.0,Kab. Banjarnegara,8.78,1.799,,0.0,True,0.345,111.4,0.0,797.5501,,6.664,0.0,,0.345,0.1207000000000562,6,10.0,10.0,1.799,66.685,0.7013333333333334,1.451,,,,,,,
2026-09-15T03:50:00+07:00,2026-09-15T04:01:42.908415+07:00,invalid,current,11.71514025,STA2285,AWS Batur Dieng,-7.20399,109.91158,2078.0,Kab. Banjarnegara,6.328,1.799,10.29,10.29,False,0.0,51.14,0.2,797.6919,-22.824258654588768,3.856,0.0,-86.71000000000001,0.0,0.2865000000000464,6,10.0,10.0,1.799,23.33,0.7013333333333334,1.451,,,,,,,
2026-09-15T04:10:00+07:00,2026-09-15T04:16:40.837182+07:00,partial,current,6.680619699999999,STA2285,AWS Batur Dieng,-7.20399,109.91158,2078.0,Kab. Banjarnegara,7.396,1.799,,2.058,True,1.184,107.2,0.2,797.7629,,0.665,0.0,,-0.2670000000000001,0.3638999999999441,6,10.0,10.0,1.799,12.635,0.6568333333333333,1.312,,,,,,,
2026-09-15T04:20:00+07:00,2026-09-15T04:31:39.858528+07:00,valid,current,11.6643088,STA2285,AWS Batur Dieng,-7.20399,109.91158,2078.0,Kab. Banjarnegara,9.32,1.799,82.2,82.2,False,1.591,91.2,0.2,797.7942,6.439043134503944,0.370000000000001,0.0,,0.4909999999999999,0.3513000000000374,6,10.0,10.0,1.799,35.82333333333333,0.7386666666666667,1.591,,,,,,,
2026-09-15T04:40:00+07:00,2026-09-15T04:46:30.731931+07:00,valid,current,6.51219885,STA2285,AWS Batur Dieng,-7.20399,109.91158,2078.0,Kab. Banjarnegara,9.62,1.799,96.9,96.9,False,1.759,103.5,0.2,797.86,9.15157286960416,0.8399999999999999,0.0,,1.414,0.3098999999999705,6,10.0,10.0,1.799,60.274,1.1373333333333333,2.29,,,,,,,
2026-09-15T04:50:00+07:00,2026-09-15T05:01:44.051138+07:00,valid,current,11.734185633333334,STA2285,AWS Batur Dieng,-7.20399,109.91158,2078.0,Kab. Banjarnegara,9.81,1.799,97.0,97.0,False,1.9,104.5,0.2,797.8617,9.356207305864778,3.482,0.0,86.71000000000001,1.9,0.1698000000000092,6,10.0,10.0,1.799,77.61600000000001,1.454,2.29,,,,,,,
2026-09-15T05:10:00+07:00,2026-09-15T05:16:32.031664+07:00,valid,current,6.533861066666666,STA2285,AWS Batur Dieng,-7.20399,109.91158,2078.0,Kab. Banjarnegara,9.73,1.799,97.0,97.0,False,0.967,108.6,0.2,797.9971,9.276494156693149,2.3340000000000005,0.0,,-0.2169999999999999,0.2342000000001007,6,10.0,10.0,1.799,94.51666666666668,1.6983333333333337,2.29,,,,,,,
2026-09-15T05:20:00+07:00,2026-09-15T05:31:34.870014+07:00,valid,current,11.5811669,STA2285,AWS Batur Dieng,-7.20399,109.91158,2078.0,Kab. Banjarnegara,10.16,1.799,97.0,97.0,False,3.029,120.4,0.2,798.0942,9.704951269085452,0.8399999999999999,0.0,14.799999999999995,1.438,0.2999999999999545,6,10.0,10.0,1.799,96.98333333333332,1.938,3.029,,,,,,,
2026-09-15T05:30:00+07:00,2026-09-15T05:44:20.793801+07:00,valid,current,14.34656335,STA2285,AWS Batur Dieng,-7.20399,109.91158,2078.0,Kab. Banjarnegara,10.46,1.799,97.0,97.0,False,3.236,121.3,0.2,798.1786,10.00387328700924,1.0,0.0,0.0,0.9460000000000002,0.3600000000000136,6,10.0,10.0,1.799,96.98333333333332,2.095666666666667,3.236,,,,,,,
2026-09-15T05:40:00+07:00,2026-09-15T05:46:38.652496+07:00,valid,current,6.644208266666666,STA2285,AWS Batur Dieng,-7.20399,109.91158,2078.0,Kab. Banjarnegara,10.22,1.799,97.0,97.0,False,2.871,123.4,0.2,798.3297,9.764735774512806,0.6000000000000014,0.0,0.0999999999999943,1.112,0.4696999999999889,6,10.0,10.0,1.799,97.0,2.281,3.236,,,,,,,
2026-09-15T06:10:00+07:00,2026-09-15T06:16:49.826539+07:00,valid,current,6.830442316666667,STA2285,AWS Batur Dieng,-7.20399,109.91158,2078.0,Kab. Banjarnegara,10.43,1.799,97.0,97.0,False,4.103,120.9,0.2,798.4916,9.973981142503234,0.6999999999999993,0.0,0.0,3.136,0.4944999999999027,6,10.0,10.0,1.799,97.0,3.3629999999999995,4.103,,,,,,,
2026-09-15T06:20:00+07:00,2026-09-15T06:31:34.364201+07:00,valid,current,11.572736683333334,STA2285,AWS Batur Dieng,-7.20399,109.91158,2078.0,Kab. Banjarnegara,10.84,1.799,97.0,97.0,False,4.307,118.3,0.2,798.5743,10.382506015545264,0.6799999999999997,0.0,0.0,1.2780000000000005,0.4800999999999931,6,10.0,10.0,1.799,97.0,3.5760000000000005,4.307,,,,,,,
2026-09-15T06:40:00+07:00,2026-09-15T06:46:37.068341+07:00,valid,current,6.617805683333333,STA2285,AWS Batur Dieng,-7.20399,109.91158,2078.0,Kab. Banjarnegara,11.64,1.799,97.0,97.0,False,5.22,124.0,0.2,798.7403,11.179620873056848,1.42,0.0,0.0,2.349,0.4106000000000449,6,10.0,10.0,1.799,97.0,4.3075,5.276,,,,,,,
2026-09-15T06:50:00+07:00,2026-09-15T07:01:52.210010+07:00,partial,current,11.870166833333334,STA2285,AWS Batur Dieng,-7.20399,109.91158,,Kab. Banjarnegara,,,,,False,,,,,,,,,,,6,10.0,10.0,1.799,97.0,4.5202,5.276,9.0,9.0,9.0,9.0,9.0,9.0,9.0
2026-09-15T07:10:00+07:00,2026-09-15T07:16:30.260611+07:00,valid,current,6.504343516666666,STA2285,AWS Batur Dieng,-7.20399,109.91158,2078.0,Kab. Banjarnegara,12.8,12.48,96.1,96.1,False,3.768,122.2,0.0,799.0066,12.19357980889646,2.370000000000001,10.681,-0.9000000000000057,-0.3349999999999999,0.5150000000001,6,10.0,10.0,1.799,96.85,4.5120000000000005,5.276,,,,,,,
2026-09-15T07:20:00+07:00,2026-09-15T07:31:33.225893+07:00,valid,current,11.553764883333336,STA2285,AWS Batur Dieng,-7.20399,109.91158,2078.0,Kab. Banjarnegara,12.95,12.48,12.11,12.11,False,4.338,112.3,0.0,799.1627,-15.728373699032948,2.1099999999999994,10.681,-84.89,0.0309999999999996,0.5883999999999787,6,10.0,10.0,1.799,82.70166666666667,4.517166666666667,5.276,,,,,,,
2026-09-15T07:40:00+07:00,2026-09-15T07:46:28.467794+07:00,valid,current,6.474463233333334,STA2285,AWS Batur Dieng,-7.20399,109.91158,2078.0,Kab. Banjarnegara,13.18,12.48,93.4,93.4,False,5.85,121.9,0.0,799.3168,12.13783799132714,1.5399999999999991,10.681,-3.5999999999999943,0.6299999999999999,0.5764999999998963,6,10.0,10.0,1.799,79.122,4.459500000000001,5.85,,,,,,,
2026-09-15T07:50:00+07:00,2026-09-15T08:01:33.204444+07:00,valid,current,11.5534074,STA2285,AWS Batur Dieng,-7.20399,109.91158,2078.0,Kab. Banjarnegara,13.52,12.48,97.0,97.0,False,4.503,132.1,0.0,799.5122,13.052805155921243,1.58,10.681,0.0,0.3029999999999999,0.6593000000000302,6,10.0,10.0,1.799,79.122,4.510000000000001,5.85,,,,,,,
2026-09-15T08:10:00+07:00,2026-09-15T08:16:34.784751+07:00,valid,current,6.57974585,STA2285,AWS Batur Dieng,-7.20399,109.91158,2078.0,Kab. Banjarnegara,14.12,12.48,97.0,97.0,False,4.047,128.9,0.0,799.6276,13.650619403943637,1.3199999999999985,0.0,0.9000000000000057,0.2789999999999999,0.6209999999999809,6,10.0,10.0,12.48,79.30199999999999,4.508666666666667,5.85,,,,,,,
2026-09-15T08:20:00+07:00,2026-09-15T08:31:29.807837+07:00,valid,current,11.496797283333333,STA2285,AWS Batur Dieng,-7.20399,109.91158,2078.0,Kab. Banjarnegara,14.16,12.48,97.0,97.0,False,4.488,128.7,0.0,799.8212,13.690473506105707,1.2100000000000009,0.0,84.89,0.1500000000000003,0.6585000000000036,6,10.0,10.0,12.48,96.28,4.533666666666666,5.85,,,,,,,
2026-09-15T08:40:00+07:00,2026-09-15T08:46:33.916425+07:00,valid,current,6.56527375,STA2285,AWS Batur Dieng,-7.20399,109.91158,2078.0,Kab. Banjarnegara,14.77,12.48,97.0,97.0,False,4.188,128.0,0.0,800.058,14.29824576011272,1.59,0.0,3.5999999999999943,-1.662,0.7412000000000489,6,10.0,10.0,12.48,97.0,4.113333333333333,4.503,,,,,,,
2026-09-15T08:50:00+07:00,2026-09-15T09:01:34.601938+07:00,valid,current,11.576698966666669,STA2285,AWS Batur Dieng,-7.20399,109.91158,2078.0,Kab. Banjarnegara,15.0,12.48,97.0,97.0,False,3.614,125.3,0.0,800.0856,14.52740442405086,1.4800000000000004,0.0,0.0,-0.8890000000000002,0.5733999999999924,6,10.0,10.0,12.48,97.0,3.9651666666666654,4.488,,,,,,,
2026-09-15T09:10:00+07:00,2026-09-15T09:16:41.199685+07:00,valid,current,6.6866614166666665,STA2285,AWS Batur Dieng,-7.20399,109.91158,2078.0,Kab. Banjarnegara,15.81,12.48,97.0,97.0,False,2.837,141.1,0.0,800.0874,15.334435500751368,1.6900000000000013,0.0,0.0,-1.2099999999999995,0.4597999999999729,6,10.0,10.0,12.48,97.0,3.635,4.488,,,,,,,
2026-09-15T09:20:00+07:00,2026-09-15T09:31:49.530569+07:00,valid,current,11.825509483333333,STA2285,AWS Batur Dieng,-7.20399,109.91158,2078.0,Kab. Banjarnegara,15.98,12.48,97.0,97.0,False,2.739,135.4,0.0,800.0943,15.503811215263331,1.8200000000000005,0.0,0.0,-1.7490000000000006,0.2730999999999994,6,10.0,10.0,12.48,97.0,3.3435000000000006,4.188,,,,,,,
2026-09-15T09:40:00+07:00,2026-09-15T09:46:42.289885+07:00,valid,current,6.704831416666667,STA2285,AWS Batur Dieng,-7.20399,109.91158,2078.0,Kab. Banjarnegara,16.38,12.48,97.0,97.0,False,3.546,142.4,0.0,800.0812,15.902340695923227,1.6099999999999994,0.0,0.0,-0.6419999999999999,0.0231999999999743,6,10.0,10.0,12.48,97.0,3.119666666666667,3.614,,,,,,,
2026-09-15T09:50:00+07:00,2026-09-15T10:01:51.028635+07:00,valid,current,11.85047725,STA2285,AWS Batur Dieng,-7.20399,109.91158,2078.0,Kab. Banjarnegara,16.81,12.48,97.0,97.0,False,3.157,152.0,0.0,800.0802,16.330757363820535,1.8099999999999987,0.0,0.0,-0.4569999999999998,-0.0054000000000087,6,10.0,10.0,12.48,97.0,3.0435,3.546,,,,,,,
2026-09-15T10:10:00+07:00,2026-09-15T10:16:35.979306+07:00,valid,current,6.5996551000000006,STA2285,AWS Batur Dieng,-7.20399,109.91158,2078.0,Kab. Banjarnegara,17.16,12.48,97.0,97.0,False,3.133,135.9,0.0,800.0329,16.679466674633744,1.3499999999999996,0.0,0.0,0.2959999999999998,-0.0544999999999618,6,10.0,10.0,12.48,97.0,3.1131666666666664,3.546,,,,,,,
2026-09-15T10:20:00+07:00,2026-09-15T10:31:43.681577+07:00,valid,current,11.728026283333332,STA2285,AWS Batur Dieng,-7.20399,109.91158,2078.0,Kab. Banjarnegara,17.62,17.46,97.0,97.0,False,4.811,75.89,0.0,800.0836,17.13776770548487,1.6400000000000006,4.98,0.0,2.072,-0.0106999999999288,6,10.0,10.0,12.48,97.0,3.4585000000000004,4.811,,,,,,,
2026-09-15T10:40:00+07:00,2026-09-15T10:46:35.124857+07:00,partial,current,6.585414283333334,STA2285,AWS Batur Dieng,-7.20399,109.91158,2078.0,Kab. Banjarnegara,17.88,16.63,,0.0,True,3.146,126.7,0.0,799.9344,,1.5,4.149999999999999,,-0.3999999999999999,-0.1467999999999847,6,10.0,10.0,12.48,84.412,3.518,4.811,,,,,,,
2026-09-15T10:50:00+07:00,2026-09-15T11:01:50.434204+07:00,valid,current,11.840570066666666,STA2285,AWS Batur Dieng,-7.20399,109.91158,2078.0,Kab. Banjarnegara,17.89,16.63,48.63,48.63,False,3.141,97.5,0.0,799.9519,6.913371516138917,1.0800000000000018,4.149999999999999,-48.37,-0.016,-0.1282999999999674,6,10.0,10.0,12.48,74.738,3.515333333333333,4.811,,,,,,,
2026-09-15T11:10:00+07:00,2026-09-15T11:16:33.596968+07:00,valid,current,6.559949466666667,STA2285,AWS Batur Dieng,-7.20399,109.91158,2078.0,Kab. Banjarnegara,18.86,16.63,96.9,96.9,False,0.54,160.8,0.0,799.7609,18.35671891444265,1.6999999999999993,4.149999999999999,-0.0999999999999943,-2.593,-0.2720000000000482,6,10.0,10.0,16.63,74.718,2.8624999999999994,4.811,,,,,,,
2026-09-15T11:20:00+07:00,2026-09-15T11:31:33.709571+07:00,valid,current,11.561826183333332,STA2285,AWS Batur Dieng,-7.20399,109.91158,2078.0,Kab. Banjarnegara,17.59,16.63,97.0,97.0,False,0.372,186.1,0.0,799.7226,17.107878599040713,-0.0300000000000011,-0.8300000000000018,0.0,-4.439,-0.36099999999999,6,10.0,10.0,16.63,74.718,2.122666666666667,3.496,,,,,,,
2026-09-15T11:40:00+07:00,2026-09-15T11:46:44.494164+07:00,valid,current,6.7415694,STA2285,AWS Batur Dieng,-7.20399,109.91158,2078.0,Kab. Banjarnegara,16.74,16.38,97.0,97.0,False,0.0,240.1,0.0,799.6122,16.261015293758575,-1.1400000000000006,-0.25,,-3.146,-0.3221999999999525,6,10.0,10.0,16.38,88.92166666666667,1.144,3.141,,,,,,,
2026-09-15T11:50:00+07:00,2026-09-15T12:01:50.611381+07:00,valid,current,11.843523016666667,STA2285,AWS Batur Dieng,-7.20399,109.91158,2078.0,Kab. Banjarnegara,16.94,16.38,97.0,97.0,False,0.181,248.2,0.0,799.552,16.46027816722162,-0.9499999999999992,-0.25,48.37,-2.96,-0.3999000000000023,6,10.0,10.0,16.38,96.98333333333332,0.6506666666666666,2.041,,,,,,,
2026-09-15T12:10:00+07:00,2026-09-15T12:16:31.970750+07:00,valid,current,6.532845833333334,STA2285,AWS Batur Dieng,-7.20399,109.91158,2078.0,Kab. Banjarnegara,18.78,16.38,97.0,97.0,False,0.278,242.5,0.0,799.2872,18.29347006018495,-0.0799999999999983,-0.25,0.0999999999999943,-0.262,-0.473700000000008,6,10.0,10.0,16.38,97.0,0.4466666666666667,1.079,,,,,,,
2026-09-15T12:20:00+07:00,2026-09-15T12:31:31.488379+07:00,valid,current,11.524806316666666,STA2285,AWS Batur Dieng,-7.20399,109.91158,2078.0,Kab. Banjarnegara,18.33,16.38,97.0,97.0,False,0.063,180.6,0.0,799.2332,17.84513950942147,0.7399999999999984,-0.25,0.0,-0.309,-0.489400000000046,6,10.0,10.0,16.38,97.0,0.3951666666666667,1.079,,,,,,,
2026-09-15T12:40:00+07:00,2026-09-15T12:46:35.805559+07:00,valid,current,6.596759316666667,STA2285,AWS Batur Dieng,-7.20399,109.91158,2078.0,Kab. Banjarnegara,18.02,16.38,97.0,97.0,False,0.149,278.6,0.0,798.9854,17.536287908480286,1.2800000000000011,0.0,0.0,0.149,-0.6268000000000029,6,10.0,10.0,16.38,96.98333333333332,0.3424999999999999,1.079,,,,,,,
2026-09-15T12:50:00+07:00,2026-09-15T13:01:41.915395+07:00,valid,current,11.698589916666666,STA2285,AWS Batur Dieng,-7.20399,109.91158,2078.0,Kab. Banjarnegara,17.78,17.53,92.5,92.5,False,0.067,107.4,0.0,798.9882,16.54775058396564,0.8399999999999999,1.150000000000002,-4.5,-0.1139999999999999,-0.5638000000000147,6,10.0,10.0,16.38,96.23333333333332,0.3234999999999999,1.079,,,,,,,
2026-09-15T13:00:00+07:00,2026-09-15T13:07:54.459539+07:00,valid,current,7.907658983333333,STA2285,AWS Batur Dieng,-7.20399,109.91158,2078.0,Kab. Banjarnegara,18.69,17.53,14.96,14.96,False,1.151,138.8,0.0,798.8692,-8.531432900326815,1.09,1.150000000000002,-82.03999999999999,0.072,-0.5598999999999705,6,10.0,10.0,16.38,82.55999999999999,0.3354999999999999,1.151,,,,,,,
2026-09-15T13:10:00+07:00,2026-09-15T13:16:39.859274+07:00,partial,current,6.664321233333334,STA2285,AWS Batur Dieng,-7.20399,109.91158,2078.0,Kab. Banjarnegara,20.14,17.53,,0.0,True,1.332,232.8,0.0,798.7123,,1.3599999999999994,1.150000000000002,,1.054,-0.5748999999999569,6,10.0,10.0,16.38,79.672,0.5111666666666667,1.332,,,,,,,
2026-09-15T13:20:00+07:00,2026-09-15T13:31:32.817571+07:00,valid,current,11.546959516666668,STA2285,AWS Batur Dieng,-7.20399,109.91158,2078.0,Kab. Banjarnegara,19.32,17.53,70.4,70.4,False,1.505,270.3,0.0,798.6175,13.79884412070479,0.990000000000002,1.150000000000002,-26.599999999999994,1.442,-0.6157000000000608,6,10.0,10.0,16.38,74.352,0.7515000000000001,1.505,,,,,,,
2026-09-15T13:40:00+07:00,2026-09-15T13:46:27.717204+07:00,valid,current,6.4619534,STA2285,AWS Batur Dieng,-7.20399,109.91158,2078.0,Kab. Banjarnegara,19.38,17.53,97.0,97.0,False,0.839,251.0,0.0,798.5421,18.89123967306709,1.3599999999999994,1.150000000000002,0.0,0.69,-0.443300000000022,6,10.0,10.0,17.53,74.372,1.0013333333333332,1.505,,,,,,,
2026-09-15T13:50:00+07:00,2026-09-15T14:01:44.629782+07:00,valid,current,11.7438297,STA2285,AWS Batur Dieng,-7.20399,109.91158,2078.0,Kab. Banjarnegara,17.58,16.73,97.0,97.0,False,1.485,163.7,0.0,798.523,17.0979155607308,-0.2000000000000028,-0.8000000000000007,4.5,1.418,-0.4651999999999816,6,10.0,10.0,16.73,75.272,1.237666666666667,1.505,,,,,,,
2026-09-15T14:10:00+07:00,2026-09-15T14:16:40.867155+07:00,valid,current,6.68111925,STA2285,AWS Batur Dieng,-7.20399,109.91158,2078.0,Kab. Banjarnegara,18.33,17.78,97.0,97.0,False,1.905,125.6,0.0,798.3782,17.84513950942147,-1.8100000000000025,0.25,,0.573,-0.3341000000000349,6,10.0,10.0,16.73,92.56666666666666,1.3948333333333334,1.905,,,,,,,
2026-09-15T14:20:00+07:00,2026-09-15T14:31:38.487737+07:00,valid,current,11.641462283333334,STA2285,AWS Batur Dieng,-7.20399,109.91158,2078.0,Kab. Banjarnegara,17.53,17.13,97.0,97.0,False,2.838,118.1,0.0,798.2738,17.048100347967367,-1.7899999999999991,-0.4000000000000021,26.599999999999994,1.3330000000000002,-0.3436999999998988,6,10.0,10.0,16.73,97.0,1.617,2.838,,,,,,,
2026-09-15T14:40:00+07:00,2026-09-15T14:47:14.937505+07:00,valid,current,7.248958416666666,STA2285,AWS Batur Dieng,-7.20399,109.91158,2078.0,Kab. Banjarnegara,18.24,17.07,97.0,97.0,False,3.906,99.5,0.0,798.1988,17.755473055609805,-1.1400000000000006,-0.4600000000000008,0.0,3.067,-0.3432999999999993,6,10.0,10.0,16.73,96.98333333333332,2.532166666666667,3.906,,,,,,,
2026-09-15T14:50:00+07:00,2026-09-15T15:01:52.697782+07:00,valid,current,11.878296366666666,STA2285,AWS Batur Dieng,-7.20399,109.91158,2078.0,Kab. Banjarnegara,17.62,17.07,97.0,97.0,False,2.853,106.6,0.0,798.1808,17.13776770548487,0.0400000000000027,0.3399999999999998,0.0,1.368,-0.342200000000048,6,10.0,10.0,16.73,96.98333333333332,2.7601666666666667,3.906,,,,,,,
2026-09-15T15:10:00+07:00,2026-09-15T15:16:30.456734+07:00,valid,current,6.507612233333333,STA2285,AWS Batur Dieng,-7.20399,109.91158,2078.0,Kab. Banjarnegara,18.47,17.69,97.0,97.0,False,1.893,134.6,0.0,798.0843,17.984620432102933,0.1400000000000005,-0.0899999999999998,0.0,-0.012,-0.2939000000000078,6,10.0,10.0,17.07,96.98333333333332,3.029833333333334,3.906,,,,,,,
2026-09-15T15:20:00+07:00,2026-09-15T15:31:43.948861+07:00,valid,current,11.732481016666666,STA2285,AWS Batur Dieng,-7.20399,109.91158,2078.0,Kab. Banjarnegara,18.34,17.69,14.79,14.79,False,1.572,117.4,0.0,798.058,-8.958737146454483,0.8099999999999987,0.5600000000000023,-82.21000000000001,-1.266,-0.2158000000000584,6,10.0,10.0,17.07,83.28166666666667,2.818833333333333,3.906,,,,,,,
2026-09-15T15:40:00+07:00,2026-09-15T15:46:40.549980+07:00,partial,current,6.675833,STA2285,AWS Batur Dieng,-7.20399,109.91158,2078.0,Kab. Banjarnegara,16.35,16.22,,0.0,True,2.06,114.8,0.0,797.9604,,-1.889999999999997,-0.8500000000000014,,-1.846,-0.2383999999999559,6,10.0,10.0,16.22,76.4475,2.482833333333333,3.368,,,,,,,
2026-09-15T15:50:00+07:00,2026-09-15T16:01:33.219470+07:00,valid,current,11.553657833333334,STA2285,AWS Batur Dieng,-7.20399,109.91158,2078.0,Kab. Banjarnegara,16.27,16.22,13.82,13.82,False,1.362,132.5,0.0,797.8977,-11.472608442026363,-1.3500000000000014,-0.8500000000000014,-83.18,-1.491,-0.2830999999999903,6,10.0,10.0,16.22,55.6525,2.2343333333333333,3.368,,,,,,,
2026-09-15T16:10:00+07:00,2026-09-15T16:16:26.153245+07:00,valid,current,6.435887416666668,STA2285,AWS Batur Dieng,-7.20399,109.91158,2078.0,Kab. Banjarnegara,16.47,16.22,89.6,89.6,False,2.136,163.4,0.0,797.9054,14.754926574857,-2.0,-1.4700000000000024,-7.400000000000006,0.2430000000000001,-0.1788999999999987,6,10.0,10.0,16.22,39.40333333333333,2.0211666666666663,3.368,,,,,,,
2026-09-15T16:20:00+07:00,2026-09-15T16:31:44.811001+07:00,valid,current,11.746850016666668,STA2285,AWS Batur Dieng,-7.20399,109.91158,2078.0,Kab. Banjarnegara,16.85,16.22,97.0,97.0,False,1.115,166.7,0.0,797.9003,16.37060994417025,-1.4899999999999984,-1.4700000000000024,82.21000000000001,-0.4570000000000001,-0.157699999999977,6,10.0,10.0,16.22,66.80666666666666,1.945,3.368,,,,,,,
2026-09-15T16:40:00+07:00,2026-09-15T16:46:36.525135+07:00,valid,current,6.608752249999999,STA2285,AWS Batur Dieng,-7.20399,109.91158,2078.0,Kab. Banjarnegara,15.58,15.53,97.0,97.0,False,1.57,144.8,0.0,797.9192,15.1052794717093,-0.7700000000000014,-0.6899999999999995,,-0.49,-0.0412000000000034,6,10.0,10.0,15.53,78.88399999999999,1.5903333333333336,2.136,,,,,,,
2026-09-15T16:50:00+07:00,2026-09-15T17:01:36.008045+07:00,valid,current,11.600134083333334,STA2285,AWS Batur Dieng,-7.20399,109.91158,2078.0,Kab. Banjarnegara,15.28,15.13,96.9,96.9,False,1.918,148.6,0.0,798.0189,14.790371054491883,-0.9900000000000002,-1.089999999999998,83.08000000000001,0.5559999999999998,0.1212000000000443,6,10.0,10.0,15.13,95.5,1.6829999999999998,2.136,,,,,,,
2026-09-15T17:10:00+07:00,2026-09-15T17:16:31.525691+07:00,partial,current,6.525428183333333,STA2285,AWS Batur Dieng,-7.20399,109.91158,2078.0,Kab. Banjarnegara,15.11,14.95,,0.0,True,1.89,146.9,0.0,798.035,,-1.3599999999999994,-1.2699999999999996,,-0.2460000000000002,0.1295999999999821,6,10.0,10.0,14.95,87.298,1.7045,2.004,,,,,,,
2026-09-15T17:20:00+07:00,2026-09-15T17:31:24.770426+07:00,partial,current,11.412840433333336,STA2285,AWS Batur Dieng,-7.20399,109.91158,2078.0,Kab. Banjarnegara,14.73,14.55,,0.0,True,1.568,139.1,0.0,797.9886,,-2.120000000000001,-1.6699999999999982,,0.453,0.0883000000000038,6,10.0,10.0,14.55,84.8725,1.78,2.004,,,,,,,
2026-09-15T17:40:00+07:00,2026-09-15T17:46:36.623068+07:00,valid,current,6.610384466666667,STA2285,AWS Batur Dieng,-7.20399,109.91158,2078.0,Kab. Banjarnegara,14.1,13.97,17.28,17.28,False,0.703,151.6,0.0,798.1998,-10.41591257821706,-1.4800000000000004,-1.5599999999999987,-79.72,-0.8670000000000001,0.2805999999999358,6,10.0,10.0,13.97,54.25666666666667,1.4656666666666665,2.004,,,,,,,
2026-09-15T17:50:00+07:00,2026-09-15T18:01:46.250416+07:00,valid,current,11.770840266666664,STA2285,AWS Batur Dieng,-7.20399,109.91158,2078.0,Kab. Banjarnegara,13.99,13.91,28.73,28.73,False,0.316,189.4,0.0,798.2879,-3.906316383502215,-1.2899999999999991,-1.2200000000000006,-68.17,-1.602,0.2690000000000054,6,10.0,10.0,13.91,31.53333333333333,1.1986666666666668,2.004,,,,,,,
2026-09-15T18:10:00+07:00,2026-09-15T18:16:35.094907+07:00,partial,current,6.584915116666666,STA2285,AWS Batur Dieng,-7.20399,109.91158,2078.0,Kab. Banjarnegara,13.63,13.54,,0.0,True,0.515,190.9,0.0,798.441,,-1.4799999999999986,-1.41,,-1.375,0.4060000000000627,6,10.0,10.0,13.54,23.005000000000003,0.6866666666666665,1.568,,,,,,,
2026-09-15T18:20:00+07:00,2026-09-15T18:31:38.504991+07:00,partial,current,11.64174985,STA2285,AWS Batur Dieng,-7.20399,109.91158,2078.0,Kab. Banjarnegara,13.64,13.54,,0.0,True,0.05,188.3,0.0,798.5031,,-1.09,-1.0100000000000016,,-1.518,0.5144999999999982,6,10.0,10.0,13.54,23.005000000000003,0.4336666666666666,0.711,,,,,,,
2026-09-15T18:30:00+07:00,2026-09-15T18:40:17.457334+07:00,partial,current,10.290955566666666,STA2285,AWS Batur Dieng,-7.20399,109.91158,2078.0,Kab. Banjarnegara,13.63,13.54,,0.0,True,0.188,179.1,0.0,798.5028,,-0.7299999999999986,-0.7700000000000014,,-0.5229999999999999,0.428199999999947,6,10.0,10.0,13.54,23.005000000000003,0.3465,0.703,,,,,,,
2026-09-15T18:40:00+07:00,2026-09-15T18:46:47.022818+07:00,partial,current,6.783713633333333,STA2285,AWS Batur Dieng,-7.20399,109.91158,2078.0,Kab. Banjarnegara,13.45,13.28,,0.0,True,0.978,151.8,0.0,798.5405,,-0.6500000000000004,-0.6900000000000013,,0.275,0.3406999999999698,6,10.0,10.0,13.28,28.73,0.3923333333333333,0.978,,,,,,,
2026-09-15T18:50:00+07:00,2026-09-15T19:01:44.352159+07:00,partial,current,11.73920265,STA2285,AWS Batur Dieng,-7.20399,109.91158,2078.0,Kab. Banjarnegara,13.16,13.05,,0.0,True,0.199,166.6,0.0,798.6521,,-0.8300000000000001,-0.8599999999999994,,-0.1169999999999999,0.3641999999999825,6,10.0,10.0,13.05,,0.3728333333333333,0.978,,,,,,,
2026-09-15T19:10:00+07:00,2026-09-15T19:16:36.713325+07:00,partial,current,6.61188875,STA2285,AWS Batur Dieng,-7.20399,109.91158,2078.0,Kab. Banjarnegara,13.07,12.96,,0.0,True,0.08,170.1,0.0,798.9466,,-0.5600000000000005,-0.5799999999999983,,-0.435,0.5055999999999585,6,10.0,10.0,12.96,,0.2491666666666666,0.978,,,,,,,
2026-09-15T19:20:00+07:00,2026-09-15T19:31:38.948818+07:00,partial,current,11.649146966666668,STA2285,AWS Batur Dieng,-7.20399,109.91158,2078.0,Kab. Banjarnegara,13.12,12.96,,0.0,True,0.309,157.1,0.0,799.0743,,-0.5200000000000014,-0.5799999999999983,,0.259,0.5711999999999762,6,10.0,10.0,12.96,,0.2923333333333333,0.978,,,,,,,
2026-09-15T19:40:00+07:00,2026-09-15T19:46:30.417463+07:00,partial,current,6.506957716666666,STA2285,AWS Batur Dieng,-7.20399,109.91158,2078.0,Kab. Banjarnegara,12.98,12.82,,0.0,True,0.465,108.3,0.0,799.1051,,-0.4699999999999988,-0.4599999999999991,,-0.5129999999999999,0.5646000000000413,6,10.0,10.0,12.82,,0.2551666666666667,0.478,,,,,,,
2026-09-15T19:50:00+07:00,2026-09-15T20:01:38.541341+07:00,partial,current,11.642355683333331,STA2285,AWS Batur Dieng,-7.20399,109.91158,2078.0,Kab. Banjarnegara,12.65,12.37,,0.0,True,0.0,108.4,0.0,799.1056,,-0.5099999999999998,-0.6800000000000015,,-0.199,0.4534999999999627,6,10.0,10.0,12.37,,0.222,0.478,,,,,,,
2026-09-15T20:10:00+07:00,2026-09-15T20:16:36.774292+07:00,valid,current,6.612904866666667,STA2285,AWS Batur Dieng,-7.20399,109.91158,2078.0,Kab. Banjarnegara,11.88,11.65,30.87,30.87,False,0.0,154.2,0.0,799.3866,-4.78550230208224,-1.1899999999999995,-1.3100000000000005,,-0.08,0.4400000000000545,6,10.0,10.0,11.65,30.87,0.2163333333333333,0.478,,,,,,,
2026-09-15T20:20:00+07:00,2026-09-15T20:31:51.177519+07:00,valid,current,11.85295865,STA2285,AWS Batur Dieng,-7.20399,109.91158,2078.0,Kab. Banjarnegara,11.56,10.98,97.0,97.0,False,0.0,108.3,0.0,799.419,11.099909794666823,-1.5599999999999987,-1.9800000000000004,,-0.309,0.3446999999999889,6,10.0,10.0,10.98,63.935,0.1648333333333333,0.478,,,,,,,
2026-09-15T20:40:00+07:00,2026-09-15T20:46:42.430139+07:00,valid,current,6.707168983333333,STA2285,AWS Batur Dieng,-7.20399,109.91158,2078.0,Kab. Banjarnegara,12.14,10.98,96.9,96.9,False,0.0,116.2,0.0,799.5228,11.662191036606306,-0.8399999999999999,-1.84,,-0.465,0.417699999999968,6,10.0,10.0,10.98,80.4425,0.0321666666666666,0.147,,,,,,,
2026-09-15T20:50:00+07:00,2026-09-15T21:01:39.285296+07:00,valid,current,11.654754933333331,STA2285,AWS Batur Dieng,-7.20399,109.91158,2078.0,Kab. Banjarnegara,12.15,10.98,75.5,75.5,False,0.887,125.8,0.0,799.5678,7.9478287155643805,-0.5,-1.3899999999999988,,0.887,0.4622000000000525,6,10.0,10.0,10.98,79.454,0.18,0.887,,,,,,,
2026-09-15T21:10:00+07:00,2026-09-15T21:16:41.813427+07:00,partial,current,6.69689045,STA2285,AWS Batur Dieng,-7.20399,109.91158,2078.0,Kab. Banjarnegara,12.79,10.98,,0.0,True,1.211,114.0,0.0,799.5296,,0.9099999999999984,-0.6699999999999999,,1.211,0.1429999999999154,6,10.0,10.0,10.98,91.6,0.5215000000000001,1.211,,,,,,,
2026-09-15T21:20:00+07:00,2026-09-15T21:31:25.410015+07:00,partial,current,11.42350025,STA2285,AWS Batur Dieng,-7.20399,109.91158,2078.0,Kab. Banjarnegara,12.73,10.98,,0.0,True,2.195,124.6,0.0,799.5253,,1.17,0.0,,2.195,0.1063000000000329,6,10.0,10.0,10.98,89.8,0.8873333333333333,2.195,,,,,,,
2026-09-15T21:40:00+07:00,2026-09-15T21:46:42.610970+07:00,valid,current,6.7101828333333335,STA2285,AWS Batur Dieng,-7.20399,109.91158,2078.0,Kab. Banjarnegara,12.91,12.64,96.9,96.9,False,2.285,134.8,0.0,799.5697,12.429305846080318,0.7699999999999996,1.66,0.0,2.285,0.0469000000000505,6,10.0,10.0,10.98,72.92666666666666,1.6243333333333332,2.285,,,,,,,
2026-09-15T21:50:00+07:00,2026-09-15T22:01:47.417347+07:00,valid,current,11.790289116666663,STA2285,AWS Batur Dieng,-7.20399,109.91158,2078.0,Kab. Banjarnegara,12.84,12.64,97.0,97.0,False,2.575,130.8,0.0,799.5686,12.375276186097896,0.6899999999999995,1.66,21.5,1.6880000000000002,0.0007999999999128,6,10.0,10.0,10.98,80.09333333333333,1.9056666666666668,2.575,,,,,,,
2026-09-15T22:10:00+07:00,2026-09-15T22:16:51.036027+07:00,valid,current,6.85060045,STA2285,AWS Batur Dieng,-7.20399,109.91158,2078.0,Kab. Banjarnegara,12.74,12.46,97.0,97.0,False,1.452,128.8,0.0,799.569,12.275639021273523,-0.0499999999999989,1.4800000000000004,,0.2409999999999998,0.0394000000000005,6,10.0,10.0,10.98,86.856,2.106,2.575,,,,,,,
2026-09-15T22:20:00+07:00,2026-09-15T22:31:44.234697+07:00,valid,current,11.73724495,STA2285,AWS Batur Dieng,-7.20399,109.91158,2078.0,Kab. Banjarnegara,12.47,12.26,96.9,96.9,False,1.079,125.1,0.0,799.5686,11.990955587822796,-0.2599999999999998,1.2799999999999994,,-1.116,0.043299999999931,6,10.0,10.0,12.26,88.52999999999999,1.92,2.575,,,,,,,
2026-09-15T22:30:00+07:00,2026-09-15T22:44:45.190741+07:00,valid,current,14.753179016666667,STA2285,AWS Batur Dieng,-7.20399,109.91158,2078.0,Kab. Banjarnegara,12.57,12.26,97.0,97.0,False,1.359,118.9,0.0,799.5683,12.106255516465662,-0.25,-0.4700000000000006,50.62,-0.9249999999999998,-0.0001999999999497,6,10.0,10.0,12.26,96.96666666666664,1.7658333333333334,2.575,,,,,,,
2026-09-15T22:40:00+07:00,2026-09-15T22:46:38.538444+07:00,valid,current,6.642307400000001,STA2285,AWS Batur Dieng,-7.20399,109.91158,2078.0,Kab. Banjarnegara,11.75,10.8,96.9,96.9,False,0.077,89.9,0.0,799.5685,11.273649059718034,-1.16,-1.84,0.0,-2.208,-0.0012000000000398,6,10.0,10.0,10.8,96.96666666666664,1.397833333333333,2.575,,,,,,,
2026-09-15T22:50:00+07:00,2026-09-15T23:01:37.098016+07:00,valid,current,11.618300266666669,STA2285,AWS Batur Dieng,-7.20399,109.91158,2078.0,Kab. Banjarnegara,10.58,10.36,97.0,97.0,False,0.0,219.0,0.0,799.5685,10.123441737730577,-2.26,-2.280000000000001,0.0,-2.575,-9.999999997489796e-05,6,10.0,10.0,10.36,96.96666666666664,0.9686666666666666,1.845,,,,,,,
2026-09-15T23:10:00+07:00,2026-09-15T23:16:39.910702+07:00,valid,current,6.665178366666667,STA2285,AWS Batur Dieng,-7.20399,109.91158,2078.0,Kab. Banjarnegara,9.87,9.56,97.0,97.0,False,0.0,44.35,0.0,799.5206,9.415992108334711,-2.870000000000001,-2.9000000000000004,0.0,-1.452,-0.0484000000000151,6,10.0,10.0,9.56,96.95,0.4191666666666666,1.359,,,,,,,
2026-09-15T23:20:00+07:00,2026-09-15T23:31:53.507742+07:00,valid,current,11.8917957,STA2285,AWS Batur Dieng,-7.20399,109.91158,2078.0,Kab. Banjarnegara,9.57,9.39,97.0,97.0,False,0.0,295.4,0.0,799.4315,9.117067586766307,-2.9000000000000004,-2.869999999999999,0.0999999999999943,-1.079,-0.1370999999999185,6,10.0,10.0,9.39,96.96666666666664,0.2393333333333333,1.359,,,,,,,
2026-09-15T23:40:00+07:00,2026-09-15T23:46:30.341521+07:00,valid,current,6.505692016666667,STA2285,AWS Batur Dieng,-7.20399,109.91158,2078.0,Kab. Banjarnegara,8.74,8.41,97.0,97.0,False,0.0,23.87,0.0,799.4164,8.290036443762142,-3.01,-2.390000000000001,0.0999999999999943,-0.077,-0.1521000000000185,6,10.0,10.0,8.41,96.98333333333332,0.0,0.0,,,,,,,
2026-09-15T23:50:00+07:00,2026-09-16T00:01:44.059962+07:00,valid,current,11.7343327,STA2285,AWS Batur Dieng,-7.20399,109.91158,2078.0,Kab. Banjarnegara,8.62,8.4,97.0,97.0,False,0.0,99.6,0.0,799.2996,8.170464869822625,-1.9600000000000009,-1.959999999999999,0.0,0.0,-0.2688999999999168,6,10.0,10.0,8.4,96.98333333333332,0.0,0.0,,,,,,,
2026-09-16T00:10:00+07:00,2026-09-16T00:16:40.760994+07:00,valid,current,6.6793499,STA2285,AWS Batur Dieng,-7.20399,109.91158,2078.0,Kab. Banjarnegara,7.339,7.051,96.9,96.9,False,0.0,16.12,0.0,798.9943,6.878984858041947,-2.530999999999999,-2.5090000000000003,-0.0999999999999943,0.0,-0.526299999999992,6,10.0,10.0,7.051,96.98333333333332,0.0,0.0,,,,,,,
2026-09-16T00:20:00+07:00,2026-09-16T00:31:36.981114+07:00,valid,current,11.616351900000002,STA2285,AWS Batur Dieng,-7.20399,109.91158,2078.0,Kab. Banjarnegara,6.969,6.794,62.93,62.93,False,0.0,16.25,0.0,798.9239,0.3887903051657272,-2.601,-2.596000000000001,-34.07,0.0,-0.5076000000000249,6,10.0,10.0,6.794,91.305,0.0,0.0,,,,,,,
2026-09-16T00:40:00+07:00,2026-09-16T00:46:43.485476+07:00,partial,current,6.724757933333334,STA2285,AWS Batur Dieng,-7.20399,109.91158,2078.0,Kab. Banjarnegara,7.158,6.786,,0.0,True,0.0,108.7,0.0,798.6251,,-1.582,-1.6240000000000006,,0.0,-0.7912999999999784,6,10.0,10.0,6.786,88.4575,0.0,0.0,,,,,,,
2026-09-16T00:50:00+07:00,2026-09-16T01:01:49.385372+07:00,partial,current,11.823089533333333,STA2285,AWS Batur Dieng,-7.20399,109.91158,2078.0,Kab. Banjarnegara,7.147,6.663,,0.0,True,0.0,108.4,0.0,798.477,,-1.472999999999999,-1.737,,0.0,-0.8226000000000795,6,10.0,10.0,6.663,85.61,0.0,0.0,,,,,,,
2026-09-16T01:10:00+07:00,2026-09-16T01:16:47.796868+07:00,valid,current,6.796614466666667,STA2285,AWS Batur Dieng,-7.20399,109.91158,2078.0,Kab. Banjarnegara,8.17,8.03,97.0,97.0,False,0.0,354.2,0.0,798.3289,7.722069653409821,0.8309999999999995,0.9789999999999992,0.0999999999999943,0.0,-0.6653999999999769,6,10.0,10.0,6.501,81.57666666666667,0.0,0.0,,,,,,,
2026-09-16T01:20:00+07:00,2026-09-16T01:31:42.298096+07:00,valid,current,11.704968266666668,STA2285,AWS Batur Dieng,-7.20399,109.91158,2078.0,Kab. Banjarnegara,6.274,5.863,97.0,97.0,False,0.0,272.8,0.0,798.2906,5.832799681694587,-0.6950000000000003,-0.9309999999999992,34.07,0.0,-0.6332999999999629,6,10.0,10.0,5.863,92.93333333333334,0.0,0.0,,,,,,,
2026-09-16T01:40:00+07:00,2026-09-16T01:46:40.343132+07:00,valid,current,6.672385533333334,STA2285,AWS Batur Dieng,-7.20399,109.91158,2078.0,Kab. Banjarnegara,7.801,5.789,97.0,97.0,False,0.14,110.9,0.0,798.1788,7.354383438498674,0.6429999999999998,-0.997,,0.14,-0.446299999999951,6,10.0,10.0,5.789,94.56,0.0446666666666666,0.14,,,,,,,
2026-09-16T01:50:00+07:00,2026-09-16T02:01:55.890082+07:00,valid,current,11.931501366666668,STA2285,AWS Batur Dieng,-7.20399,109.91158,2078.0,Kab. Banjarnegara,8.65,5.789,97.0,97.0,False,0.0,88.0,0.0,798.0869,8.200357782403648,1.503,-0.8740000000000006,,0.0,-0.3900999999999612,6,10.0,10.0,5.789,94.96666666666664,0.0446666666666666,0.14,,,,,,,
2026-09-16T02:10:00+07:00,2026-09-16T02:18:15.965157+07:00,valid,current,8.266085949999999,STA2285,AWS Batur Dieng,-7.20399,109.91158,2078.0,Kab. Banjarnegara,8.25,5.789,97.0,97.0,False,0.0,122.0,0.0,798.1783,7.801784567901608,0.08,-2.241,0.0,0.0,-0.1505999999999403,6,10.0,10.0,5.789,97.0,0.0446666666666666,0.14,,,,,,,
2026-09-16T02:20:00+07:00,2026-09-16T02:31:59.055263+07:00,valid,current,11.984254383333331,STA2285,AWS Batur Dieng,-7.20399,109.91158,2078.0,Kab. Banjarnegara,8.6,5.789,97.0,97.0,False,0.0,130.5,0.0,798.0109,8.150536254362626,2.326,-0.0740000000000007,0.0,0.0,-0.279700000000048,6,10.0,10.0,5.789,97.0,0.0446666666666666,0.14,,,,,,,
2026-09-16T02:40:00+07:00,2026-09-16T02:46:41.291325+07:00,valid,current,6.688188749999999,STA2285,AWS Batur Dieng,-7.20399,109.91158,2078.0,Kab. Banjarnegara,8.71,5.789,96.9,96.9,False,0.0,105.2,0.0,798.0272,8.244937935215825,0.9090000000000008,0.0,-0.0999999999999943,-0.14,-0.1516000000000303,6,10.0,10.0,5.789,96.98333333333332,0.0883333333333333,0.53,,,,,,,
2026-09-16T02:50:00+07:00,2026-09-16T03:01:59.266617+07:00,valid,current,11.98777695,STA2285,AWS Batur Dieng,-7.20399,109.91158,2078.0,Kab. Banjarnegara,8.45,5.789,96.9,96.9,False,0.0,121.2,0.0,798.101,7.985897158593514,-0.200000000000001,0.0,-0.0999999999999943,0.0,0.0140999999999849,6,10.0,10.0,5.789,96.96666666666664,0.0883333333333333,0.53,,,,,,,
2026-09-16T03:00:00+07:00,2026-09-16T03:16:33.066665+07:00,valid,current,16.551111083333332,STA2285,AWS Batur Dieng,-7.20399,109.91158,2078.0,Kab. Banjarnegara,8.19,5.789,80.9,80.9,False,0.054,146.9,0.0,798.1774,5.105270582801472,-0.1900000000000012,0.0,-16.099999999999994,0.054,-0.0015999999999394,6,10.0,10.0,5.789,94.28333333333332,0.0973333333333333,0.53,,,,,,,
2026-09-16T03:20:00+07:00,2026-09-16T03:31:39.493753+07:00,partial,current,11.658229216666664,STA2285,AWS Batur Dieng,-7.20399,109.91158,2078.0,Kab. Banjarnegara,9.01,5.789,,0.0,True,0.0,138.7,0.2,798.1018,,0.4100000000000001,0.0,,0.0,0.0909000000000332,6,10.0,10.0,5.789,78.254,0.1131666666666666,0.53,,,,,,,
2026-09-16T03:40:00+07:00,2026-09-16T03:46:30.642661+07:00,partial,current,6.510711016666666,STA2285,AWS Batur Dieng,-7.20399,109.91158,2078.0,Kab. Banjarnegara,7.827,5.789,,0.0,True,0.0,145.8,0.2,797.9846,,-0.8830000000000009,0.0,,0.0,-0.042599999999993,6,10.0,10.0,5.789,65.79,0.0248333333333333,0.095,,,,,,,
2026-09-16T03:50:00+07:00,2026-09-16T04:01:49.486508+07:00,partial,current,11.824775133333333,STA2285,AWS Batur Dieng,-7.20399,109.91158,2078.0,Kab. Banjarnegara,8.02,5.789,,0.0,True,0.0,142.2,0.2,798.1036,,-0.4299999999999997,0.0,,0.0,0.0026000000000294,6,10.0,10.0,5.789,50.235,0.0248333333333333,0.095,,,,,,,
2026-09-16T04:10:00+07:00,2026-09-16T04:16:36.058253+07:00,partial,current,6.600970883333333,STA2285,AWS Batur Dieng,-7.20399,109.91158,2078.0,Kab. Banjarnegara,7.747,7.34,,0.0,True,0.0,91.6,0.0,798.1984,,-0.8330000000000002,1.5510000000000002,,-0.095,0.0376999999999725,6,10.0,10.0,5.789,,0.0,0.0,,,,,,,
2026-09-16T04:20:00+07:00,2026-09-16T04:31:54.632057+07:00,partial,current,11.910534283333334,STA2285,AWS Batur Dieng,-7.20399,109.91158,2078.0,Kab. Banjarnegara,7.405,6.946,,0.0,True,0.0,74.78,0.0,798.3183,,-1.6049999999999995,1.157,,0.0,0.2164999999999963,6,10.0,10.0,5.789,,0.0,0.0,,,,,,,
2026-09-16T04:40:00+07:00,2026-09-16T04:46:39.264235+07:00,partial,current,6.654403916666666,STA2285,AWS Batur Dieng,-7.20399,109.91158,2078.0,Kab. Banjarnegara,7.725,6.946,,0.0,True,0.0,118.2,0.0,798.4277,,-0.1020000000000003,1.157,,0.0,0.4430999999999585,6,10.0,10.0,5.789,,0.0,0.0,,,,,,,
2026-09-16T04:50:00+07:00,2026-09-16T05:02:04.323784+07:00,partial,current,12.072063066666669,STA2285,AWS Batur Dieng,-7.20399,109.91158,2078.0,Kab. Banjarnegara,7.423,6.366,,0.0,True,0.0,58.15,0.0,798.4826,,-0.5969999999999995,0.577,,0.0,0.3790000000000191,6,10.0,10.0,6.366,,0.0,0.0,,,,,,,
2026-09-16T05:10:00+07:00,2026-09-16T05:20:56.062870+07:00,invalid,current,10.934381166666666,STA2285,AWS Batur Dieng,-7.20399,109.91158,2078.0,Kab. Banjarnegara,6.11,5.77,9.07,9.07,False,0.0,69.69,0.0,798.6458,-24.411621261582223,-1.6369999999999996,-1.5700000000000005,,0.0,0.447400000000016,6,10.0,10.0,5.77,9.07,0.0,0.0,,,,,,,
2026-09-16T05:20:00+07:00,2026-09-16T05:31:57.900177+07:00,valid,current,11.96500295,STA2285,AWS Batur Dieng,-7.20399,109.91158,2078.0,Kab. Banjarnegara,5.797,5.148,95.2,95.2,False,0.0,91.8,0.0,798.6538,5.087972988163976,-1.6080000000000003,-1.798,,0.0,0.3355000000000245,6,10.0,10.0,5.148,52.135000000000005,0.0,0.0,,,,,,,
2026-09-16T05:40:00+07:00,2026-09-16T05:46:26.524275+07:00,valid,current,6.44207125,STA2285,AWS Batur Dieng,-7.20399,109.91158,2078.0,Kab. Banjarnegara,5.346,4.6,96.9,96.9,False,0.0,88.4,0.0,798.7979,4.8932724694662495,-2.379,-2.346,,0.0,0.370200000000068,6,10.0,10.0,4.6,74.5425,0.0,0.0,,,,,,,
2026-09-16T05:50:00+07:00,2026-09-16T06:01:55.693371+07:00,valid,current,11.92822285,STA2285,AWS Batur Dieng,-7.20399,109.91158,2078.0,Kab. Banjarnegara,5.597,4.6,97.0,97.0,False,0.0,47.83,0.0,798.8343,5.158190435629326,-1.826,-1.766,,0.0,0.351699999999937,6,10.0,10.0,4.6,79.034,0.0,0.0,,,,,,,
2026-09-16T06:20:00+07:00,2026-09-16T06:31:44.565023+07:00,valid,current,11.742750383333334,STA2285,AWS Batur Dieng,-7.20399,109.91158,2078.0,Kab. Banjarnegara,6.147,4.6,97.0,97.0,False,0.0,76.96,0.0,799.0316,5.706248662821774,0.3500000000000005,-0.548,1.7999999999999972,0.0,0.3777999999999792,6,10.0,10.0,4.6,96.98333333333332,0.0,0.0,,,,,,,
2026-09-16T06:40:00+07:00,2026-09-16T06:46:38.042715+07:00,valid,current,6.63404525,STA2285,AWS Batur Dieng,-7.20399,109.91158,2078.0,Kab. Banjarnegara,10.18,4.6,96.9,96.9,False,0.0,104.8,0.0,799.036,9.709496041837522,4.834,0.0,0.0,0.0,0.2380999999999176,6,10.0,10.0,4.6,96.98333333333332,0.0,0.0,,,,,,,
2026-09-16T06:50:00+07:00,2026-09-16T07:01:54.298569+07:00,valid,current,11.90497615,STA2285,AWS Batur Dieng,-7.20399,109.91158,2078.0,Kab. Banjarnegara,11.78,4.6,97.0,97.0,False,0.0,135.5,0.0,799.0957,11.319115042415795,6.182999999999999,0.0,0.0,0.0,0.2613999999999805,6,10.0,10.0,4.6,97.0,0.0,0.0,,,,,,,
2026-09-16T07:10:00+07:00,2026-09-16T07:16:28.683810+07:00,valid,current,6.4780635,STA2285,AWS Batur Dieng,-7.20399,109.91158,2078.0,Kab. Banjarnegara,13.34,12.57,36.5,36.5,False,3.366,126.6,0.0,799.2722,-1.2455529782383596,7.756,7.970000000000001,-60.5,3.366,0.3143999999999778,6,10.0,10.0,4.6,84.88,0.742,3.366,,,,,,,
2026-09-16T07:20:00+07:00,2026-09-16T07:33:04.271831+07:00,partial,current,13.071197183333334,STA2285,AWS Batur Dieng,-7.20399,109.91158,2078.0,Kab. Banjarnegara,14.22,12.57,,0.0,True,3.177,114.5,0.0,799.3934,,8.073,7.970000000000001,,3.177,0.3618000000000165,6,10.0,10.0,4.6,84.88,1.1478333333333337,3.366,,,,,,,
2026-09-16T07:50:00+07:00,2026-09-16T08:01:51.479027+07:00,valid,current,11.857983783333331,STA2285,AWS Batur Dieng,-7.20399,109.91158,2078.0,Kab. Banjarnegara,15.28,12.57,97.0,97.0,False,0.717,116.5,0.0,799.6057,14.806379179007902,3.5,7.970000000000001,0.0,0.717,0.5099999999999909,6,10.0,10.0,4.6,64.9025,2.0018333333333334,3.366,,,,,,,
2026-09-16T08:10:00+07:00,2026-09-16T08:16:40.303257+07:00,valid,current,6.671720949999999,STA2285,AWS Batur Dieng,-7.20399,109.91158,2078.0,Kab. Banjarnegara,16.4,12.57,96.9,96.9,False,1.328,110.5,0.0,799.6085,15.906120133073353,3.0599999999999987,0.0,60.400000000000006,-2.0380000000000003,0.3363000000000511,6,10.0,10.0,12.57,80.0025,1.8808333333333327,3.177,,,,,,,
2026-09-16T08:20:00+07:00,2026-09-16T08:31:43.706386+07:00,valid,current,11.728439766666666,STA2285,AWS Batur Dieng,-7.20399,109.91158,2078.0,Kab. Banjarnegara,16.71,12.57,97.0,97.0,False,1.638,116.1,0.0,799.6114,16.23112581394631,2.49,0.0,,-1.539,0.2179999999999609,6,10.0,10.0,12.57,83.402,1.6243333333333332,2.325,,,,,,,
2026-09-16T08:40:00+07:00,2026-09-16T08:46:36.684976+07:00,valid,current,6.611416266666667,STA2285,AWS Batur Dieng,-7.20399,109.91158,2078.0,Kab. Banjarnegara,16.72,12.57,97.0,97.0,False,2.592,161.1,0.0,799.7725,16.24108897529802,1.759999999999998,0.0,67.89,0.5100000000000002,0.1683000000000447,6,10.0,10.0,12.57,96.98333333333332,1.6645,2.592,,,,,,,
2026-09-16T08:50:00+07:00,2026-09-16T09:01:42.708479+07:00,valid,current,11.711807983333332,STA2285,AWS Batur Dieng,-7.20399,109.91158,2078.0,Kab. Banjarnegara,16.93,12.57,97.0,97.0,False,1.666,106.4,0.0,799.8569,16.450315036984154,1.6500000000000004,0.0,0.0,0.949,0.2512000000000398,6,10.0,10.0,12.57,96.98333333333332,1.8226666666666669,2.592,,,,,,,
2026-09-16T09:10:00+07:00,2026-09-16T09:16:48.127804+07:00,valid,current,6.802130066666667,STA2285,AWS Batur Dieng,-7.20399,109.91158,2078.0,Kab. Banjarnegara,17.29,12.57,97.0,97.0,False,2.243,114.2,0.0,799.865,16.808986834538977,0.8900000000000006,0.0,0.0999999999999943,0.9149999999999998,0.25649999999996,6,10.0,10.0,12.57,97.0,1.9708333333333328,2.592,,,,,,,
2026-09-16T09:20:00+07:00,2026-09-16T09:31:46.013287+07:00,valid,current,11.766888116666667,STA2285,AWS Batur Dieng,-7.20399,109.91158,2078.0,Kab. Banjarnegara,18.38,12.57,97.0,97.0,False,0.533,120.4,0.0,799.7431,17.89495415648516,1.6699999999999982,0.0,0.0,-1.105,0.1317000000000234,6,10.0,10.0,12.57,97.0,1.7866666666666664,2.592,,,,,,,
2026-09-16T09:40:00+07:00,2026-09-16T09:46:52.873542+07:00,valid,current,6.8812257,STA2285,AWS Batur Dieng,-7.20399,109.91158,2078.0,Kab. Banjarnegara,17.15,12.57,97.0,97.0,False,0.664,71.3,0.0,799.846,16.669503575510355,0.4299999999999997,0.0,0.0,-1.928,0.0734999999999672,6,10.0,10.0,12.57,97.0,1.3556666666666668,2.243,,,,,,,
2026-09-16T09:50:00+07:00,2026-09-16T10:02:04.920140+07:00,valid,current,12.082002333333332,STA2285,AWS Batur Dieng,-7.20399,109.91158,2078.0,Kab. Banjarnegara,16.38,12.57,97.0,97.0,False,0.42,75.68,0.0,799.7882,15.902340695923227,-0.5500000000000007,0.0,0.0,-1.246,-0.0687000000000352,6,10.0,10.0,12.57,97.0,1.148,2.243,,,,,,,
2026-09-16T10:10:00+07:00,2026-09-16T10:16:34.986088+07:00,valid,current,6.583101466666666,STA2285,AWS Batur Dieng,-7.20399,109.91158,2078.0,Kab. Banjarnegara,16.37,12.57,97.0,97.0,False,0.307,175.5,0.0,799.7054,15.8923774864856,-0.9199999999999982,0.0,0.0,-1.936,-0.1595999999999549,6,10.0,10.0,12.57,97.0,0.5725,1.398,,,,,,,
2026-09-16T10:20:00+07:00,2026-09-16T10:31:32.316520+07:00,valid,current,11.538608666666669,STA2285,AWS Batur Dieng,-7.20399,109.91158,2078.0,Kab. Banjarnegara,16.52,12.57,96.9,96.9,False,0.717,107.8,0.0,799.6095,16.02566358953367,-1.86,0.0,-0.0999999999999943,0.1839999999999999,-0.1336000000000012,6,10.0,10.0,12.57,96.98333333333332,0.6031666666666666,1.398,,,,,,,
2026-09-16T10:40:00+07:00,2026-09-16T10:46:29.301416+07:00,valid,current,6.488356933333334,STA2285,AWS Batur Dieng,-7.20399,109.91158,2078.0,Kab. Banjarnegara,16.15,12.57,97.0,97.0,False,0.545,138.5,0.0,799.4633,15.673186521040046,-1.0,0.0,0.0,-0.119,-0.3826999999999998,6,10.0,10.0,12.57,96.98333333333332,0.3595,0.717,,,,,,,
2026-09-16T11:10:00+07:00,2026-09-16T11:16:37.399205+07:00,partial,current,6.623320083333334,STA2285,AWS Batur Dieng,-7.20399,109.91158,2078.0,Kab. Banjarnegara,15.34,12.57,,0.0,True,0.531,279.5,0.0,799.2714,,-1.0300000000000011,0.0,,0.224,-0.4340000000000827,6,10.0,10.0,12.57,94.08,0.5065000000000001,0.91,,,,,,,
2026-09-16T11:20:00+07:00,2026-09-16T11:31:49.055574+07:00,partial,current,11.8175929,STA2285,AWS Batur Dieng,-7.20399,109.91158,2078.0,Kab. Banjarnegara,15.3,12.57,,0.0,True,0.339,270.1,0.0,799.1956,,-1.2199999999999989,0.0,,-0.3779999999999999,-0.4139000000000123,6,10.0,10.0,12.57,93.375,0.4435,0.91,,,,,,,
2026-09-16T11:40:00+07:00,2026-09-16T11:46:37.886554+07:00,partial,current,6.631442566666666,STA2285,AWS Batur Dieng,-7.20399,109.91158,2078.0,Kab. Banjarnegara,15.23,12.57,,0.0,True,0.0,166.7,0.0,799.0135,,-0.9199999999999982,0.0,,-0.545,-0.449799999999982,6,10.0,10.0,12.57,89.75,0.3598333333333333,0.91,,,,,,,
2026-09-16T11:50:00+07:00,2026-09-16T12:01:48.317427+07:00,valid,current,11.80529045,STA2285,AWS Batur Dieng,-7.20399,109.91158,2078.0,Kab. Banjarnegara,15.2,12.57,28.82,28.82,False,0.0,128.6,0.0,798.9669,-2.817163494869693,-0.3200000000000003,0.0,-68.18,-0.281,-0.4292000000000371,6,10.0,10.0,12.57,55.66,0.313,0.91,,,,,,,
2026-09-16T12:00:00+07:00,2026-09-16T12:11:29.977974+07:00,valid,current,11.4996329,STA2285,AWS Batur Dieng,-7.20399,109.91158,2078.0,Kab. Banjarnegara,14.89,12.57,96.9,96.9,False,0.153,100.2,0.0,798.9623,14.4018469813628,-0.6600000000000001,0.0,14.400000000000006,-0.757,-0.3274999999999863,6,10.0,10.0,12.57,62.86,0.1868333333333333,0.531,,,,,,,
2026-09-16T12:10:00+07:00,2026-09-16T12:16:34.156534+07:00,valid,current,6.569275566666667,STA2285,AWS Batur Dieng,-7.20399,109.91158,2078.0,Kab. Banjarnegara,14.52,12.57,94.4,94.4,False,1.125,96.4,0.0,798.9582,13.630615369702191,-0.8200000000000003,0.0,,0.594,-0.313199999999938,6,10.0,10.0,12.57,73.37333333333333,0.2858333333333333,1.125,,,,,,,
2026-09-16T12:20:00+07:00,2026-09-16T12:31:46.416075+07:00,invalid,current,11.77360125,STA2285,AWS Batur Dieng,-7.20399,109.91158,2078.0,Kab. Banjarnegara,14.84,12.57,6.654,6.654,False,2.365,120.2,0.0,798.7779,-21.33065534551865,-0.4600000000000008,0.0,,2.026,-0.417699999999968,6,10.0,10.0,12.57,56.6935,0.6235,2.365,,,,,,,
2026-09-16T12:40:00+07:00,2026-09-16T12:46:40.533233+07:00,valid,current,6.675553883333333,STA2285,AWS Batur Dieng,-7.20399,109.91158,2078.0,Kab. Banjarnegara,16.68,16.2,97.0,97.0,False,1.062,135.1,0.0,798.5927,16.20123632140547,1.4499999999999993,3.629999999999999,,1.062,-0.4207999999999856,6,10.0,10.0,12.57,70.129,0.8868333333333335,2.365,,,,,,,
2026-09-16T12:50:00+07:00,2026-09-16T13:01:48.542456+07:00,valid,current,11.809040933333334,STA2285,AWS Batur Dieng,-7.20399,109.91158,2078.0,Kab. Banjarnegara,16.38,15.93,97.0,97.0,False,2.038,157.8,0.0,798.532,15.902340695923227,1.1799999999999995,3.3599999999999994,68.18,2.038,-0.4348999999999705,6,10.0,10.0,12.57,81.49233333333333,1.2265,2.365,,,,,,,
2026-09-16T13:10:00+07:00,2026-09-16T13:16:31.369772+07:00,valid,current,6.522829533333334,STA2285,AWS Batur Dieng,-7.20399,109.91158,2078.0,Kab. Banjarnegara,16.02,15.76,96.9,96.9,False,1.31,111.7,0.0,798.5345,15.5275644654596,1.5,3.1899999999999995,2.5,0.185,-0.4237000000000535,6,10.0,10.0,12.57,81.92566666666666,1.5570000000000002,2.365,,,,,,,
2026-09-16T13:20:00+07:00,2026-09-16T13:31:39.871280+07:00,valid,current,11.664521333333331,STA2285,AWS Batur Dieng,-7.20399,109.91158,2078.0,Kab. Banjarnegara,15.84,15.66,97.0,97.0,False,0.521,135.4,0.0,798.5358,15.36432536242462,1.0,3.09,90.346,-1.8440000000000003,-0.2421000000000503,6,10.0,10.0,15.66,96.98333333333332,1.2496666666666667,2.038,,,,,,,
2026-09-16T13:40:00+07:00,2026-09-16T13:46:42.805523+07:00,valid,current,6.713425383333333,STA2285,AWS Batur Dieng,-7.20399,109.91158,2078.0,Kab. Banjarnegara,15.73,15.51,96.9,96.9,False,2.199,131.9,0.0,798.2411,15.23866529886054,-0.9499999999999992,-0.6899999999999995,-0.0999999999999943,1.1369999999999998,-0.3516000000000758,6,10.0,10.0,15.51,96.96666666666664,1.6194999999999995,2.199,,,,,,,
2026-09-16T13:50:00+07:00,2026-09-16T14:01:47.785155+07:00,valid,current,11.79641925,STA2285,AWS Batur Dieng,-7.20399,109.91158,2078.0,Kab. Banjarnegara,15.71,15.51,97.0,97.0,False,1.441,126.9,0.0,798.226,15.23480253657674,-0.6699999999999982,-0.4199999999999999,0.0,-0.5969999999999998,-0.30600000000004,6,10.0,10.0,15.51,96.96666666666664,1.5200000000000002,2.199,,,,,,,
2026-09-16T14:10:00+07:00,2026-09-16T14:16:34.860633+07:00,valid,current,6.58101055,STA2285,AWS Batur Dieng,-7.20399,109.91158,2078.0,Kab. Banjarnegara,16.21,15.51,97.0,97.0,False,0.63,139.1,0.0,798.038,15.732965943138916,0.1900000000000012,-0.25,0.0999999999999943,-0.68,-0.4964999999999691,6,10.0,10.0,15.51,96.98333333333332,1.2718333333333331,2.199,,,,,,,
2026-09-16T14:20:00+07:00,2026-09-16T14:31:49.742904+07:00,valid,current,11.8290484,STA2285,AWS Batur Dieng,-7.20399,109.91158,2078.0,Kab. Banjarnegara,16.21,15.51,97.0,97.0,False,0.165,166.8,0.0,797.9183,15.732965943138916,0.370000000000001,-0.1500000000000003,0.0,-0.356,-0.61749999999995,6,10.0,10.0,15.51,96.98333333333332,1.2125,2.199,,,,,,,
2026-09-16T14:40:00+07:00,2026-09-16T14:46:38.749161+07:00,valid,current,6.64581935,STA2285,AWS Batur Dieng,-7.20399,109.91158,2078.0,Kab. Banjarnegara,17.31,15.51,97.0,97.0,False,0.09,188.8,0.0,797.9112,16.828912991771883,1.5799999999999983,0.0,0.0999999999999943,-2.109,-0.3298999999999523,6,10.0,10.0,15.51,97.0,0.5803333333333333,1.441,,,,,,,
2026-09-16T14:50:00+07:00,2026-09-16T15:01:47.180818+07:00,valid,current,11.786346966666668,STA2285,AWS Batur Dieng,-7.20399,109.91158,2078.0,Kab. Banjarnegara,17.08,15.51,97.0,97.0,False,1.559,165.0,0.0,797.9115,16.59976184204699,1.3699999999999974,0.0,0.0,0.1179999999999998,-0.3144999999999527,6,10.0,10.0,15.51,97.0,0.6,1.559,,,,,,,
2026-09-16T15:10:00+07:00,2026-09-16T15:16:27.411212+07:00,valid,current,6.456853533333333,STA2285,AWS Batur Dieng,-7.20399,109.91158,2078.0,Kab. Banjarnegara,16.3,15.51,97.0,97.0,False,2.498,145.2,0.0,797.9132,15.82263498082186,0.0899999999999998,0.0,0.0,1.8680000000000003,-0.1248000000000502,6,10.0,10.0,15.51,97.0,0.9828333333333332,2.498,,,,,,,
2026-09-16T15:20:00+07:00,2026-09-16T15:31:49.877681+07:00,valid,current,11.831294683333336,STA2285,AWS Batur Dieng,-7.20399,109.91158,2078.0,Kab. Banjarnegara,15.96,15.51,97.0,97.0,False,1.828,145.8,0.0,797.9115,15.483884681829526,-0.25,0.0,0.0,1.663,-0.0067999999999983,6,10.0,10.0,15.51,97.0,1.26,2.498,,,,,,,
2026-09-16T15:40:00+07:00,2026-09-16T16:01:32.741593+07:00,valid,current,21.545693216666667,STA2285,AWS Batur Dieng,-7.20399,109.91158,2078.0,Kab. Banjarnegara,15.53,15.44,97.0,97.0,False,1.398,174.9,0.0,797.9972,15.055462844654336,-1.7799999999999994,-0.0700000000000002,0.0,1.3079999999999998,0.0860000000000127,6,10.0,10.0,15.44,97.0,1.7773333333333332,2.498,,,,,,,
2026-09-16T16:10:00+07:00,2026-09-16T16:16:40.824373+07:00,valid,current,6.6804062166666665,STA2285,AWS Batur Dieng,-7.20399,109.91158,2078.0,Kab. Banjarnegara,15.75,15.64,97.0,97.0,False,0.816,93.1,0.0,797.909,15.27465573921838,-0.5500000000000007,0.1300000000000007,0.0,-1.6820000000000004,-0.0041999999999688,5,10.0,20.0,15.44,97.0,1.3669999999999998,1.828,,,,,,,
2026-09-16T16:20:00+07:00,2026-09-16T16:31:28.258909+07:00,valid,current,11.470981816666669,STA2285,AWS Batur Dieng,-7.20399,109.91158,2078.0,Kab. Banjarnegara,15.74,15.64,97.0,97.0,False,0.538,103.7,0.0,797.9494,15.264692440679449,-0.2200000000000006,0.1300000000000007,0.0,-1.29,0.0378999999999223,6,10.0,10.0,15.44,97.0,1.109,1.81,,,,,,,
2026-09-16T16:40:00+07:00,2026-09-16T16:46:41.272791+07:00,valid,current,6.68787985,STA2285,AWS Batur Dieng,-7.20399,109.91158,2078.0,Kab. Banjarnegara,15.5,15.38,97.0,97.0,False,0.0,87.3,0.0,798.1353,15.0255728514495,-0.0299999999999993,-0.0599999999999987,0.0,-1.398,0.1381000000000085,6,10.0,10.0,15.38,97.0,0.579,0.983,,,,,,,
2026-09-16T16:50:00+07:00,2026-09-16T17:01:41.038966+07:00,valid,current,11.683982766666666,STA2285,AWS Batur Dieng,-7.20399,109.91158,2078.0,Kab. Banjarnegara,15.35,15.23,96.9,96.9,False,0.0,100.6,0.0,798.1337,14.860105909165872,,,,,,6,10.0,10.0,15.23,96.98333333333332,0.4824999999999999,0.983,,,,,,,
2026-09-16T17:00:00+07:00,2026-09-16T17:04:36.676118+07:00,valid,current,4.611268633333333,STA2285,AWS Batur Dieng,-7.20399,109.91158,2078.0,Kab. Banjarnegara,15.31,15.23,97.0,97.0,False,0.0,98.1,0.0,798.0409,14.83626926555827,-0.4199999999999999,-0.4100000000000001,0.0,-0.983,0.1308999999999969,6,10.0,10.0,15.23,96.98333333333332,0.3186666666666667,0.816,,,,,,,
2026-09-16T17:10:00+07:00,2026-09-16T17:16:41.133218+07:00,valid,current,6.685553633333333,STA2285,AWS Batur Dieng,-7.20399,109.91158,2078.0,Kab. Banjarnegara,15.28,15.22,97.0,97.0,False,0.278,135.1,0.0,798.099,14.806379179007902,-0.4700000000000006,-0.4199999999999999,0.0,-0.5379999999999999,0.1900000000000545,6,10.0,10.0,15.22,96.98333333333332,0.229,0.558,,,,,,,
2026-09-16T17:20:00+07:00,2026-09-16T17:31:32.335376+07:00,valid,current,11.538922933333334,STA2285,AWS Batur Dieng,-7.20399,109.91158,2078.0,Kab. Banjarnegara,15.01,14.83,97.0,97.0,False,0.0,131.5,0.0,798.098,14.537367827249998,-0.7300000000000004,-0.8100000000000005,0.0,-0.538,0.1485999999999876,6,10.0,10.0,14.83,96.98333333333332,0.1393333333333333,0.558,,,,,,,
2026-09-16T17:40:00+07:00,2026-09-16T17:46:31.466129+07:00,valid,current,6.524435483333334,STA2285,AWS Batur Dieng,-7.20399,109.91158,2078.0,Kab. Banjarnegara,14.58,14.45,97.0,97.0,False,0.0,284.0,0.0,798.5126,14.108940212535868,-0.92,-0.9300000000000016,0.0,0.0,0.3772999999999911,6,10.0,10.0,14.45,96.98333333333332,0.0463333333333333,0.278,,,,,,,
2026-09-16T17:50:00+07:00,2026-09-16T18:01:44.666362+07:00,valid,current,11.744439366666668,STA2285,AWS Batur Dieng,-7.20399,109.91158,2078.0,Kab. Banjarnegara,14.59,14.45,97.0,97.0,False,0.0,243.9,0.0,798.4954,14.118903675137474,-0.7599999999999998,-0.7800000000000011,0.0999999999999943,0.0,0.3617000000000416,6,10.0,10.0,14.45,97.0,0.0463333333333333,0.278,,,,,,,
2026-09-16T18:10:00+07:00,2026-09-16T18:16:32.125496+07:00,valid,current,6.535424933333333,STA2285,AWS Batur Dieng,-7.20399,109.91158,2078.0,Kab. Banjarnegara,14.13,14.05,96.9,96.9,False,0.0,75.26,0.0,798.524,13.644716757744938,-1.1499999999999986,-1.17,-0.0999999999999943,-0.278,0.4249999999999545,6,10.0,10.0,14.05,96.96666666666664,0.0,0.0,,,,,,,
2026-09-16T18:20:00+07:00,2026-09-16T18:31:36.810666+07:00,valid,current,11.6135111,STA2285,AWS Batur Dieng,-7.20399,109.91158,2078.0,Kab. Banjarnegara,13.75,13.55,67.38,67.38,False,0.0,124.7,0.0,798.7228,7.812669305291688,-1.2599999999999998,-1.2799999999999994,-29.620000000000005,0.0,0.6248000000000502,6,10.0,10.0,13.55,92.03,0.0,0.0,,,,,,,
2026-09-16T18:30:00+07:00,2026-09-16T18:46:25.970026+07:00,partial,current,16.432833766666665,STA2285,AWS Batur Dieng,-7.20399,109.91158,2078.0,Kab. Banjarnegara,13.48,13.35,,0.0,True,0.0,184.0,0.0,798.8039,,-1.129999999999999,-1.0999999999999996,,0.0,0.5007000000000517,6,10.0,10.0,13.35,91.036,0.0,0.0,,,,,,,
2026-09-16T18:50:00+07:00,2026-09-16T19:01:33.067890+07:00,partial,current,11.5511315,STA2285,AWS Batur Dieng,-7.20399,109.91158,2078.0,Kab. Banjarnegara,13.23,12.57,,0.0,True,0.0,64.72,0.0,798.9522,,-1.3599999999999994,-1.879999999999999,,0.0,0.4567999999999301,6,10.0,10.0,12.57,87.06,0.0,0.0,,,,,,,
2026-09-16T19:10:00+07:00,2026-09-16T19:16:30.155032+07:00,partial,current,6.502583866666667,STA2285,AWS Batur Dieng,-7.20399,109.91158,2078.0,Kab. Banjarnegara,12.31,12.0,,0.0,True,0.0,42.87,0.0,798.9666,,-1.8200000000000005,-2.0500000000000007,,0.0,0.4425999999999703,6,10.0,10.0,12.0,67.38,0.0,0.0,,,,,,,
2026-09-16T19:20:00+07:00,2026-09-16T19:31:45.237995+07:00,valid,current,11.753966583333332,STA2285,AWS Batur Dieng,-7.20399,109.91158,2078.0,Kab. Banjarnegara,11.66,11.09,68.0,68.0,False,0.0,42.89,0.0,799.1095,5.950318099383617,-2.09,-2.460000000000001,0.6200000000000045,0.0,0.3867000000000189,6,10.0,10.0,11.09,68.0,0.0,0.0,,,,,,,
2026-09-16T19:40:00+07:00,2026-09-16T19:46:40.195866+07:00,valid,current,6.6699311,STA2285,AWS Batur Dieng,-7.20399,109.91158,2078.0,Kab. Banjarnegara,11.05,10.65,97.0,97.0,False,0.0,165.5,0.0,799.1979,10.591749541895997,-2.34,-2.58,,0.0,0.2815000000000509,6,10.0,10.0,10.65,87.33333333333333,0.0,0.0,,,,,,,
2026-09-16T19:50:00+07:00,2026-09-16T20:01:41.651478+07:00,valid,current,11.6941913,STA2285,AWS Batur Dieng,-7.20399,109.91158,2078.0,Kab. Banjarnegara,11.52,10.65,97.0,97.0,False,0.0,154.8,0.0,799.2989,11.060054221525212,-1.7100000000000009,-1.92,,0.0,0.3467000000000553,6,10.0,10.0,10.65,89.75,0.0,0.0,,,,,,,
2026-09-16T20:10:00+07:00,2026-09-16T20:16:47.064733+07:00,valid,current,6.7844122166666665,STA2285,AWS Batur Dieng,-7.20399,109.91158,2078.0,Kab. Banjarnegara,11.97,10.65,52.44,52.44,False,0.0,168.9,0.0,799.5663,2.5331341097135884,-0.3399999999999998,-1.3499999999999996,,0.0,0.5996999999999844,6,10.0,10.0,10.65,84.74,0.0,0.0,,,,,,,
2026-09-16T20:20:00+07:00,2026-09-16T20:31:34.658520+07:00,partial,current,11.577642,STA2285,AWS Batur Dieng,-7.20399,109.91158,2078.0,Kab. Banjarnegara,12.26,10.65,,0.0,True,0.0,188.8,0.0,799.5722,,0.5999999999999996,-0.4399999999999995,,0.0,0.462699999999927,6,10.0,10.0,10.65,88.088,0.0,0.0,,,,,,,
2026-09-16T20:40:00+07:00,2026-09-16T20:46:38.367836+07:00,partial,current,6.639463933333333,STA2285,AWS Batur Dieng,-7.20399,109.91158,2078.0,Kab. Banjarnegara,12.16,10.65,,0.0,True,0.0,119.2,0.0,799.6657,,1.1099999999999994,0.0,,0.0,0.4678000000000111,6,10.0,10.0,10.65,82.14666666666666,0.0,0.0,,,,,,,
2026-09-16T21:10:00+07:00,2026-09-16T21:16:38.636378+07:00,partial,current,6.643939633333333,STA2285,AWS Batur Dieng,-7.20399,109.91158,2078.0,Kab. Banjarnegara,11.09,10.25,,0.0,True,0.0,206.0,0.0,799.8798,,-0.8800000000000008,-0.4000000000000003,,0.0,0.31350000000009,6,10.0,10.0,10.25,,0.0,0.0,,,,,,,
2026-09-16T21:20:00+07:00,2026-09-16T21:31:51.877083+07:00,valid,current,11.86461805,STA2285,AWS Batur Dieng,-7.20399,109.91158,2078.0,Kab. Banjarnegara,10.86,10.11,52.27,52.27,False,0.0,233.0,0.0,799.8796,1.4582784634773671,-1.4000000000000004,-0.5400000000000009,,0.0,0.3074000000000296,6,10.0,10.0,10.11,52.27,0.0,0.0,,,,,,,
2026-09-16T21:40:00+07:00,2026-09-16T21:54:14.543037+07:00,valid,current,14.24238395,STA2285,AWS Batur Dieng,-7.20399,109.91158,2078.0,Kab. Banjarnegara,9.71,9.28,97.0,97.0,False,0.0,91.0,0.0,799.9995,9.25656585525528,-2.45,-1.370000000000001,,0.0,0.3337999999999965,6,10.0,10.0,9.28,82.09,0.0,0.0,,,,,,,
2026-09-16T21:50:00+07:00,2026-09-16T22:01:53.753986+07:00,valid,current,11.895899766666668,STA2285,AWS Batur Dieng,-7.20399,109.91158,2078.0,Kab. Banjarnegara,9.7,9.28,96.9,96.9,False,0.0,123.3,0.0,800.0315,9.231276460651646,-2.08,-1.370000000000001,,0.0,0.1874000000000251,6,10.0,10.0,9.28,85.7925,0.0,0.0,,,,,,,
2026-09-16T22:10:00+07:00,2026-09-16T22:16:42.633674+07:00,valid,current,6.710561233333333,STA2285,AWS Batur Dieng,-7.20399,109.91158,2078.0,Kab. Banjarnegara,10.07,9.04,97.0,97.0,False,0.0,112.7,0.0,800.0102,9.615274415466724,-1.0199999999999996,-1.2100000000000009,,0.0,0.1304000000000087,6,10.0,10.0,9.04,89.52833333333335,0.0,0.0,,,,,,,
2026-09-16T22:20:00+07:00,2026-09-16T22:31:45.697040+07:00,valid,current,11.761617333333334,STA2285,AWS Batur Dieng,-7.20399,109.91158,2078.0,Kab. Banjarnegara,10.59,9.04,97.0,97.0,False,0.0,209.6,0.0,799.8795,10.133405766096615,-0.2699999999999996,-1.0700000000000005,44.73,0.0,-9.999999997489796e-05,6,10.0,10.0,9.04,96.98333333333332,0.0,0.0,,,,,,,
2026-09-16T22:40:00+07:00,2026-09-16T22:46:42.458013+07:00,partial,current,6.70763355,STA2285,AWS Batur Dieng,-7.20399,109.91158,2078.0,Kab. Banjarnegara,10.55,10.46,,0.0,True,0.0,61.38,0.0,799.8243,,0.8399999999999999,1.1800000000000015,,0.0,-0.175200000000018,6,10.0,10.0,9.04,79.02799999999999,0.0,0.0,,,,,,,
2026-09-16T22:50:00+07:00,2026-09-16T23:01:47.307085+07:00,partial,current,11.788451416666668,STA2285,AWS Batur Dieng,-7.20399,109.91158,2078.0,Kab. Banjarnegara,10.79,10.46,,0.0,True,0.0,181.1,0.0,799.7254,,1.09,1.1800000000000015,,0.0,-0.3061000000000149,6,10.0,10.0,9.04,74.56,0.0,0.0,,,,,,,
2026-09-16T23:10:00+07:00,2026-09-16T23:16:34.062558+07:00,partial,current,6.567709300000001,STA2285,AWS Batur Dieng,-7.20399,109.91158,2078.0,Kab. Banjarnegara,10.36,10.04,,0.0,True,0.0,320.9,0.0,799.6082,,0.2899999999999991,1.0,,0.0,-0.4020000000000436,6,10.0,10.0,9.04,52.12,0.0,0.0,,,,,,,
2026-09-16T23:20:00+07:00,2026-09-16T23:31:37.387365+07:00,partial,current,11.62312275,STA2285,AWS Batur Dieng,-7.20399,109.91158,2078.0,Kab. Banjarnegara,9.96,9.53,,0.0,True,0.0,318.2,0.0,799.57,,-0.629999999999999,0.4900000000000002,,0.0,-0.3094999999999572,6,10.0,10.0,9.53,7.24,0.0,0.0,,,,,,,
2026-09-16T23:40:00+07:00,2026-09-16T23:46:41.627588+07:00,partial,current,6.693793133333333,STA2285,AWS Batur Dieng,-7.20399,109.91158,2078.0,Kab. Banjarnegara,9.26,8.94,,0.736,True,0.0,315.1,0.0,799.5697,,-1.290000000000001,-1.5200000000000014,,0.0,-0.2545999999999822,6,10.0,10.0,8.94,,0.0,0.0,,,,,,,
2026-09-16T23:50:00+07:00,2026-09-17T00:01:47.847194+07:00,valid,current,11.797453233333332,STA2285,AWS Batur Dieng,-7.20399,109.91158,2078.0,Kab. Banjarnegara,8.58,7.975,87.7,87.7,False,0.0,336.4,0.0,799.4262,6.654951480948201,-2.209999999999999,-2.485000000000001,,0.0,-0.2992000000000416,6,10.0,10.0,7.975,87.7,0.0,0.0,,,,,,,
2026-09-17T00:10:00+07:00,2026-09-17T00:16:35.546680+07:00,valid,current,6.592444666666666,STA2285,AWS Batur Dieng,-7.20399,109.91158,2078.0,Kab. Banjarnegara,8.48,7.975,97.0,97.0,False,0.0,186.8,0.0,799.1527,8.030964442781938,-1.879999999999999,-2.0649999999999995,,0.0,-0.4555000000000291,6,10.0,10.0,7.975,93.9,0.0,0.0,,,,,,,
2026-09-17T00:20:00+07:00,2026-09-17T00:31:45.208742+07:00,valid,current,11.753479033333331,STA2285,AWS Batur Dieng,-7.20399,109.91158,2078.0,Kab. Banjarnegara,8.81,7.975,97.0,97.0,False,0.0,158.8,0.0,799.0843,8.359786434494122,-1.1500000000000004,-1.5549999999999995,,0.0,-0.4857000000000653,6,10.0,10.0,7.975,94.675,0.0,0.0,,,,,,,
2026-09-17T00:40:00+07:00,2026-09-17T00:46:33.438874+07:00,valid,current,6.557314566666666,STA2285,AWS Batur Dieng,-7.20399,109.91158,2078.0,Kab. Banjarnegara,9.59,7.975,13.3,13.3,False,0.0,127.4,0.0,798.941,-17.271746920223116,0.33,-0.965,,0.0,-0.6286999999999807,6,10.0,10.0,7.975,81.5,0.0,0.0,,,,,,,
2026-09-17T00:50:00+07:00,2026-09-17T01:02:02.846278+07:00,partial,current,12.047437966666669,STA2285,AWS Batur Dieng,-7.20399,109.91158,2078.0,Kab. Banjarnegara,9.81,7.975,,0.0,True,0.0,271.6,0.0,798.9404,,1.2300000000000004,0.0,,0.0,-0.4858000000000402,6,10.0,10.0,7.975,80.26,0.0,0.0,,,,,,,
2026-09-17T01:00:00+07:00,2026-09-17T01:16:38.496062+07:00,partial,current,16.641601033333334,STA2285,AWS Batur Dieng,-7.20399,109.91158,2078.0,Kab. Banjarnegara,9.83,7.975,,0.0,True,0.0,346.2,0.0,798.8634,,1.4499999999999993,0.0,,0.0,-0.4456000000000131,6,10.0,10.0,7.975,76.075,0.0,0.0,,,,,,,
2026-09-17T01:20:00+07:00,2026-09-17T01:31:42.443847+07:00,valid,current,11.70739745,STA2285,AWS Batur Dieng,-7.20399,109.91158,2078.0,Kab. Banjarnegara,9.56,7.975,88.5,88.5,False,0.0,56.69,0.0,798.5078,7.753248318664492,0.75,0.0,-8.5,0.0,-0.57650000000001,6,10.0,10.0,7.975,66.26666666666667,0.0,0.0,,,,,,,
2026-09-17T01:40:00+07:00,2026-09-17T01:51:46.307603+07:00,valid,current,11.771793383333334,STA2285,AWS Batur Dieng,-7.20399,109.91158,2078.0,Kab. Banjarnegara,8.98,7.975,53.38,53.38,False,0.0,180.9,0.0,798.4926,0.0038830713457364,-0.6099999999999994,0.0,40.08,0.0,-0.4483999999999923,6,10.0,10.0,7.975,79.62666666666667,0.0,0.0,,,,,,,
2026-09-17T01:50:00+07:00,2026-09-17T02:01:57.245483+07:00,partial,current,11.954091383333331,STA2285,AWS Batur Dieng,-7.20399,109.91158,2078.0,Kab. Banjarnegara,8.8,7.975,,0.0,True,0.0,76.68,0.0,798.4918,,-1.0099999999999998,0.0,,0.0,-0.4485999999999421,6,10.0,10.0,7.975,79.62666666666667,0.0,0.0,,,,,,,
2026-09-17T02:10:00+07:00,2026-09-17T02:16:45.618955+07:00,valid,current,6.760315916666667,STA2285,AWS Batur Dieng,-7.20399,109.91158,2078.0,Kab. Banjarnegara,9.35,7.975,38.82,38.82,False,0.0,121.7,0.0,798.2357,-3.978280630368372,-0.3399999999999998,0.0,,0.0,-0.45900000000006,6,10.0,10.0,7.975,69.425,0.0,0.0,,,,,,,
2026-09-17T02:20:00+07:00,2026-09-17T02:31:30.808709+07:00,valid,current,11.513478483333332,STA2285,AWS Batur Dieng,-7.20399,109.91158,2078.0,Kab. Banjarnegara,9.81,7.975,97.0,97.0,False,0.0,128.6,0.0,798.1824,9.356207305864778,0.25,0.0,8.5,0.0,-0.325399999999945,6,10.0,10.0,7.975,71.55,0.0,0.0,,,,,,,
2026-09-17T02:40:00+07:00,2026-09-17T02:46:41.300048+07:00,valid,current,6.688334133333333,STA2285,AWS Batur Dieng,-7.20399,109.91158,2078.0,Kab. Banjarnegara,10.01,7.975,97.0,97.0,False,0.0,196.7,0.0,798.2272,9.555489782735677,1.0299999999999994,0.0,43.62,0.0,-0.2653999999999996,6,10.0,10.0,7.975,82.455,0.0,0.0,,,,,,,
2026-09-17T02:50:00+07:00,2026-09-17T03:02:02.974681+07:00,valid,current,12.049578016666668,STA2285,AWS Batur Dieng,-7.20399,109.91158,2078.0,Kab. Banjarnegara,9.95,7.975,97.0,97.0,False,0.0,154.7,0.0,798.2654,9.49570509908304,1.1499999999999986,0.0,,0.0,-0.2264000000000123,6,10.0,10.0,7.975,85.364,0.0,0.0,,,,,,,
2026-09-17T03:00:00+07:00,2026-09-17T03:16:41.235029+07:00,valid,current,16.687250483333333,STA2285,AWS Batur Dieng,-7.20399,109.91158,2078.0,Kab. Banjarnegara,10.04,7.975,97.0,97.0,False,0.0,292.3,0.0,798.2876,9.585382105466394,1.1799999999999995,0.0,,0.0,-0.0854000000000496,6,10.0,10.0,7.975,87.30333333333333,0.0,0.0,,,,,,,
2026-09-17T03:20:00+07:00,2026-09-17T03:31:45.453975+07:00,valid,current,11.75756625,STA2285,AWS Batur Dieng,-7.20399,109.91158,2078.0,Kab. Banjarnegara,9.21,7.975,97.0,97.0,False,0.0,110.8,0.2,798.3174,8.758356480455255,-0.5999999999999996,0.0,0.0,0.0,0.1349999999999909,6,10.0,10.0,7.975,97.0,0.0,0.0,,,,,,,
2026-09-17T03:40:00+07:00,2026-09-17T03:46:38.107062+07:00,valid,current,6.6351177,STA2285,AWS Batur Dieng,-7.20399,109.91158,2078.0,Kab. Banjarnegara,9.18,7.975,97.0,97.0,False,0.0,114.2,0.2,798.331,8.728463805513865,-0.8300000000000001,0.0,0.0,0.0,0.1037999999999783,6,10.0,10.0,7.975,96.98333333333332,0.0,0.0,,,,,,,
2026-09-17T03:50:00+07:00,2026-09-17T04:01:49.455308+07:00,valid,current,11.824255133333333,STA2285,AWS Batur Dieng,-7.20399,109.91158,2078.0,Kab. Banjarnegara,8.79,7.975,97.0,97.0,False,0.0,135.0,0.2,798.4727,8.339857872786185,-1.16,0.0,0.0,0.0,0.207300000000032,6,10.0,10.0,7.975,96.98333333333332,0.0,0.0,,,,,,,
2026-09-17T04:10:00+07:00,2026-09-17T04:16:35.128667+07:00,valid,current,6.585477783333333,STA2285,AWS Batur Dieng,-7.20399,109.91158,2078.0,Kab. Banjarnegara,7.941,7.39,58.23,58.23,False,0.0,161.3,0.2,798.4877,0.2330282640310758,-1.7890000000000006,-0.585,-38.77,0.0,0.2082000000000334,6,10.0,10.0,7.39,90.52166666666666,0.0,0.0,,,,,,,
2026-09-17T04:20:00+07:00,2026-09-17T04:31:50.806084+07:00,valid,current,11.846768066666668,STA2285,AWS Batur Dieng,-7.20399,109.91158,2078.0,Kab. Banjarnegara,7.94,7.39,16.24,16.24,False,0.0,85.9,0.2,798.4879,-16.216840286984485,-1.2700000000000005,-0.585,-80.76,0.0,0.1704999999999472,6,10.0,10.0,7.39,77.06166666666667,0.0,0.0,,,,,,,
2026-09-17T04:40:00+07:00,2026-09-17T04:47:44.005970+07:00,valid,current,7.733432833333333,STA2285,AWS Batur Dieng,-7.20399,109.91158,2078.0,Kab. Banjarnegara,7.779,7.289,97.0,97.0,False,0.0,108.6,0.2,798.4854,7.332461706309088,-1.4009999999999998,-0.6859999999999999,0.0,0.0,0.1544000000000096,6,10.0,10.0,7.289,73.55166666666666,0.0,0.0,,,,,,,
2026-09-17T05:10:00+07:00,2026-09-17T05:16:35.384565+07:00,valid,current,6.58974275,STA2285,AWS Batur Dieng,-7.20399,109.91158,2078.0,Kab. Banjarnegara,6.753,6.396,97.0,97.0,False,0.0,138.4,0.2,798.5078,6.310104227330791,-1.1879999999999995,-0.9939999999999998,38.77,0.0,0.0200999999999567,6,10.0,10.0,6.396,80.01333333333334,0.0,0.0,,,,,,,
2026-09-17T05:20:00+07:00,2026-09-17T05:31:31.865882+07:00,valid,current,11.531098033333334,STA2285,AWS Batur Dieng,-7.20399,109.91158,2078.0,Kab. Banjarnegara,7.144,6.396,97.0,97.0,False,0.0,115.2,0.2,798.6356,6.699717849186955,-0.7960000000000003,-0.9939999999999998,80.76,0.0,0.1476999999999861,6,10.0,10.0,6.396,93.47333333333334,0.0,0.0,,,,,,,
2026-09-17T05:40:00+07:00,2026-09-17T05:46:38.050374+07:00,valid,current,6.634172899999999,STA2285,AWS Batur Dieng,-7.20399,109.91158,2078.0,Kab. Banjarnegara,7.305,6.396,97.0,97.0,False,0.0,154.6,0.2,798.6334,6.860146359016758,-0.4740000000000002,-0.8929999999999998,0.0,0.0,0.1480000000000245,6,10.0,10.0,6.396,97.0,0.0,0.0,,,,,,,
2026-09-17T05:50:00+07:00,2026-09-17T06:01:44.445300+07:00,valid,current,11.740755,STA2285,AWS Batur Dieng,-7.20399,109.91158,2078.0,Kab. Banjarnegara,7.778,6.396,71.7,71.7,False,0.0,252.3,0.2,798.6843,2.985545683458588,0.508,-0.5880000000000001,-25.3,0.0,0.1980999999999539,6,10.0,10.0,6.396,92.78333333333336,0.0,0.0,,,,,,,
2026-09-17T06:10:00+07:00,2026-09-17T06:16:41.268854+07:00,partial,current,6.687814233333333,STA2285,AWS Batur Dieng,-7.20399,109.91158,2078.0,Kab. Banjarnegara,8.01,6.396,,0.0,True,0.0,149.0,0.2,798.8247,,1.2569999999999997,0.0,,0.0,0.3169000000000324,6,10.0,10.0,6.396,90.675,0.0,0.0,,,,,,,
2026-09-17T06:20:00+07:00,2026-09-17T06:31:37.511388+07:00,partial,current,11.6251898,STA2285,AWS Batur Dieng,-7.20399,109.91158,2078.0,Kab. Banjarnegara,8.54,6.396,,0.0,True,0.0,145.7,0.2,798.9318,,1.395999999999999,0.0,,0.0,0.2961999999999989,6,10.0,10.0,6.396,88.56666666666666,0.0,0.0,,,,,,,
2026-09-17T06:40:00+07:00,2026-09-17T06:55:20.399408+07:00,partial,current,15.339990133333334,STA2285,AWS Batur Dieng,-7.20399,109.91158,2078.0,Kab. Banjarnegara,10.64,6.396,,0.0,True,0.0,88.2,0.2,798.9474,,3.335000000000001,0.0,,0.0,0.3139999999999645,6,10.0,10.0,6.396,71.7,0.0,0.0,,,,,,,
2026-09-17T06:50:00+07:00,2026-09-17T07:01:39.044709+07:00,valid,current,11.65074515,STA2285,AWS Batur Dieng,-7.20399,109.91158,2078.0,Kab. Banjarnegara,12.07,6.396,9.69,9.69,False,0.0,95.5,0.2,799.091,-19.064132939891447,4.292000000000001,0.0,-62.010000000000005,0.0,0.4067000000000007,6,10.0,10.0,6.396,9.69,0.0,0.0,,,,,,,
2026-09-17T07:10:00+07:00,2026-09-17T07:16:38.899236+07:00,partial,current,6.6483206,STA2285,AWS Batur Dieng,-7.20399,109.91158,2078.0,Kab. Banjarnegara,13.22,12.81,,0.0,True,0.0,99.3,0.0,799.1242,,5.210000000000001,6.414000000000001,,0.0,0.2994999999999663,6,10.0,10.0,6.396,80.8,0.0,0.0,,,,,,,
2026-09-17T07:20:00+07:00,2026-09-17T07:31:51.395816+07:00,valid,current,11.856596933333332,STA2285,AWS Batur Dieng,-7.20399,109.91158,2078.0,Kab. Banjarnegara,14.46,12.81,49.95,49.95,False,0.0,143.3,0.0,799.2022,4.14556749944031,5.920000000000002,6.414000000000001,,0.0,0.2703999999999951,6,10.0,10.0,6.396,46.81333333333333,0.0,0.0,,,,,,,
2026-09-17T07:40:00+07:00,2026-09-17T07:46:39.563557+07:00,valid,current,6.659392616666667,STA2285,AWS Batur Dieng,-7.20399,109.91158,2078.0,Kab. Banjarnegara,16.06,12.81,96.2,96.2,False,0.428,156.6,0.0,799.2769,15.454268232786353,5.419999999999998,6.414000000000001,,0.428,0.329499999999939,6,10.0,10.0,6.396,60.46,0.087,0.428,,,,,,,
2026-09-17T07:50:00+07:00,2026-09-17T08:01:47.213432+07:00,valid,current,11.786890533333333,STA2285,AWS Batur Dieng,-7.20399,109.91158,2078.0,Kab. Banjarnegara,16.63,12.81,97.0,97.0,False,0.768,170.3,0.0,799.2503,16.1514204722183,4.559999999999999,6.414000000000001,87.31,0.768,0.1593000000000302,6,10.0,10.0,6.396,77.922,0.215,0.768,,,,,,,
2026-09-17T08:10:00+07:00,2026-09-17T08:16:30.034706+07:00,valid,current,6.500578433333334,STA2285,AWS Batur Dieng,-7.20399,109.91158,2078.0,Kab. Banjarnegara,16.67,12.81,97.0,97.0,False,0.0,205.6,0.0,799.3977,16.19127315439661,3.450000000000001,0.0,,0.0,0.2735000000000127,6,10.0,10.0,12.81,83.80166666666666,0.2273333333333333,0.768,,,,,,,
2026-09-17T08:40:00+07:00,2026-09-17T08:46:33.811946+07:00,valid,current,6.563532433333333,STA2285,AWS Batur Dieng,-7.20399,109.91158,2078.0,Kab. Banjarnegara,16.46,12.81,97.0,97.0,False,0.527,285.6,0.0,799.6196,15.982046320509609,0.4000000000000021,0.0,0.7999999999999972,0.099,0.3427000000000362,6,10.0,10.0,12.81,96.98333333333332,0.2826666666666667,0.768,,,,,,,
2026-09-17T08:50:00+07:00,2026-09-17T09:01:51.303146+07:00,valid,current,11.855052433333332,STA2285,AWS Batur Dieng,-7.20399,109.91158,2078.0,Kab. Banjarnegara,16.41,12.81,96.9,96.9,False,0.48,265.7,0.0,799.6175,15.916082095818911,-0.2199999999999988,0.0,-0.0999999999999943,-0.288,0.3671999999999116,6,10.0,10.0,12.81,96.96666666666664,0.2346666666666666,0.527,,,,,,,
2026-09-17T09:10:00+07:00,2026-09-17T09:16:42.306925+07:00,valid,current,6.705115416666667,STA2285,AWS Batur Dieng,-7.20399,109.91158,2078.0,Kab. Banjarnegara,17.36,12.81,97.0,97.0,False,0.043,226.3,0.0,799.616,16.878728360104436,0.6899999999999977,0.0,0.0,0.043,0.2182999999999992,6,10.0,10.0,12.81,96.96666666666664,0.3315,0.612,,,,,,,
2026-09-17T09:20:00+07:00,2026-09-17T09:31:41.949429+07:00,valid,current,11.69915715,STA2285,AWS Batur Dieng,-7.20399,109.91158,2078.0,Kab. Banjarnegara,17.68,12.81,96.4,96.4,False,0.237,239.1,0.0,799.6173,17.09948506066606,0.9499999999999992,0.0,-0.5,0.0409999999999999,0.1516000000000303,6,10.0,10.0,12.81,96.88333333333333,0.3383333333333333,0.612,,,,,,,
2026-09-17T09:40:00+07:00,2026-09-17T09:46:43.228965+07:00,partial,current,6.72048275,STA2285,AWS Batur Dieng,-7.20399,109.91158,2078.0,Kab. Banjarnegara,18.1,12.81,,0.0,True,0.162,227.8,0.0,799.5518,,1.6400000000000006,0.0,,-0.365,-0.0678000000000338,6,10.0,10.0,12.81,81.43599999999999,0.2811666666666666,0.612,,,,,,,
2026-09-17T09:50:00+07:00,2026-09-17T10:02:13.276987+07:00,partial,current,12.221283116666664,STA2285,AWS Batur Dieng,-7.20399,109.91158,2078.0,Kab. Banjarnegara,18.23,12.81,,0.0,True,2.198,289.1,0.0,799.4694,,1.8200000000000005,0.0,,1.718,-0.1480999999999994,6,10.0,10.0,12.81,77.57,0.5675,2.198,,,,,,,
2026-09-17T10:10:00+07:00,2026-09-17T10:16:35.617199+07:00,partial,current,6.593619983333334,STA2285,AWS Batur Dieng,-7.20399,109.91158,2078.0,Kab. Banjarnegara,18.31,12.81,,0.0,True,1.026,283.1,0.0,799.3514,,0.9499999999999992,0.0,,0.983,-0.2645999999999731,6,10.0,10.0,12.81,58.14,0.7943333333333333,2.198,,,,,,,
2026-09-17T10:20:00+07:00,2026-09-17T10:31:42.643788+07:00,partial,current,11.7107298,STA2285,AWS Batur Dieng,-7.20399,109.91158,2078.0,Kab. Banjarnegara,18.1,12.81,,0.0,True,1.381,290.5,0.0,799.295,,0.4200000000000017,0.0,,1.144,-0.3223000000000411,6,10.0,10.0,12.81,19.88,0.985,2.198,,,,,,,
2026-09-17T10:40:00+07:00,2026-09-17T10:46:45.006160+07:00,partial,current,6.750102666666667,STA2285,AWS Batur Dieng,-7.20399,109.91158,2078.0,Kab. Banjarnegara,18.37,12.81,,0.0,True,0.831,279.0,0.0,799.0434,,0.2699999999999996,0.0,,0.6689999999999999,-0.5083999999999378,6,10.0,10.0,12.81,,1.3763333333333332,2.198,,,,,,,
2026-09-17T10:50:00+07:00,2026-09-17T11:01:58.419348+07:00,partial,current,11.9736558,STA2285,AWS Batur Dieng,-7.20399,109.91158,2078.0,Kab. Banjarnegara,18.16,12.81,,0.0,True,0.797,287.9,0.0,798.9874,,-0.0700000000000002,0.0,,-1.4009999999999998,-0.4819999999999709,6,10.0,10.0,12.81,,1.1428333333333334,1.832,,,,,,,
2026-09-17T11:10:00+07:00,2026-09-17T11:16:42.561415+07:00,valid,current,6.709356916666667,STA2285,AWS Batur Dieng,-7.20399,109.91158,2078.0,Kab. Banjarnegara,17.21,12.81,72.48,72.48,False,0.666,256.6,0.0,798.8846,12.218507232893538,-1.099999999999998,0.0,,-0.36,-0.4668000000000347,6,10.0,10.0,12.81,72.48,1.171166666666667,1.832,,,,,,,
2026-09-17T11:20:00+07:00,2026-09-17T11:31:40.671431+07:00,valid,current,11.677857183333334,STA2285,AWS Batur Dieng,-7.20399,109.91158,2078.0,Kab. Banjarnegara,17.38,12.81,97.0,97.0,False,1.046,208.0,0.0,798.757,16.898654497537585,-0.7200000000000024,0.0,,-0.3349999999999999,-0.5380000000000109,6,10.0,10.0,12.81,84.74000000000001,1.1153333333333335,1.832,,,,,,,
2026-09-17T11:40:00+07:00,2026-09-17T11:47:26.717668+07:00,valid,current,7.445294466666667,STA2285,AWS Batur Dieng,-7.20399,109.91158,2078.0,Kab. Banjarnegara,17.26,12.81,96.9,96.9,False,0.0,66.95,0.0,798.5573,16.76284358592263,-1.1099999999999994,0.0,,-0.831,-0.4860999999999649,6,10.0,10.0,12.81,90.845,0.7491666666666666,1.52,,,,,,,
2026-09-17T11:50:00+07:00,2026-09-17T12:01:53.289458+07:00,valid,current,11.888157633333332,STA2285,AWS Batur Dieng,-7.20399,109.91158,2078.0,Kab. Banjarnegara,18.27,12.81,94.9,94.9,False,0.616,86.0,0.0,798.5426,17.438220809776535,0.1099999999999994,0.0,,-0.181,-0.4447999999999865,6,10.0,10.0,12.81,91.656,0.719,1.52,,,,,,,
2026-09-17T12:10:00+07:00,2026-09-17T12:16:32.727720+07:00,partial,current,6.545462,STA2285,AWS Batur Dieng,-7.20399,109.91158,2078.0,Kab. Banjarnegara,17.67,12.81,,0.0,True,2.073,266.9,0.0,798.3992,,0.4600000000000008,0.0,,1.407,-0.4854000000000269,6,10.0,10.0,12.81,78.806,0.8045,2.073,,,,,,,
2026-09-17T12:40:00+07:00,2026-09-17T12:46:34.495802+07:00,valid,current,6.574930033333334,STA2285,AWS Batur Dieng,-7.20399,109.91158,2078.0,Kab. Banjarnegara,16.48,12.81,21.26,21.26,False,1.051,265.6,0.0,798.2284,-5.776740646160589,-0.7800000000000011,0.0,-75.64,1.051,-0.3289000000000897,6,10.0,10.0,12.81,41.46333333333334,1.0595,2.073,,,,,,,
2026-09-17T12:50:00+07:00,2026-09-17T13:01:54.902810+07:00,valid,current,11.915046833333331,STA2285,AWS Batur Dieng,-7.20399,109.91158,2078.0,Kab. Banjarnegara,17.52,12.81,97.0,97.0,False,1.467,273.1,0.0,798.2314,17.038137301171897,-0.75,0.0,2.0999999999999943,0.8510000000000001,-0.3111999999999852,6,10.0,10.0,12.81,42.16333333333333,1.2013333333333334,2.073,,,,,,,
2026-09-17T13:10:00+07:00,2026-09-17T13:16:44.786151+07:00,valid,current,6.74643585,STA2285,AWS Batur Dieng,-7.20399,109.91158,2078.0,Kab. Banjarnegara,17.91,12.81,70.25,70.25,False,0.185,241.8,0.0,797.9984,12.414913341287964,0.2399999999999984,0.0,,-1.888,-0.4008000000000038,6,10.0,10.0,12.81,71.3775,0.9436666666666668,1.467,,,,,,,
2026-09-17T13:20:00+07:00,2026-09-17T13:31:31.934890+07:00,partial,current,11.532248166666667,STA2285,AWS Batur Dieng,-7.20399,109.91158,2078.0,Kab. Banjarnegara,17.38,12.81,,0.0,True,0.677,238.5,0.0,797.9146,,-0.25,0.0,,-0.351,-0.4676000000000613,6,10.0,10.0,12.81,71.3775,0.8851666666666667,1.467,,,,,,,
2026-09-17T13:40:00+07:00,2026-09-17T13:46:24.681255+07:00,partial,current,6.4113542500000005,STA2285,AWS Batur Dieng,-7.20399,109.91158,2078.0,Kab. Banjarnegara,17.67,12.81,,0.0,True,0.584,275.2,0.0,797.7553,,1.1900000000000013,0.0,,-0.4669999999999999,-0.4730999999999312,6,10.0,10.0,12.81,88.08333333333333,0.6611666666666667,1.467,,,,,,,
2026-09-17T13:50:00+07:00,2026-09-17T14:01:42.696274+07:00,partial,current,11.711604566666669,STA2285,AWS Batur Dieng,-7.20399,109.91158,2078.0,Kab. Banjarnegara,17.47,12.81,,0.0,True,0.279,260.9,0.0,797.7496,,-0.0500000000000007,0.0,,-1.1880000000000002,-0.4818000000000211,6,10.0,10.0,12.81,83.625,0.4631666666666666,0.968,,,,,,,
2026-09-17T14:10:00+07:00,2026-09-17T14:16:34.820683+07:00,partial,current,6.580344716666667,STA2285,AWS Batur Dieng,-7.20399,109.91158,2078.0,Kab. Banjarnegara,17.71,12.81,,0.0,True,0.726,254.8,0.0,797.704,,-0.1999999999999993,0.0,,0.5409999999999999,-0.294399999999996,6,10.0,10.0,12.81,,0.5641666666666666,1.033,,,,,,,
2026-09-17T14:20:00+07:00,2026-09-17T14:31:48.435909+07:00,partial,current,11.80726515,STA2285,AWS Batur Dieng,-7.20399,109.91158,2078.0,Kab. Banjarnegara,18.44,12.81,,0.0,True,0.527,276.4,0.0,797.497,,1.0600000000000025,0.0,,-0.15,-0.4175999999999931,6,10.0,10.0,12.81,,0.5391666666666667,1.033,,,,,,,
2026-09-17T14:40:00+07:00,2026-09-17T14:46:24.999928+07:00,partial,current,6.416665466666667,STA2285,AWS Batur Dieng,-7.20399,109.91158,2078.0,Kab. Banjarnegara,17.9,12.81,,0.0,True,1.143,277.8,0.0,797.313,,0.2299999999999968,0.0,,0.559,-0.4423000000000456,6,10.0,10.0,12.81,,0.8656666666666667,1.486,,,,,,,
2026-09-17T14:50:00+07:00,2026-09-17T15:01:58.587702+07:00,partial,current,11.9764617,STA2285,AWS Batur Dieng,-7.20399,109.91158,2078.0,Kab. Banjarnegara,17.96,12.81,,0.0,True,1.289,270.0,0.0,797.389,,0.490000000000002,0.0,,1.0099999999999998,-0.3605999999999767,6,10.0,10.0,12.81,,1.034,1.486,,,,,,,
2026-09-17T15:10:00+07:00,2026-09-17T15:16:39.024001+07:00,valid,current,6.650400016666667,STA2285,AWS Batur Dieng,-7.20399,109.91158,2078.0,Kab. Banjarnegara,18.77,12.81,97.0,97.0,False,1.046,261.8,0.0,797.3139,18.28350719016992,1.0599999999999987,0.0,,0.32,-0.3900999999999612,6,10.0,10.0,12.81,58.38,0.9665,1.486,,,,,,,
2026-09-17T15:20:00+07:00,2026-09-17T15:31:40.851512+07:00,valid,current,11.680858533333332,STA2285,AWS Batur Dieng,-7.20399,109.91158,2078.0,Kab. Banjarnegara,17.86,12.81,97.0,97.0,False,0.938,270.9,0.0,797.2706,17.376880098818695,-0.5800000000000018,0.0,,0.4109999999999999,-0.2264000000000123,6,10.0,10.0,12.81,71.25333333333333,1.035,1.486,,,,,,,
2026-09-17T15:40:00+07:00,2026-09-17T15:46:41.181279+07:00,valid,current,6.68635465,STA2285,AWS Batur Dieng,-7.20399,109.91158,2078.0,Kab. Banjarnegara,18.27,17.12,97.0,97.0,False,0.733,279.7,0.0,797.4627,17.785361886275183,0.370000000000001,4.3100000000000005,,-0.41,0.1497000000000525,5,10.0,20.0,12.81,77.69,0.8627999999999998,1.289,,,,,,,
2026-09-17T16:10:00+07:00,2026-09-17T16:16:45.294549+07:00,partial,current,6.7549091500000005,STA2285,AWS Batur Dieng,-7.20399,109.91158,2078.0,Kab. Banjarnegara,18.41,17.12,,0.0,True,0.335,271.2,0.0,797.6087,,-0.3599999999999994,4.3100000000000005,,-0.7110000000000001,0.2948000000000093,6,10.0,10.0,12.81,88.52,0.6678,0.938,,,,,,,
2026-09-17T16:20:00+07:00,2026-09-17T16:31:37.549730+07:00,valid,current,11.625828833333332,STA2285,AWS Batur Dieng,-7.20399,109.91158,2078.0,Kab. Banjarnegara,18.71,17.12,19.79,19.79,False,0.724,248.9,0.0,797.601,-4.866853977685283,0.8500000000000014,4.3100000000000005,-77.21000000000001,-0.2139999999999999,0.3304000000000542,6,10.0,10.0,17.12,69.2175,0.625,0.818,,,,,,,
2026-09-17T16:30:00+07:00,2026-09-17T16:41:51.753880+07:00,valid,current,11.862564666666666,STA2285,AWS Batur Dieng,-7.20399,109.91158,2078.0,Kab. Banjarnegara,17.88,17.12,96.9,96.9,False,0.449,198.4,0.0,797.6382,17.380474716868246,,,,,,6,10.0,10.0,17.12,74.75399999999999,0.5956666666666667,0.818,,,,,,,
2026-09-17T16:40:00+07:00,2026-09-17T16:46:36.161847+07:00,valid,current,6.60269745,STA2285,AWS Batur Dieng,-7.20399,109.91158,2078.0,Kab. Banjarnegara,17.78,17.12,97.0,97.0,False,0.459,186.0,0.0,797.7738,17.297176058219765,-0.4899999999999984,0.0,0.0,-0.2739999999999999,0.3111000000000103,6,10.0,10.0,17.12,74.75399999999999,0.5499999999999999,0.818,,,,,,,
2026-09-17T16:50:00+07:00,2026-09-17T17:01:29.999660+07:00,valid,current,11.499994333333332,STA2285,AWS Batur Dieng,-7.20399,109.91158,2078.0,Kab. Banjarnegara,16.54,16.1,97.0,97.0,False,0.948,207.2,0.0,797.9074,16.061751854581143,-1.3800000000000026,-1.0199999999999996,0.0,0.4329999999999999,0.4448000000001002,6,10.0,10.0,16.1,74.75399999999999,0.6221666666666666,0.948,,,,,,,
2026-09-17T17:10:00+07:00,2026-09-17T17:16:40.516792+07:00,valid,current,6.675279866666667,STA2285,AWS Batur Dieng,-7.20399,109.91158,2078.0,Kab. Banjarnegara,15.93,15.54,33.97,33.97,False,0.076,182.6,0.0,797.8999,0.0616926641195504,-2.4800000000000004,-1.5800000000000018,,-0.259,0.2912000000000034,6,10.0,10.0,15.54,73.61,0.5616666666666666,0.948,,,,,,,
2026-09-17T17:20:00+07:00,2026-09-17T17:31:42.753238+07:00,partial,current,11.712553966666666,STA2285,AWS Batur Dieng,-7.20399,109.91158,2078.0,Kab. Banjarnegara,15.46,15.29,,0.0,True,0.344,180.3,0.0,797.8961,,-3.25,-1.8300000000000016,,-0.38,0.2951000000000476,6,10.0,10.0,15.29,84.374,0.4983333333333333,0.948,,,,,,,
2026-09-17T17:40:00+07:00,2026-09-17T17:46:35.659768+07:00,valid,current,6.594329466666666,STA2285,AWS Batur Dieng,-7.20399,109.91158,2078.0,Kab. Banjarnegara,14.71,14.54,97.0,97.0,False,0.0,161.9,0.0,798.0905,14.238465116037489,-3.0700000000000003,-2.580000000000002,0.0,-0.459,0.3166999999999689,6,10.0,10.0,14.54,67.652,0.347,0.948,,,,,,,
2026-09-17T17:50:00+07:00,2026-09-17T18:01:46.479083+07:00,valid,current,11.774651383333332,STA2285,AWS Batur Dieng,-7.20399,109.91158,2078.0,Kab. Banjarnegara,14.44,14.2,97.0,97.0,False,0.0,202.7,0.0,798.2964,13.969451587606375,-2.1,-1.900000000000002,0.0,-0.948,0.3889999999998963,6,10.0,10.0,14.2,67.652,0.1889999999999999,0.714,,,,,,,
2026-09-17T18:10:00+07:00,2026-09-17T18:16:44.314662+07:00,valid,current,6.7385777,STA2285,AWS Batur Dieng,-7.20399,109.91158,2078.0,Kab. Banjarnegara,13.5,13.05,97.0,97.0,False,0.0,150.5,0.0,798.5119,13.03287792662912,-2.43,-2.4899999999999984,63.03,-0.076,0.6119999999999663,6,10.0,10.0,13.05,80.258,0.0573333333333333,0.344,,,,,,,
2026-09-17T18:20:00+07:00,2026-09-17T18:31:41.258861+07:00,valid,current,11.687647683333331,STA2285,AWS Batur Dieng,-7.20399,109.91158,2078.0,Kab. Banjarnegara,13.12,12.73,97.0,97.0,False,0.0,115.5,0.0,798.5998,12.65425949514449,-2.3400000000000016,-2.5599999999999987,,-0.344,0.7036999999999125,6,10.0,10.0,12.73,83.04833333333333,0.0,0.0,,,,,,,
2026-09-17T18:40:00+07:00,2026-09-17T18:46:36.035618+07:00,valid,current,6.600593633333333,STA2285,AWS Batur Dieng,-7.20399,109.91158,2078.0,Kab. Banjarnegara,12.15,11.89,97.0,97.0,False,0.0,236.3,0.0,798.9234,11.687776869775464,-2.5600000000000005,-2.6499999999999986,0.0,0.0,0.8328999999999951,6,10.0,10.0,11.89,97.0,0.0,0.0,,,,,,,
2026-09-17T18:50:00+07:00,2026-09-17T19:02:13.360064+07:00,valid,current,12.222667733333331,STA2285,AWS Batur Dieng,-7.20399,109.91158,2078.0,Kab. Banjarnegara,12.36,11.89,97.0,97.0,False,0.0,57.49,0.0,798.9504,11.8970165049997,-2.08,-2.3099999999999987,0.0,0.0,0.6539999999999964,6,10.0,10.0,11.89,97.0,0.0,0.0,,,,,,,
2026-09-17T19:10:00+07:00,2026-09-17T19:16:37.938545+07:00,valid,current,6.632309083333333,STA2285,AWS Batur Dieng,-7.20399,109.91158,2078.0,Kab. Banjarnegara,11.32,10.74,97.0,97.0,False,0.0,280.5,0.0,799.0924,10.86077601635042,-2.18,-2.3100000000000005,0.0,0.0,0.5805000000000291,6,10.0,10.0,10.74,97.0,0.0,0.0,,,,,,,
2026-09-17T19:40:00+07:00,2026-09-17T19:46:32.555573+07:00,valid,current,6.542592883333333,STA2285,AWS Batur Dieng,-7.20399,109.91158,2078.0,Kab. Banjarnegara,10.37,10.04,96.9,96.9,False,0.0,324.3,0.0,799.2546,9.898790362084728,-1.7800000000000011,-1.8500000000000008,-0.0999999999999943,0.0,0.3311999999999671,6,10.0,10.0,10.04,96.98333333333332,0.0,0.0,,,,,,,
2026-09-17T19:50:00+07:00,2026-09-17T20:01:39.115561+07:00,valid,current,11.651926016666666,STA2285,AWS Batur Dieng,-7.20399,109.91158,2078.0,Kab. Banjarnegara,10.14,9.76,97.0,97.0,False,0.0,199.0,0.0,799.287,9.685023089293797,-2.219999999999999,-2.130000000000001,0.0,0.0,0.3366000000000895,6,10.0,10.0,9.76,96.98333333333332,0.0,0.0,,,,,,,
2026-09-17T20:10:00+07:00,2026-09-17T20:16:42.813103+07:00,valid,current,6.713551716666667,STA2285,AWS Batur Dieng,-7.20399,109.91158,2078.0,Kab. Banjarnegara,9.61,9.34,96.9,96.9,False,0.0,220.8,0.0,799.4193,9.14160991414363,-1.7100000000000009,-1.4000000000000004,-0.0999999999999943,0.0,0.3269000000000233,6,10.0,10.0,9.34,96.96666666666664,0.0,0.0,,,,,,,
2026-09-17T20:20:00+07:00,2026-09-17T20:31:44.541801+07:00,valid,current,11.74236335,STA2285,AWS Batur Dieng,-7.20399,109.91158,2078.0,Kab. Banjarnegara,9.75,9.28,97.0,97.0,False,0.0,213.3,0.0,799.538,9.296422452473031,-0.7200000000000006,-1.0099999999999998,0.0,0.0,0.3777999999999792,6,10.0,10.0,9.28,96.96666666666664,0.0,0.0,,,,,,,
2026-09-17T20:40:00+07:00,2026-09-17T20:46:38.337046+07:00,valid,current,6.6389507666666665,STA2285,AWS Batur Dieng,-7.20399,109.91158,2078.0,Kab. Banjarnegara,9.69,9.28,97.0,97.0,False,0.0,143.9,0.0,799.566,9.236637548159417,-0.6799999999999997,-0.7599999999999998,0.0999999999999943,0.0,0.3114000000000487,6,10.0,10.0,9.28,96.98333333333332,0.0,0.0,,,,,,,
2026-09-17T20:50:00+07:00,2026-09-17T21:01:56.095959+07:00,valid,current,11.93493265,STA2285,AWS Batur Dieng,-7.20399,109.91158,2078.0,Kab. Banjarnegara,9.69,9.28,97.0,97.0,False,0.0,97.2,0.0,799.5661,9.236637548159417,-0.450000000000001,-0.4800000000000004,0.0,0.0,0.2790999999999712,6,10.0,10.0,9.28,96.98333333333332,0.0,0.0,,,,,,,
2026-09-17T21:10:00+07:00,2026-09-17T21:16:31.274216+07:00,valid,current,6.521236933333333,STA2285,AWS Batur Dieng,-7.20399,109.91158,2078.0,Kab. Banjarnegara,9.12,8.75,97.0,97.0,False,0.0,121.2,0.0,799.5647,8.668678417439212,-0.4900000000000002,-0.5899999999999999,0.0999999999999943,0.0,0.1453999999999951,6,10.0,10.0,8.75,96.98333333333332,0.0,0.0,,,,,,,
2026-09-17T21:20:00+07:00,2026-09-17T21:32:14.822561+07:00,valid,current,12.247042683333332,STA2285,AWS Batur Dieng,-7.20399,109.91158,2078.0,Kab. Banjarnegara,9.09,8.75,97.0,97.0,False,0.0,111.5,0.0,799.5653,8.638785704305931,-0.6600000000000001,-0.5299999999999994,0.0,0.0,0.0272999999999683,6,10.0,10.0,8.75,96.98333333333332,0.0,0.0,,,,,,,
2026-09-17T21:40:00+07:00,2026-09-17T21:46:43.418321+07:00,valid,current,6.723638683333333,STA2285,AWS Batur Dieng,-7.20399,109.91158,2078.0,Kab. Banjarnegara,8.89,8.32,97.0,97.0,False,0.0,109.0,0.0,799.5634,8.439500624744904,-0.7999999999999989,-0.9599999999999992,0.0,0.0,-0.0026000000000294,6,10.0,10.0,8.32,96.98333333333332,0.0,0.0,,,,,,,
2026-09-17T21:50:00+07:00,2026-09-17T22:01:39.053644+07:00,valid,current,11.650894066666666,STA2285,AWS Batur Dieng,-7.20399,109.91158,2078.0,Kab. Banjarnegara,8.76,8.32,97.0,97.0,False,0.0,104.4,0.0,799.5408,8.309965019615339,-0.9299999999999996,-0.9599999999999992,0.0,0.0,-0.0253000000000156,6,10.0,10.0,8.32,96.98333333333332,0.0,0.0,,,,,,,
2026-09-17T22:10:00+07:00,2026-09-17T22:16:42.872312+07:00,valid,current,6.714538533333334,STA2285,AWS Batur Dieng,-7.20399,109.91158,2078.0,Kab. Banjarnegara,8.74,8.5,97.0,97.0,False,0.0,59.13,0.0,799.7221,8.290036443762142,-0.379999999999999,-0.25,0.0,0.0,0.1573999999999387,6,10.0,10.0,8.32,97.0,0.0,0.0,,,,,,,
2026-09-17T22:20:00+07:00,2026-09-17T22:31:45.870487+07:00,valid,current,11.764508116666669,STA2285,AWS Batur Dieng,-7.20399,109.91158,2078.0,Kab. Banjarnegara,8.37,8.05,97.0,97.0,False,0.0,59.46,0.0,799.7223,7.921356769894338,-0.7200000000000006,-0.6999999999999993,0.0,0.0,0.1570000000000391,6,10.0,10.0,8.05,97.0,0.0,0.0,,,,,,,
2026-09-17T22:40:00+07:00,2026-09-17T22:46:40.528836+07:00,valid,current,6.6754806,STA2285,AWS Batur Dieng,-7.20399,109.91158,2078.0,Kab. Banjarnegara,8.35,7.929,97.0,97.0,False,0.0,66.99,0.0,799.667,7.901428083707611,-0.5400000000000009,-0.391,0.0,0.0,0.1036000000000285,6,10.0,10.0,7.929,97.0,0.0,0.0,,,,,,,
2026-09-17T23:10:00+07:00,2026-09-17T23:16:35.291321+07:00,valid,current,6.588188683333333,STA2285,AWS Batur Dieng,-7.20399,109.91158,2078.0,Kab. Banjarnegara,8.47,7.808,97.0,97.0,False,0.0,168.3,0.0,799.5617,8.021000115955742,-0.2699999999999996,-0.6920000000000002,0.0,0.0,-0.1603999999999814,6,10.0,10.0,7.808,97.0,0.0,0.0,,,,,,,
2026-09-17T23:20:00+07:00,2026-09-17T23:31:37.009758+07:00,valid,current,11.6168293,STA2285,AWS Batur Dieng,-7.20399,109.91158,2078.0,Kab. Banjarnegara,8.47,7.67,97.0,97.0,False,0.0,154.8,0.0,799.4202,8.021000115955742,0.1000000000000014,-0.3800000000000008,0.0,0.0,-0.3020999999999958,6,10.0,10.0,7.67,97.0,0.0,0.0,,,,,,,
2026-09-17T23:40:00+07:00,2026-09-17T23:46:36.267916+07:00,valid,current,6.604465266666667,STA2285,AWS Batur Dieng,-7.20399,109.91158,2078.0,Kab. Banjarnegara,7.979,7.501,97.0,97.0,False,0.0,144.5,0.0,799.1811,7.531749928969312,-0.3709999999999995,-0.4279999999999999,0.0,0.0,-0.4859000000000151,6,10.0,10.0,7.501,97.0,0.0,0.0,,,,,,,
2026-09-17T23:50:00+07:00,2026-09-18T00:01:39.195137+07:00,valid,current,11.653252283333334,STA2285,AWS Batur Dieng,-7.20399,109.91158,2078.0,Kab. Banjarnegara,8.15,7.501,97.0,97.0,False,0.0,108.5,0.0,798.9947,7.702140910641438,-0.1799999999999997,-0.4279999999999999,0.0,0.0,-0.5685000000000855,6,10.0,10.0,7.501,97.0,0.0,0.0,,,,,,,
2026-09-18T00:10:00+07:00,2026-09-18T00:16:41.720189+07:00,valid,current,6.6953364833333335,STA2285,AWS Batur Dieng,-7.20399,109.91158,2078.0,Kab. Banjarnegara,8.55,7.501,92.4,92.4,False,0.0,161.3,0.0,798.841,7.387393143323683,0.08,-0.3069999999999995,-4.599999999999994,0.0,-0.7206999999999653,6,10.0,10.0,7.501,96.23333333333332,0.0,0.0,,,,,,,
2026-09-18T00:20:00+07:00,2026-09-18T00:31:36.680351+07:00,valid,current,11.611339183333332,STA2285,AWS Batur Dieng,-7.20399,109.91158,2078.0,Kab. Banjarnegara,8.72,7.501,12.51,12.51,False,0.0,159.0,0.0,798.7298,-18.688681440592912,0.25,-0.1689999999999996,-84.49,0.0,-0.6904000000000678,6,10.0,10.0,7.501,82.15166666666666,0.0,0.0,,,,,,,
2026-09-18T00:40:00+07:00,2026-09-18T00:46:36.152593+07:00,partial,current,6.602543216666667,STA2285,AWS Batur Dieng,-7.20399,109.91158,2078.0,Kab. Banjarnegara,8.21,7.501,,0.0,True,0.0,132.4,0.0,798.4938,,0.2310000000000007,0.0,,0.0,-0.6873000000000502,6,10.0,10.0,7.501,74.72749999999999,0.0,0.0,,,,,,,
2026-09-18T00:50:00+07:00,2026-09-18T01:01:34.570234+07:00,partial,current,11.576170566666669,STA2285,AWS Batur Dieng,-7.20399,109.91158,2078.0,Kab. Banjarnegara,8.3,7.501,,0.0,True,0.0,69.44,0.0,798.4945,,0.1500000000000003,0.0,,0.0,-0.5001999999999498,6,10.0,10.0,7.501,67.30333333333333,0.0,0.0,,,,,,,
2026-09-18T01:10:00+07:00,2026-09-18T01:16:46.008435+07:00,partial,current,6.76680725,STA2285,AWS Batur Dieng,-7.20399,109.91158,2078.0,Kab. Banjarnegara,7.714,7.329,,0.0,True,0.0,104.6,0.0,798.2965,,-0.8360000000000003,-0.1720000000000006,,0.0,-0.5444999999999709,6,10.0,10.0,7.329,12.51,0.0,0.0,,,,,,,
2026-09-18T01:20:00+07:00,2026-09-18T01:33:02.293934+07:00,partial,current,13.038232233333334,STA2285,AWS Batur Dieng,-7.20399,109.91158,2078.0,Kab. Banjarnegara,8.0,7.329,,0.0,True,0.0,190.1,0.0,798.1344,,-0.7200000000000006,-0.1720000000000006,,0.0,-0.5953999999999269,6,10.0,10.0,7.329,,0.0,0.0,,,,,,,
2026-09-18T01:40:00+07:00,2026-09-18T01:46:48.240224+07:00,partial,current,6.804003733333333,STA2285,AWS Batur Dieng,-7.20399,109.91158,2078.0,Kab. Banjarnegara,8.33,7.329,,0.0,True,0.0,119.1,0.0,797.9283,,0.1199999999999992,-0.1720000000000006,,0.0,-0.5654999999999291,6,10.0,10.0,7.329,,0.0,0.0,,,,,,,
2026-09-18T01:50:00+07:00,2026-09-18T02:01:39.854164+07:00,partial,current,11.664236066666666,STA2285,AWS Batur Dieng,-7.20399,109.91158,2078.0,Kab. Banjarnegara,8.2,7.329,,0.0,True,0.0,136.5,0.0,797.8688,,-0.1000000000000014,-0.1720000000000006,,0.0,-0.6257000000000517,6,10.0,10.0,7.329,,0.0,0.0,,,,,,,
2026-09-18T02:10:00+07:00,2026-09-18T02:16:34.808625+07:00,partial,current,6.58014375,STA2285,AWS Batur Dieng,-7.20399,109.91158,2078.0,Kab. Banjarnegara,9.27,7.329,,0.0,True,0.0,92.4,0.0,797.8686,,1.5559999999999992,0.0,,0.0,-0.4279000000000224,6,10.0,10.0,7.329,,0.0,0.0,,,,,,,
2026-09-18T02:20:00+07:00,2026-09-18T02:31:29.886209+07:00,partial,current,11.498103483333333,STA2285,AWS Batur Dieng,-7.20399,109.91158,2078.0,Kab. Banjarnegara,10.43,7.329,,0.0,True,0.0,158.9,0.0,797.8695,,2.43,0.0,,0.0,-0.2649000000000114,6,10.0,10.0,7.329,,0.0,0.0,,,,,,,
2026-09-18T02:40:00+07:00,2026-09-18T02:46:33.991689+07:00,partial,current,6.56652815,STA2285,AWS Batur Dieng,-7.20399,109.91158,2078.0,Kab. Banjarnegara,11.55,7.329,,0.0,True,0.0,168.8,0.0,797.8711,,3.2200000000000006,0.0,,0.0,-0.0572000000000798,6,10.0,10.0,7.329,,0.0,0.0,,,,,,,
2026-09-18T02:50:00+07:00,2026-09-18T03:01:52.632549+07:00,partial,current,11.87720915,STA2285,AWS Batur Dieng,-7.20399,109.91158,2078.0,Kab. Banjarnegara,11.71,7.329,,0.0,True,0.0,220.4,0.0,797.8722,,3.5100000000000016,0.0,,0.0,0.003400000000056,6,10.0,10.0,7.329,,0.0,0.0,,,,,,,
2026-09-18T03:10:00+07:00,2026-09-18T03:16:41.938967+07:00,partial,current,6.698982783333333,STA2285,AWS Batur Dieng,-7.20399,109.91158,2078.0,Kab. Banjarnegara,12.04,7.329,,0.0,True,0.0,121.0,0.0,797.8096,,2.77,0.0,,0.0,-0.058999999999969,6,10.0,10.0,7.329,,0.0,0.0,,,,,,,
2026-09-18T03:20:00+07:00,2026-09-18T03:31:40.273498+07:00,partial,current,11.671224966666667,STA2285,AWS Batur Dieng,-7.20399,109.91158,2078.0,Kab. Banjarnegara,12.56,7.329,,0.0,True,0.0,79.15,0.0,797.8722,,2.130000000000001,0.0,,0.0,0.0027000000000043,6,10.0,10.0,7.329,,0.0,0.0,,,,,,,
2026-09-18T03:40:00+07:00,2026-09-18T03:46:29.379947+07:00,partial,current,6.489665783333334,STA2285,AWS Batur Dieng,-7.20399,109.91158,2078.0,Kab. Banjarnegara,12.24,7.329,,0.0,True,0.0,123.0,0.0,797.8749,,0.6899999999999995,0.0,,0.0,0.0038000000000693,6,10.0,10.0,7.329,,0.0,0.0,,,,,,,
2026-09-18T03:50:00+07:00,2026-09-18T04:01:40.924193+07:00,valid,current,11.682069883333332,STA2285,AWS Batur Dieng,-7.20399,109.91158,2078.0,Kab. Banjarnegara,11.91,7.329,77.64,77.64,False,0.0,96.6,0.0,797.8744,8.12661430626123,0.1999999999999993,0.0,,0.0,0.0022000000000161,6,10.0,10.0,7.329,77.64,0.0,0.0,,,,,,,
2026-09-18T04:10:00+07:00,2026-09-18T04:16:33.027866+07:00,valid,current,6.5504644333333335,STA2285,AWS Batur Dieng,-7.20399,109.91158,2078.0,Kab. Banjarnegara,10.8,7.329,96.9,96.9,False,0.0,188.3,0.0,797.8742,10.327191348391878,-1.2399999999999984,0.0,,0.0,0.0645999999999276,6,10.0,10.0,7.329,90.51333333333332,0.0,0.0,,,,,,,
2026-09-18T04:20:00+07:00,2026-09-18T04:31:48.052101+07:00,valid,current,11.80086835,STA2285,AWS Batur Dieng,-7.20399,109.91158,2078.0,Kab. Banjarnegara,10.39,7.329,63.08,63.08,False,0.0,184.4,0.0,797.8731,3.664734260550605,-2.17,0.0,,0.0,0.0009000000000014,6,10.0,10.0,7.329,83.65499999999999,0.0,0.0,,,,,,,
2026-09-18T04:30:00+07:00,2026-09-18T04:43:04.039830+07:00,partial,current,13.0673305,STA2285,AWS Batur Dieng,-7.20399,109.91158,2078.0,Kab. Banjarnegara,10.02,7.329,,0.0,True,0.0,252.3,0.0,797.873,,-2.370000000000001,0.0,,0.0,0.0872000000000525,6,10.0,10.0,7.329,83.65499999999999,0.0,0.0,,,,,,,
2026-09-18T04:40:00+07:00,2026-09-18T04:46:44.834447+07:00,partial,current,6.747240783333334,STA2285,AWS Batur Dieng,-7.20399,109.91158,2078.0,Kab. Banjarnegara,9.83,7.329,,0.0,True,0.0,245.2,0.2,797.9774,,-2.41,0.0,,0.0,0.1024999999999636,6,10.0,10.0,7.329,83.65499999999999,0.0,0.0,,,,,,,
2026-09-18T04:50:00+07:00,2026-09-18T05:01:40.791198+07:00,partial,current,11.6798533,STA2285,AWS Batur Dieng,-7.20399,109.91158,2078.0,Kab. Banjarnegara,9.28,7.329,,0.0,True,0.0,267.7,0.2,798.0211,,-2.630000000000001,0.0,,0.0,0.1467000000000098,6,10.0,10.0,7.329,85.66000000000001,0.0,0.0,,,,,,,
2026-09-18T05:10:00+07:00,2026-09-18T05:16:56.409569+07:00,partial,current,6.940159483333333,STA2285,AWS Batur Dieng,-7.20399,109.91158,2078.0,Kab. Banjarnegara,8.78,7.329,,0.0,True,0.0,135.7,0.2,798.2166,,-2.0200000000000014,0.0,,0.0,0.3423999999999978,6,10.0,10.0,7.329,63.08,0.0,0.0,,,,,,,
2026-09-18T05:20:00+07:00,2026-09-18T05:31:31.967232+07:00,partial,current,11.5327872,STA2285,AWS Batur Dieng,-7.20399,109.91158,2078.0,Kab. Banjarnegara,9.07,7.329,,0.0,True,0.0,118.7,0.2,798.3436,,-1.3200000000000005,0.0,,0.0,0.4705000000000154,6,10.0,10.0,7.329,,0.0,0.0,,,,,,,
2026-09-18T05:40:00+07:00,2026-09-18T05:46:56.967344+07:00,valid,current,6.949455733333334,STA2285,AWS Batur Dieng,-7.20399,109.91158,2078.0,Kab. Banjarnegara,9.95,7.329,97.0,97.0,False,0.0,201.7,0.2,798.4924,9.49570509908304,0.1199999999999992,0.0,,0.0,0.5149999999999864,6,10.0,10.0,7.329,97.0,0.0,0.0,,,,,,,
2026-09-18T05:50:00+07:00,2026-09-18T06:01:44.118212+07:00,valid,current,11.735303533333331,STA2285,AWS Batur Dieng,-7.20399,109.91158,2078.0,Kab. Banjarnegara,10.12,7.329,97.0,97.0,False,0.0,178.0,0.2,798.5966,9.6650949038442,0.8399999999999999,0.0,,0.0,0.57549999999992,6,10.0,10.0,7.329,97.0,0.0,0.0,,,,,,,
2026-09-18T06:10:00+07:00,2026-09-18T06:16:40.297039+07:00,valid,current,6.671617316666667,STA2285,AWS Batur Dieng,-7.20399,109.91158,2078.0,Kab. Banjarnegara,10.51,7.329,97.0,97.0,False,0.0,180.2,0.2,798.7396,10.05369349956308,1.7300000000000004,0.0,,0.0,0.5230000000000246,6,10.0,10.0,7.329,97.0,0.0,0.0,,,,,,,
2026-09-18T06:20:00+07:00,2026-09-18T06:31:40.682751+07:00,valid,current,11.67804585,STA2285,AWS Batur Dieng,-7.20399,109.91158,2078.0,Kab. Banjarnegara,10.53,7.329,97.0,97.0,False,0.0,308.9,0.2,798.8772,10.0736215746833,1.459999999999999,0.0,,0.0,0.5335999999999785,6,10.0,10.0,7.329,97.0,0.0,0.0,,,,,,,
2026-09-18T06:40:00+07:00,2026-09-18T06:46:47.099085+07:00,valid,current,6.7849847500000005,STA2285,AWS Batur Dieng,-7.20399,109.91158,2078.0,Kab. Banjarnegara,12.42,7.329,97.0,97.0,False,0.0,194.7,0.2,798.9633,11.956799143352944,2.4700000000000006,0.0,0.0,0.0,0.4709000000000287,6,10.0,10.0,7.329,97.0,0.0,0.0,,,,,,,
2026-09-18T06:50:00+07:00,2026-09-18T07:01:32.996335+07:00,partial,current,11.549938916666669,STA2285,AWS Batur Dieng,-7.20399,109.91158,,Kab. Banjarnegara,,,,,False,,,,,,,,,,,6,10.0,10.0,7.329,97.0,0.0,0.0,9.0,9.0,9.0,9.0,9.0,9.0,9.0
2026-09-18T07:10:00+07:00,2026-09-18T07:16:43.043062+07:00,partial,current,6.717384366666667,STA2285,AWS Batur Dieng,-7.20399,109.91158,2078.0,Kab. Banjarnegara,15.83,15.15,,0.0,True,0.0,42.13,0.0,799.1991,,5.32,7.821000000000001,,0.0,0.4595000000000482,6,10.0,10.0,7.329,89.652,0.0,0.0,,,,,,,
2026-09-18T07:20:00+07:00,2026-09-18T07:31:29.019872+07:00,partial,current,11.483664533333332,STA2285,AWS Batur Dieng,-7.20399,109.91158,2078.0,Kab. Banjarnegara,16.28,15.15,,0.0,True,0.0,280.9,0.0,799.2515,,5.750000000000002,7.821000000000001,,0.0,0.3742999999999483,6,10.0,10.0,7.329,87.815,0.0,0.0,,,,,,,
2026-09-18T07:40:00+07:00,2026-09-18T07:46:30.187035+07:00,valid,current,6.50311725,STA2285,AWS Batur Dieng,-7.20399,109.91158,2078.0,Kab. Banjarnegara,17.22,15.15,97.0,97.0,False,0.0,191.9,0.0,799.3022,16.73924523967432,4.799999999999999,7.821000000000001,0.0,0.0,0.3388999999999669,6,10.0,10.0,7.329,84.75333333333333,0.0,0.0,,,,,,,
2026-09-18T07:50:00+07:00,2026-09-18T08:01:34.203645+07:00,valid,current,11.57006075,STA2285,AWS Batur Dieng,-7.20399,109.91158,2078.0,Kab. Banjarnegara,18.0,15.15,97.0,97.0,False,0.0,187.6,0.0,799.3704,17.516361952072074,4.550000000000001,7.821000000000001,3.0,0.0,0.4042000000000598,6,10.0,10.0,7.329,85.75333333333333,0.0,0.0,,,,,,,
2026-09-18T08:10:00+07:00,2026-09-18T08:16:41.401031+07:00,valid,current,6.6900171833333335,STA2285,AWS Batur Dieng,-7.20399,109.91158,2078.0,Kab. Banjarnegara,18.56,15.15,97.0,97.0,False,0.0,193.4,0.0,799.4696,18.07428659316776,2.729999999999998,0.0,,0.0,0.27049999999997,6,10.0,10.0,15.15,97.0,0.0,0.0,,,,,,,
2026-09-18T08:20:00+07:00,2026-09-18T08:38:15.234297+07:00,valid,current,18.25390495,STA2285,AWS Batur Dieng,-7.20399,109.91158,2078.0,Kab. Banjarnegara,17.86,15.15,97.0,97.0,False,0.556,290.6,0.0,799.5602,17.376880098818695,1.5799999999999983,0.0,,0.556,0.3087000000000444,6,10.0,10.0,15.15,97.0,0.0926666666666666,0.556,,,,,,,
2026-09-18T08:40:00+07:00,2026-09-18T08:46:30.124381+07:00,valid,current,6.502073016666667,STA2285,AWS Batur Dieng,-7.20399,109.91158,2078.0,Kab. Banjarnegara,17.98,17.5,97.0,97.0,False,2.304,258.6,0.0,799.6231,17.496435990006876,0.7600000000000016,2.35,0.0,2.304,0.3209000000000515,5,10.0,20.0,15.15,97.0,0.572,2.304,,,,,,,
2026-09-18T08:50:00+07:00,2026-09-18T09:01:50.402253+07:00,valid,current,11.84003755,STA2285,AWS Batur Dieng,-7.20399,109.91158,2078.0,Kab. Banjarnegara,18.01,17.5,96.9,96.9,False,1.575,276.4,0.0,799.6227,17.509977305854786,0.0100000000000015,2.35,-0.0999999999999943,1.575,0.2522999999999911,6,10.0,10.0,15.15,96.98,0.8869999999999999,2.304,,,,,,,
2026-09-18T09:10:00+07:00,2026-09-18T09:16:41.546146+07:00,valid,current,6.692435766666667,STA2285,AWS Batur Dieng,-7.20399,109.91158,2078.0,Kab. Banjarnegara,18.62,17.5,96.9,96.9,False,1.411,282.9,0.0,799.6254,18.11764000091443,0.0600000000000022,2.35,-0.0999999999999943,1.411,0.1557999999999992,6,10.0,10.0,15.15,96.96,1.3709999999999998,2.304,,,,,,,
2026-09-18T09:20:00+07:00,2026-09-18T09:31:40.760994+07:00,valid,current,11.6793499,STA2285,AWS Batur Dieng,-7.20399,109.91158,2078.0,Kab. Banjarnegara,19.17,17.5,97.0,97.0,False,1.996,267.2,0.0,799.6242,18.68202088767921,1.3100000000000025,2.35,0.0,1.44,0.0639999999999645,6,10.0,10.0,17.5,96.96,1.659,2.304,,,,,,,
2026-09-18T09:40:00+07:00,2026-09-18T09:46:36.784936+07:00,valid,current,6.613082266666667,STA2285,AWS Batur Dieng,-7.20399,109.91158,2078.0,Kab. Banjarnegara,19.31,17.5,43.51,43.51,False,1.519,266.1,0.0,799.5834,6.587190330924212,1.3299999999999983,0.0,-53.49,-0.7849999999999999,-0.0397000000000389,6,10.0,10.0,17.5,88.03500000000001,1.5001666666666666,1.996,,,,,,,
2026-09-18T09:50:00+07:00,2026-09-18T10:01:40.391710+07:00,partial,current,11.673195166666666,STA2285,AWS Batur Dieng,-7.20399,109.91158,2078.0,Kab. Banjarnegara,18.75,17.5,,0.0,True,1.155,268.6,0.0,799.5126,,0.7399999999999984,0.0,,-0.4199999999999999,-0.1100999999999885,6,10.0,10.0,17.5,86.26199999999999,1.4301666666666666,1.996,,,,,,,
2026-09-18T10:10:00+07:00,2026-09-18T10:16:40.935382+07:00,valid,current,6.682256366666667,STA2285,AWS Batur Dieng,-7.20399,109.91158,2078.0,Kab. Banjarnegara,19.56,18.14,97.0,97.0,False,1.761,299.0,0.0,799.2997,19.070569564155853,0.9399999999999976,0.6400000000000006,0.0999999999999943,0.3499999999999998,-0.3256999999999834,6,10.0,10.0,17.5,71.138,1.5923333333333334,1.996,,,,,,,
2026-09-18T10:20:00+07:00,2026-09-18T10:31:36.381236+07:00,valid,current,11.606353933333333,STA2285,AWS Batur Dieng,-7.20399,109.91158,2078.0,Kab. Banjarnegara,19.28,18.14,97.0,97.0,False,1.472,277.4,0.0,799.2298,18.791611757806773,0.1099999999999994,0.6400000000000006,0.0,-0.524,-0.3944000000000187,6,10.0,10.0,17.5,71.138,1.505,1.761,,,,,,,
2026-09-18T10:40:00+07:00,2026-09-18T10:46:29.798557+07:00,valid,current,6.496642616666667,STA2285,AWS Batur Dieng,-7.20399,109.91158,2078.0,Kab. Banjarnegara,19.05,18.14,75.57,75.57,False,0.212,156.9,0.0,798.9618,14.633850365373904,-0.259999999999998,0.6400000000000006,32.059999999999995,-1.307,-0.621599999999944,6,10.0,10.0,17.5,77.55,1.0639999999999998,1.761,,,,,,,
2026-09-18T10:50:00+07:00,2026-09-18T11:01:38.751129+07:00,valid,current,11.64585215,STA2285,AWS Batur Dieng,-7.20399,109.91158,2078.0,Kab. Banjarnegara,18.66,17.97,93.8,93.8,False,0.0,145.8,0.0,798.9931,17.64065362545442,-0.0899999999999998,0.4699999999999988,,-1.155,-0.5194999999999936,6,10.0,10.0,17.97,80.25833333333334,0.8715,1.761,,,,,,,
2026-09-18T11:10:00+07:00,2026-09-18T11:16:35.712708+07:00,valid,current,6.5952118,STA2285,AWS Batur Dieng,-7.20399,109.91158,2078.0,Kab. Banjarnegara,20.08,17.97,95.2,95.2,False,0.926,226.9,0.0,798.7406,19.28737171734468,0.5199999999999996,-0.1700000000000017,-1.7999999999999972,-0.8349999999999999,-0.5591000000000577,6,10.0,10.0,17.97,92.57833333333332,0.5676666666666667,1.472,,,,,,,
2026-09-18T11:20:00+07:00,2026-09-18T11:31:42.380561+07:00,valid,current,11.706342683333332,STA2285,AWS Batur Dieng,-7.20399,109.91158,2078.0,Kab. Banjarnegara,19.74,17.97,12.0,12.0,False,1.361,245.4,0.0,798.5986,-10.50561699202606,0.4599999999999973,-0.1700000000000017,-85.0,-0.1109999999999999,-0.6311999999999216,6,10.0,10.0,17.97,78.41166666666666,0.5491666666666667,1.361,,,,,,,
2026-09-18T11:40:00+07:00,2026-09-18T11:46:37.154441+07:00,valid,current,6.6192406833333335,STA2285,AWS Batur Dieng,-7.20399,109.91158,2078.0,Kab. Banjarnegara,19.64,17.97,43.67,43.67,False,0.712,173.2,0.0,798.544,6.939476706276917,0.5899999999999999,-0.1700000000000017,-31.89999999999999,0.5,-0.4178000000000565,6,10.0,10.0,17.97,68.334,0.8508333333333332,1.462,,,,,,,
2026-09-18T11:50:00+07:00,2026-09-18T12:01:55.776514+07:00,valid,current,11.929608566666667,STA2285,AWS Batur Dieng,-7.20399,109.91158,2078.0,Kab. Banjarnegara,18.3,17.8,97.0,97.0,False,0.643,86.8,0.0,798.4808,17.81525070421241,-0.3599999999999994,-0.1699999999999981,3.200000000000003,0.643,-0.512299999999982,6,10.0,10.0,17.8,68.974,0.958,1.462,,,,,,,
2026-09-18T12:00:00+07:00,2026-09-18T12:16:30.034565+07:00,valid,current,16.500576083333335,STA2285,AWS Batur Dieng,-7.20399,109.91158,2078.0,Kab. Banjarnegara,17.83,17.21,97.0,97.0,False,1.282,144.7,0.0,798.3853,17.346991094200998,-1.110000000000003,-0.759999999999998,0.0,0.638,-0.511199999999917,6,10.0,10.0,17.21,68.974,1.0643333333333331,1.462,,,,,,,
2026-09-18T12:20:00+07:00,2026-09-18T12:31:37.633005+07:00,valid,current,11.62721675,STA2285,AWS Batur Dieng,-7.20399,109.91158,2078.0,Kab. Banjarnegara,16.87,16.52,97.0,97.0,False,1.68,127.8,0.0,798.2248,16.390536225859417,-2.869999999999997,-1.4499999999999993,85.0,0.3189999999999999,-0.3738000000000738,6,10.0,10.0,16.52,86.334,1.1083333333333334,1.68,,,,,,,
2026-09-18T12:40:00+07:00,2026-09-18T12:46:29.771919+07:00,valid,current,6.49619865,STA2285,AWS Batur Dieng,-7.20399,109.91158,2078.0,Kab. Banjarnegara,16.71,16.43,97.0,97.0,False,1.815,96.5,0.0,798.0138,16.23112581394631,-2.93,-1.5399999999999991,53.33,1.103,-0.5302000000000362,6,10.0,10.0,16.43,97.0,1.1384999999999998,1.815,,,,,,,
2026-09-18T12:50:00+07:00,2026-09-18T13:01:37.235559+07:00,valid,current,11.62059265,STA2285,AWS Batur Dieng,-7.20399,109.91158,2078.0,Kab. Banjarnegara,16.35,16.05,97.0,97.0,False,1.888,121.6,0.0,797.9058,15.872451063367452,-1.9499999999999995,-1.75,0.0,1.245,-0.5750000000000455,6,10.0,10.0,16.05,97.0,1.346,1.888,,,,,,,
2026-09-18T13:10:00+07:00,2026-09-18T13:16:25.810950+07:00,valid,current,6.4301825,STA2285,AWS Batur Dieng,-7.20399,109.91158,2078.0,Kab. Banjarnegara,16.58,16.04,97.0,97.0,False,0.568,105.4,0.0,797.9349,16.101604587673897,-0.5,-0.7800000000000011,0.0,-0.303,-0.4981000000000222,6,10.0,10.0,16.04,97.0,1.0913333333333333,1.888,,,,,,,
2026-09-18T13:20:00+07:00,2026-09-18T13:31:44.123676+07:00,valid,current,11.7353946,STA2285,AWS Batur Dieng,-7.20399,109.91158,2078.0,Kab. Banjarnegara,17.18,16.04,43.84,43.84,False,0.997,106.8,0.0,797.9124,4.76628318019631,0.3099999999999987,-0.4800000000000004,-53.16,-0.6829999999999999,-0.3123999999999114,6,10.0,10.0,16.04,88.14,0.9775,1.888,,,,,,,
2026-09-18T13:30:00+07:00,2026-09-18T13:39:04.713476+07:00,partial,current,9.078557933333334,STA2285,AWS Batur Dieng,-7.20399,109.91158,2078.0,Kab. Banjarnegara,16.83,16.04,,0.0,True,0.82,108.6,0.0,797.9108,,0.1799999999999997,-0.4000000000000021,,0.2799999999999999,-0.2670000000000527,6,10.0,10.0,16.04,86.36800000000001,1.024166666666667,1.888,,,,,,,
2026-09-18T13:40:00+07:00,2026-09-18T13:46:32.799719+07:00,valid,current,6.546661983333333,STA2285,AWS Batur Dieng,-7.20399,109.91158,2078.0,Kab. Banjarnegara,17.2,16.04,97.0,97.0,False,0.654,146.7,0.0,797.9026,16.71931905698455,0.4899999999999984,-0.3900000000000005,0.0,-1.161,-0.1111999999999397,6,10.0,10.0,16.04,86.36800000000001,0.8306666666666667,1.888,,,,,,,
2026-09-18T13:50:00+07:00,2026-09-18T14:01:37.624777+07:00,valid,current,11.627079616666666,STA2285,AWS Batur Dieng,-7.20399,109.91158,2078.0,Kab. Banjarnegara,17.28,16.04,97.0,97.0,False,0.174,142.2,0.0,797.839,16.799023753801123,0.9299999999999996,-0.0100000000000015,0.0,-1.714,-0.0667999999999438,6,10.0,10.0,16.04,86.36800000000001,0.5449999999999999,0.997,,,,,,,
2026-09-18T14:10:00+07:00,2026-09-18T14:16:34.051119+07:00,valid,current,6.56751865,STA2285,AWS Batur Dieng,-7.20399,109.91158,2078.0,Kab. Banjarnegara,17.24,16.04,97.0,97.0,False,1.323,105.8,0.0,797.6061,16.75917141670701,0.6600000000000001,0.0,0.0,0.755,-0.3288000000000011,6,10.0,10.0,16.04,86.36800000000001,0.7388333333333333,1.323,,,,,,,
2026-09-18T14:20:00+07:00,2026-09-18T14:31:34.144543+07:00,valid,current,11.569075716666667,STA2285,AWS Batur Dieng,-7.20399,109.91158,2078.0,Kab. Banjarnegara,17.1,16.04,96.9,96.9,False,0.433,157.0,0.0,797.589,16.60345399475375,-0.0799999999999983,0.0,53.06,-0.5640000000000001,-0.3233999999999923,6,10.0,10.0,16.04,96.98,0.6448333333333333,1.323,,,,,,,
2026-09-18T14:40:00+07:00,2026-09-18T14:46:37.095109+07:00,valid,current,6.618251816666667,STA2285,AWS Batur Dieng,-7.20399,109.91158,2078.0,Kab. Banjarnegara,18.15,17.88,97.0,97.0,False,2.274,133.9,0.0,797.4616,17.665806487244627,0.9499999999999992,1.84,0.0,1.62,-0.4410000000000309,6,10.0,10.0,16.04,96.98333333333332,0.8236666666666667,2.274,,,,,,,
2026-09-18T14:50:00+07:00,2026-09-18T15:01:40.945394+07:00,valid,current,11.682423233333331,STA2285,AWS Batur Dieng,-7.20399,109.91158,2078.0,Kab. Banjarnegara,17.72,17.53,97.0,97.0,False,0.563,154.9,0.0,797.484,17.237397968371884,0.4399999999999977,1.490000000000002,0.0,0.3889999999999999,-0.3550000000000182,6,10.0,10.0,16.04,96.98333333333332,0.8885000000000001,2.274,,,,,,,
2026-09-18T15:10:00+07:00,2026-09-18T15:16:31.038580+07:00,valid,current,6.517309666666667,STA2285,AWS Batur Dieng,-7.20399,109.91158,2078.0,Kab. Banjarnegara,18.9,17.53,97.0,97.0,False,1.614,82.2,0.0,797.4615,18.41302439005596,1.66,1.490000000000002,0.0,0.2910000000000001,-0.1445999999999685,6,10.0,10.0,16.04,96.98333333333332,0.8595,2.274,,,,,,,
2026-09-18T15:20:00+07:00,2026-09-18T15:31:50.446473+07:00,valid,current,11.84077455,STA2285,AWS Batur Dieng,-7.20399,109.91158,2078.0,Kab. Banjarnegara,17.21,16.88,97.0,97.0,False,1.893,107.1,0.0,797.5741,16.729282149036575,0.1099999999999994,0.8399999999999999,0.0999999999999943,1.46,-0.0149000000000114,6,10.0,10.0,16.04,97.0,1.102833333333333,2.274,,,,,,,
2026-09-18T15:40:00+07:00,2026-09-18T15:46:20.164158+07:00,valid,current,6.3360693,STA2285,AWS Batur Dieng,-7.20399,109.91158,2078.0,Kab. Banjarnegara,18.02,16.88,97.0,97.0,False,0.0,192.8,0.0,797.6693,17.536287908480286,-0.129999999999999,-1.0,0.0,-2.274,0.2077000000000453,6,10.0,10.0,16.88,97.0,0.6783333333333333,1.893,,,,,,,
2026-09-18T15:50:00+07:00,2026-09-18T16:01:22.729854+07:00,valid,current,11.3788309,STA2285,AWS Batur Dieng,-7.20399,109.91158,2078.0,Kab. Banjarnegara,18.6,16.88,97.0,97.0,False,0.345,106.3,0.0,797.6388,18.11413818353766,0.8800000000000026,-0.6500000000000021,0.0,-0.2179999999999999,0.1547999999999092,6,10.0,10.0,16.88,97.0,0.642,1.893,,,,,,,
2026-09-18T16:10:00+07:00,2026-09-18T16:16:20.154795+07:00,valid,current,6.33591325,STA2285,AWS Batur Dieng,-7.20399,109.91158,2078.0,Kab. Banjarnegara,18.5,16.88,96.9,96.9,False,0.155,232.5,0.0,797.7296,17.998100228392193,-0.3999999999999986,-0.6500000000000021,-0.0999999999999943,-1.459,0.268100000000004,6,10.0,10.0,16.88,96.98333333333332,0.3988333333333333,1.893,,,,,,,
2026-09-18T16:20:00+07:00,2026-09-18T16:31:15.306395+07:00,valid,current,11.255106583333331,STA2285,AWS Batur Dieng,-7.20399,109.91158,2078.0,Kab. Banjarnegara,17.45,16.88,97.0,97.0,False,0.811,250.7,0.0,797.9188,16.96839593400422,0.2399999999999984,0.0,0.0,-1.082,0.3446999999999889,6,10.0,10.0,16.88,96.98333333333332,0.2185,0.811,,,,,,,
2026-09-18T16:40:00+07:00,2026-09-18T16:46:11.844841+07:00,valid,current,6.1974140166666665,STA2285,AWS Batur Dieng,-7.20399,109.91158,2078.0,Kab. Banjarnegara,17.71,16.88,97.0,97.0,False,0.315,268.0,0.0,797.9177,17.22743494844734,-0.3099999999999987,0.0,0.0,0.315,0.2483999999999468,6,10.0,10.0,16.88,96.98333333333332,0.3603333333333333,0.811,,,,,,,
2026-09-18T16:50:00+07:00,2026-09-18T17:01:29.997666+07:00,valid,current,11.4999611,STA2285,AWS Batur Dieng,-7.20399,109.91158,2078.0,Kab. Banjarnegara,16.9,16.68,97.0,97.0,False,0.149,270.4,0.0,797.9122,16.420425637786046,-1.7000000000000028,-0.1999999999999993,0.0,-0.1959999999999999,0.2734000000000378,6,10.0,10.0,16.68,96.98333333333332,0.3276666666666667,0.811,,,,,,,
2026-09-18T17:10:00+07:00,2026-09-18T17:16:10.227170+07:00,valid,current,6.170452833333333,STA2285,AWS Batur Dieng,-7.20399,109.91158,2078.0,Kab. Banjarnegara,16.38,16.24,97.0,97.0,False,0.0,175.7,0.0,798.0526,15.902340695923227,-2.120000000000001,-0.6400000000000006,0.0999999999999943,-0.155,0.3229999999999791,6,10.0,10.0,16.24,97.0,0.3018333333333333,0.811,,,,,,,
2026-09-18T17:20:00+07:00,2026-09-18T17:31:14.642502+07:00,valid,current,11.2440417,STA2285,AWS Batur Dieng,-7.20399,109.91158,2078.0,Kab. Banjarnegara,16.11,15.95,69.72,69.72,False,0.0,176.3,0.0,798.1826,10.575907015419093,-1.34,-0.9299999999999996,-27.28,-0.811,0.2637999999999465,6,10.0,10.0,15.95,92.45333333333332,0.1666666666666666,0.536,,,,,,,
2026-09-18T17:40:00+07:00,2026-09-18T17:46:48.682508+07:00,partial,current,6.811375133333333,STA2285,AWS Batur Dieng,-7.20399,109.91158,2078.0,Kab. Banjarnegara,15.59,15.48,,0.877,True,0.0,239.7,0.0,798.3617,,-2.120000000000001,-1.3999999999999986,,-0.315,0.4440000000000736,6,10.0,10.0,15.48,90.18,0.0248333333333333,0.149,,,,,,,
2026-09-18T17:50:00+07:00,2026-09-18T18:01:21.621807+07:00,valid,current,11.36036345,STA2285,AWS Batur Dieng,-7.20399,109.91158,2078.0,Kab. Banjarnegara,15.39,15.25,82.4,82.4,False,0.0,277.0,0.0,798.3243,12.40662833904613,-1.509999999999998,-1.4299999999999995,-14.599999999999994,-0.149,0.4121000000000094,6,10.0,10.0,15.25,86.53,0.0,0.0,,,,,,,
2026-09-18T18:10:00+07:00,2026-09-18T18:16:22.363879+07:00,valid,current,6.372731316666667,STA2285,AWS Batur Dieng,-7.20399,109.91158,2078.0,Kab. Banjarnegara,14.44,14.23,97.0,97.0,False,0.0,145.4,0.0,798.5184,13.969451587606375,-1.9399999999999995,-2.009999999999998,0.0,0.0,0.4658000000000584,6,10.0,10.0,14.23,86.53,0.0,0.0,,,,,,,
2026-09-18T18:20:00+07:00,2026-09-18T18:31:35.700868+07:00,valid,current,11.595014466666669,STA2285,AWS Batur Dieng,-7.20399,109.91158,2078.0,Kab. Banjarnegara,14.27,14.12,97.0,97.0,False,0.0,147.8,0.0,798.5179,13.800072170366464,-1.84,-1.83,27.28,0.0,0.3353000000000747,6,10.0,10.0,14.12,93.35,0.0,0.0,,,,,,,
2026-09-18T18:40:00+07:00,2026-09-18T18:46:18.585023+07:00,valid,current,6.309750383333333,STA2285,AWS Batur Dieng,-7.20399,109.91158,2078.0,Kab. Banjarnegara,14.58,14.12,97.0,97.0,False,0.0,120.4,0.0,798.7977,14.108940212535868,-1.0099999999999998,-1.3600000000000012,,0.0,0.4359999999999218,6,10.0,10.0,14.12,94.56666666666666,0.0,0.0,,,,,,,
2026-09-18T18:50:00+07:00,2026-09-18T19:01:22.245315+07:00,valid,current,11.37075525,STA2285,AWS Batur Dieng,-7.20399,109.91158,2078.0,Kab. Banjarnegara,13.96,13.58,97.0,97.0,False,0.0,170.0,0.0,798.8254,13.49120276899678,-1.4299999999999995,-1.67,14.599999999999994,0.0,0.5010999999999513,6,10.0,10.0,13.58,97.0,0.0,0.0,,,,,,,
2026-09-18T19:10:00+07:00,2026-09-18T19:16:12.687106+07:00,valid,current,6.211451766666666,STA2285,AWS Batur Dieng,-7.20399,109.91158,2078.0,Kab. Banjarnegara,13.69,13.05,97.0,97.0,False,0.0,152.6,0.0,798.9584,13.22218637648172,-0.75,-1.1799999999999995,0.0,0.0,0.4399999999999409,6,10.0,10.0,13.05,97.0,0.0,0.0,,,,,,,
2026-09-18T19:20:00+07:00,2026-09-18T19:31:16.461734+07:00,valid,current,11.274362233333331,STA2285,AWS Batur Dieng,-7.20399,109.91158,2078.0,Kab. Banjarnegara,13.73,13.05,97.0,97.0,False,0.0,150.2,0.0,798.9569,13.26204072191556,-0.5399999999999991,-1.0699999999999985,0.0,0.0,0.4389999999999645,6,10.0,10.0,13.05,97.0,0.0,0.0,,,,,,,
2026-09-18T19:40:00+07:00,2026-09-18T19:46:26.655423+07:00,valid,current,6.44425705,STA2285,AWS Batur Dieng,-7.20399,109.91158,2078.0,Kab. Banjarnegara,13.5,12.91,97.0,97.0,False,0.0,104.8,0.0,798.9258,13.03287792662912,-1.08,-1.209999999999999,0.0,0.0,0.1281000000000176,6,10.0,10.0,12.91,97.0,0.0,0.0,,,,,,,
2026-09-18T19:50:00+07:00,2026-09-18T20:01:13.652858+07:00,valid,current,11.227547633333334,STA2285,AWS Batur Dieng,-7.20399,109.91158,2078.0,Kab. Banjarnegara,13.62,12.91,17.43,17.43,False,0.0,146.1,0.0,798.9813,-10.699948830775664,-0.3400000000000016,-0.6699999999999999,-79.57,0.0,0.1559000000000878,6,10.0,10.0,12.91,83.73833333333333,0.0,0.0,,,,,,,
2026-09-18T20:10:00+07:00,2026-09-18T20:16:46.003766+07:00,partial,current,6.766729433333333,STA2285,AWS Batur Dieng,-7.20399,109.91158,2078.0,Kab. Banjarnegara,13.38,13.23,,0.0,True,0.0,169.1,0.0,799.329,,-0.3099999999999987,0.1799999999999997,,0.0,0.3705999999999676,6,10.0,10.0,12.91,77.1075,0.0,0.0,,,,,,,
2026-09-18T20:20:00+07:00,2026-09-18T20:31:19.747168+07:00,partial,current,11.329119466666668,STA2285,AWS Batur Dieng,-7.20399,109.91158,2078.0,Kab. Banjarnegara,13.56,13.23,,0.0,True,0.0,152.6,0.0,799.4448,,-0.1699999999999999,0.1799999999999997,,0.0,0.4878999999999678,6,10.0,10.0,12.91,70.47666666666667,0.0,0.0,,,,,,,
2026-09-18T20:40:00+07:00,2026-09-18T20:46:22.071375+07:00,partial,current,6.36785625,STA2285,AWS Batur Dieng,-7.20399,109.91158,2078.0,Kab. Banjarnegara,13.55,13.23,,0.0,True,0.0,126.1,0.0,799.5805,,0.0500000000000007,0.3200000000000003,,0.0,0.654700000000048,6,10.0,10.0,12.91,17.43,0.0,0.0,,,,,,,
2026-09-18T20:50:00+07:00,2026-09-18T21:01:23.521992+07:00,valid,current,11.392033199999998,STA2285,AWS Batur Dieng,-7.20399,109.91158,2078.0,Kab. Banjarnegara,13.48,13.23,87.3,87.3,False,0.0,123.8,0.0,799.581,11.41042877701152,-0.1399999999999988,0.3200000000000003,69.87,0.0,0.5996999999999844,6,10.0,10.0,13.23,87.3,0.0,0.0,,,,,,,
2026-09-18T21:10:00+07:00,2026-09-18T21:16:23.171281+07:00,valid,current,6.386188016666667,STA2285,AWS Batur Dieng,-7.20399,109.91158,2078.0,Kab. Banjarnegara,12.52,12.27,97.0,97.0,False,0.0,208.6,0.0,799.6288,12.056436760788428,-0.8600000000000012,-0.9600000000000009,,0.0,0.2998000000000047,6,10.0,10.0,12.27,93.76666666666668,0.0,0.0,,,,,,,
2026-09-18T21:20:00+07:00,2026-09-18T21:31:24.980485+07:00,valid,current,11.416341416666668,STA2285,AWS Batur Dieng,-7.20399,109.91158,2078.0,Kab. Banjarnegara,12.78,12.61,11.01,11.01,False,0.0,88.8,0.0,799.8112,-17.003988197709628,-0.7800000000000011,-0.620000000000001,,0.0,0.3663999999999987,6,10.0,10.0,12.27,73.0775,0.0,0.0,,,,,,,
2026-09-18T21:40:00+07:00,2026-09-18T21:46:16.392441+07:00,valid,current,6.273207350000001,STA2285,AWS Batur Dieng,-7.20399,109.91158,2078.0,Kab. Banjarnegara,11.71,11.56,97.0,97.0,False,0.0,70.8,0.0,800.0506,11.249367992390042,-1.84,-1.67,,0.0,0.4701000000000022,6,10.0,10.0,11.56,74.51666666666667,0.0,0.0,,,,,,,
2026-09-18T22:10:00+07:00,2026-09-18T22:16:17.947893+07:00,valid,current,6.29913155,STA2285,AWS Batur Dieng,-7.20399,109.91158,2078.0,Kab. Banjarnegara,11.01,10.61,97.0,97.0,False,0.0,195.8,0.0,800.048,10.55189368020654,-1.5099999999999998,-1.66,0.0,0.0,0.4192000000000462,6,10.0,10.0,10.61,76.13333333333334,0.0,0.0,,,,,,,
2026-09-18T22:20:00+07:00,2026-09-18T22:31:18.782357+07:00,valid,current,11.313039283333334,STA2285,AWS Batur Dieng,-7.20399,109.91158,2078.0,Kab. Banjarnegara,11.55,10.61,97.0,97.0,False,0.0,104.0,0.0,800.0905,11.089945903503086,-1.2299999999999986,-2.0,85.99,0.0,0.2793000000000347,6,10.0,10.0,10.61,90.465,0.0,0.0,,,,,,,
2026-09-18T22:40:00+07:00,2026-09-18T22:46:14.869076+07:00,valid,current,6.247817933333334,STA2285,AWS Batur Dieng,-7.20399,109.91158,2078.0,Kab. Banjarnegara,11.17,10.59,97.0,97.0,False,0.0,34.95,0.0,800.1947,10.711316991176544,-0.5400000000000009,-0.9700000000000006,0.0,0.0,0.1440999999999803,6,10.0,10.0,10.59,97.0,0.0,0.0,,,,,,,
2026-09-18T22:50:00+07:00,2026-09-18T23:02:12.776059+07:00,valid,current,12.212934316666669,STA2285,AWS Batur Dieng,-7.20399,109.91158,2078.0,Kab. Banjarnegara,11.49,10.59,97.0,97.0,False,0.0,31.73,0.0,800.0559,11.030162526817351,-0.3200000000000003,-0.9399999999999996,0.0,0.0,0.0062999999998964,6,10.0,10.0,10.59,97.0,0.0,0.0,,,,,,,
2026-09-18T23:10:00+07:00,2026-09-18T23:20:26.250549+07:00,partial,current,10.43750915,STA2285,AWS Batur Dieng,-7.20399,109.91158,2078.0,Kab. Banjarnegara,11.75,11.63,,0.0,True,0.0,142.8,0.0,800.0471,,0.7400000000000002,1.0200000000000014,,0.0,-0.0009000000000014,6,10.0,10.0,10.59,90.874,0.0,0.0,,,,,,,
2026-09-18T23:20:00+07:00,2026-09-18T23:31:32.808334+07:00,partial,current,11.546805566666666,STA2285,AWS Batur Dieng,-7.20399,109.91158,2078.0,Kab. Banjarnegara,12.04,11.63,,0.0,True,0.0,142.7,0.0,800.0452,,0.4899999999999984,1.0200000000000014,,0.0,-0.0452999999999974,6,10.0,10.0,10.59,89.3425,0.0,0.0,,,,,,,
2026-09-18T23:40:00+07:00,2026-09-18T23:46:16.671634+07:00,partial,current,6.277860566666666,STA2285,AWS Batur Dieng,-7.20399,109.91158,2078.0,Kab. Banjarnegara,12.37,11.63,,0.0,True,0.0,115.9,0.0,799.8534,,1.1999999999999993,1.040000000000001,,0.0,-0.3413000000000465,6,10.0,10.0,10.59,81.685,0.0,0.0,,,,,,,
2026-09-18T23:50:00+07:00,2026-09-19T00:01:28.149186+07:00,valid,current,11.4691531,STA2285,AWS Batur Dieng,-7.20399,109.91158,2078.0,Kab. Banjarnegara,12.57,11.63,46.21,46.21,False,0.0,126.0,0.0,799.735,1.3137775507244671,1.08,1.040000000000001,-50.79,0.0,-0.3208999999999378,6,10.0,10.0,10.59,56.290000000000006,0.0,0.0,,,,,,,
2026-09-19T00:10:00+07:00,2026-09-19T00:16:22.518215+07:00,valid,current,6.375303583333333,STA2285,AWS Batur Dieng,-7.20399,109.91158,2078.0,Kab. Banjarnegara,12.99,11.63,97.0,97.0,False,0.0,227.3,0.0,799.577,12.524731668133912,1.2400000000000002,0.0,,0.0,-0.4701000000000022,6,10.0,10.0,11.63,80.07000000000001,0.0,0.0,,,,,,,
2026-09-19T00:20:00+07:00,2026-09-19T00:31:18.194221+07:00,valid,current,11.303237016666666,STA2285,AWS Batur Dieng,-7.20399,109.91158,2078.0,Kab. Banjarnegara,13.01,11.63,97.0,97.0,False,0.0,74.7,0.0,799.5784,12.544659041693906,0.9700000000000006,0.0,,0.0,-0.4668000000000347,6,10.0,10.0,11.63,84.30250000000001,0.0,0.0,,,,,,,
2026-09-19T00:40:00+07:00,2026-09-19T00:46:42.001822+07:00,valid,current,6.700030366666667,STA2285,AWS Batur Dieng,-7.20399,109.91158,2078.0,Kab. Banjarnegara,13.16,11.63,97.0,97.0,False,0.0,217.4,0.0,799.4806,12.694114163058286,0.7900000000000009,0.0,,0.0,-0.3727999999999838,6,10.0,10.0,11.63,88.53500000000001,0.0,0.0,,,,,,,
2026-09-19T00:50:00+07:00,2026-09-19T01:01:35.672173+07:00,valid,current,11.594536216666668,STA2285,AWS Batur Dieng,-7.20399,109.91158,2078.0,Kab. Banjarnegara,13.03,11.63,97.0,97.0,False,0.0,117.0,0.0,799.4359,12.564586409596316,0.4599999999999991,0.0,50.79,0.0,-0.2991000000000667,6,10.0,10.0,11.63,97.0,0.0,0.0,,,,,,,
2026-09-19T01:10:00+07:00,2026-09-19T01:16:25.234010+07:00,valid,current,6.420566833333334,STA2285,AWS Batur Dieng,-7.20399,109.91158,2078.0,Kab. Banjarnegara,13.14,11.63,97.0,97.0,False,0.0,165.4,0.0,799.1503,12.674186831930175,0.1500000000000003,0.0,0.0,0.0,-0.4266999999999825,6,10.0,10.0,11.63,96.98333333333332,0.0,0.0,,,,,,,
2026-09-19T01:20:00+07:00,2026-09-19T01:31:28.421860+07:00,valid,current,11.473697666666668,STA2285,AWS Batur Dieng,-7.20399,109.91158,2078.0,Kab. Banjarnegara,13.02,11.63,97.0,97.0,False,0.0,100.2,0.0,799.0502,12.55462272635231,0.0099999999999997,0.0,0.0,0.0,-0.5281999999999698,6,10.0,10.0,11.63,96.98333333333332,0.0,0.0,,,,,,,
2026-09-19T01:40:00+07:00,2026-09-19T01:46:18.979451+07:00,valid,current,6.316324183333333,STA2285,AWS Batur Dieng,-7.20399,109.91158,2078.0,Kab. Banjarnegara,13.22,11.63,97.0,97.0,False,0.0,121.7,0.0,798.9546,12.753896122497174,0.0600000000000005,0.0,0.0,0.0,-0.5259999999999536,6,10.0,10.0,11.63,96.98333333333332,0.0,0.0,,,,,,,
2026-09-19T01:50:00+07:00,2026-09-19T02:01:24.265765+07:00,valid,current,11.404429416666666,STA2285,AWS Batur Dieng,-7.20399,109.91158,2078.0,Kab. Banjarnegara,13.13,11.63,96.9,96.9,False,0.0,51.88,0.0,798.9554,12.648479913774876,0.1000000000000014,0.0,-0.0999999999999943,0.0,-0.4804999999998927,6,10.0,10.0,11.63,96.96666666666664,0.0,0.0,,,,,,,
2026-09-19T02:00:00+07:00,2026-09-19T02:05:24.949774+07:00,valid,current,5.415829566666667,STA2285,AWS Batur Dieng,-7.20399,109.91158,2078.0,Kab. Banjarnegara,13.55,11.63,97.0,97.0,False,0.0,83.9,0.0,798.9544,13.082695989251564,0.4800000000000004,0.0,0.0999999999999943,0.0,-0.3410000000000082,6,10.0,10.0,11.63,96.98333333333332,0.0,0.0,,,,,,,
2026-09-19T02:10:00+07:00,2026-09-19T02:16:20.363673+07:00,valid,current,6.33939455,STA2285,AWS Batur Dieng,-7.20399,109.91158,2078.0,Kab. Banjarnegara,13.63,11.63,97.0,97.0,False,0.0,176.4,0.0,798.9546,13.162404815899627,0.4900000000000002,0.0,0.0,0.0,-0.195699999999988,6,10.0,10.0,11.63,96.98333333333332,0.0,0.0,,,,,,,
2026-09-19T02:20:00+07:00,2026-09-19T02:31:15.748663+07:00,valid,current,11.262477716666666,STA2285,AWS Batur Dieng,-7.20399,109.91158,2078.0,Kab. Banjarnegara,13.55,11.63,97.0,97.0,False,0.0,139.1,0.0,798.9538,13.082695989251564,0.5300000000000011,0.0,0.0,0.0,-0.0964000000000169,6,10.0,10.0,11.63,96.98333333333332,0.0,0.0,,,,,,,
2026-09-19T02:40:00+07:00,2026-09-19T02:46:25.280765+07:00,valid,current,6.421346083333333,STA2285,AWS Batur Dieng,-7.20399,109.91158,2078.0,Kab. Banjarnegara,12.92,11.63,97.0,97.0,False,0.0,114.4,0.0,798.9529,12.454985816120336,-0.3000000000000007,0.0,0.0,0.0,-0.001700000000028,6,10.0,10.0,11.63,96.98333333333332,0.0,0.0,,,,,,,
2026-09-19T02:50:00+07:00,2026-09-19T03:01:21.624405+07:00,valid,current,11.36040675,STA2285,AWS Batur Dieng,-7.20399,109.91158,2078.0,Kab. Banjarnegara,13.15,11.63,96.9,96.9,False,0.0,81.9,0.0,798.9527,12.668404793931275,0.0199999999999995,0.0,0.0,0.0,-0.0027000000000043,6,10.0,10.0,11.63,96.98333333333332,0.0,0.0,,,,,,,
2026-09-19T03:10:00+07:00,2026-09-19T03:16:17.404027+07:00,valid,current,6.290067116666666,STA2285,AWS Batur Dieng,-7.20399,109.91158,2078.0,Kab. Banjarnegara,12.6,11.63,97.0,97.0,False,0.0,149.4,0.0,799.0083,12.13614675289906,-1.0300000000000011,0.0,0.0,0.0,0.0536999999999352,6,10.0,10.0,11.63,96.98333333333332,0.0,0.0,,,,,,,
2026-09-19T03:20:00+07:00,2026-09-19T03:31:33.069615+07:00,valid,current,11.55116025,STA2285,AWS Batur Dieng,-7.20399,109.91158,2078.0,Kab. Banjarnegara,12.28,11.63,97.0,97.0,False,0.0,168.1,0.0,799.1098,11.8173062413213,-1.2700000000000014,0.0,0.0,0.0,0.155999999999949,6,10.0,10.0,11.63,96.98333333333332,0.0,0.0,,,,,,,
2026-09-19T03:40:00+07:00,2026-09-19T03:46:15.917734+07:00,valid,current,6.2652955666666665,STA2285,AWS Batur Dieng,-7.20399,109.91158,2078.0,Kab. Banjarnegara,11.87,11.04,97.0,97.0,False,0.0,157.4,0.0,799.2595,11.408789719181012,-1.0500000000000007,-0.5900000000000016,0.0,0.0,0.3066000000000031,6,10.0,10.0,11.04,96.98333333333332,0.0,0.0,,,,,,,
2026-09-19T03:50:00+07:00,2026-09-19T04:01:41.524034+07:00,valid,current,11.692067233333336,STA2285,AWS Batur Dieng,-7.20399,109.91158,2078.0,Kab. Banjarnegara,11.62,11.01,97.0,97.0,False,0.0,180.9,0.0,799.2577,11.159693111945984,-1.5300000000000011,-0.620000000000001,0.0999999999999943,0.0,0.30499999999995,6,10.0,10.0,11.01,97.0,0.0,0.0,,,,,,,
2026-09-19T04:10:00+07:00,2026-09-19T04:16:24.183913+07:00,valid,current,6.403065216666667,STA2285,AWS Batur Dieng,-7.20399,109.91158,2078.0,Kab. Banjarnegara,11.59,11.01,96.9,96.9,False,0.0,182.7,0.0,799.2563,11.114246579738166,-1.0099999999999998,-0.620000000000001,-0.0999999999999943,0.0,0.2480000000000473,6,10.0,10.0,11.01,96.98333333333332,0.0,0.0,,,,,,,
2026-09-19T04:20:00+07:00,2026-09-19T04:31:29.727143+07:00,valid,current,11.495452383333332,STA2285,AWS Batur Dieng,-7.20399,109.91158,2078.0,Kab. Banjarnegara,11.21,10.9,97.0,97.0,False,0.0,186.2,0.0,799.2554,10.751172762340852,-1.0699999999999985,-0.7300000000000004,0.0,0.0,0.1456000000000585,6,10.0,10.0,10.9,96.98333333333332,0.0,0.0,,,,,,,
2026-09-19T04:30:00+07:00,2026-09-19T04:37:58.691617+07:00,valid,current,7.978193616666667,STA2285,AWS Batur Dieng,-7.20399,109.91158,2078.0,Kab. Banjarnegara,10.95,10.44,97.0,97.0,False,0.0,116.3,0.0,799.28,10.49210984523859,-1.0500000000000007,-1.1900000000000013,0.0,0.0,0.0878000000000156,6,10.0,10.0,10.44,96.98333333333332,0.0,0.0,,,,,,,
2026-09-19T04:40:00+07:00,2026-09-19T04:46:26.495926+07:00,valid,current,6.441598766666667,STA2285,AWS Batur Dieng,-7.20399,109.91158,2078.0,Kab. Banjarnegara,10.87,10.44,33.5,33.5,False,0.0,198.4,0.0,799.4216,-4.587629601296344,-1.0,-0.5999999999999996,-63.5,0.0,0.1621000000000094,6,10.0,10.0,10.44,86.39999999999999,0.0,0.0,,,,,,,
2026-09-19T04:50:00+07:00,2026-09-19T05:01:39.269642+07:00,partial,current,11.654494033333332,STA2285,AWS Batur Dieng,-7.20399,109.91158,2078.0,Kab. Banjarnegara,10.36,10.01,,0.0,True,0.0,88.2,0.0,799.5565,,-1.2599999999999998,-1.0,,0.0,0.2988000000000284,6,10.0,10.0,10.01,84.28,0.0,0.0,,,,,,,
2026-09-19T05:10:00+07:00,2026-09-19T05:16:18.811089+07:00,partial,current,6.313518149999999,STA2285,AWS Batur Dieng,-7.20399,109.91158,2078.0,Kab. Banjarnegara,10.17,9.87,,0.0,True,0.0,81.6,0.0,799.5686,,-1.42,-1.1400000000000006,,0.0,0.3122999999999365,6,10.0,10.0,9.87,75.83333333333333,0.0,0.0,,,,,,,
2026-09-19T05:20:00+07:00,2026-09-19T05:31:23.181677+07:00,partial,current,11.386361283333336,STA2285,AWS Batur Dieng,-7.20399,109.91158,2078.0,Kab. Banjarnegara,10.13,9.53,,0.0,True,0.0,159.3,0.0,799.5377,,-1.08,-1.370000000000001,,0.0,0.2822999999999638,6,10.0,10.0,9.53,65.25,0.0,0.0,,,,,,,
2026-09-19T05:40:00+07:00,2026-09-19T05:46:12.299531+07:00,valid,current,6.204992183333333,STA2285,AWS Batur Dieng,-7.20399,109.91158,2078.0,Kab. Banjarnegara,9.88,9.37,97.0,97.0,False,0.0,170.6,0.0,799.8761,9.425956237128975,-0.9899999999999984,-1.0700000000000005,63.5,0.0,0.454499999999939,6,10.0,10.0,9.37,76.34,0.0,0.0,,,,,,,
2026-09-19T05:50:00+07:00,2026-09-19T06:01:18.006313+07:00,valid,current,11.300105216666667,STA2285,AWS Batur Dieng,-7.20399,109.91158,2078.0,Kab. Banjarnegara,9.48,8.89,97.0,97.0,False,0.0,149.3,0.0,799.9654,9.027389982051073,-0.879999999999999,-1.1199999999999992,,0.0,0.4089000000000169,6,10.0,10.0,8.89,83.22666666666667,0.0,0.0,,,,,,,
2026-09-19T06:10:00+07:00,2026-09-19T06:16:13.837453+07:00,partial,current,6.2306242166666665,STA2285,AWS Batur Dieng,-7.20399,109.91158,2078.0,Kab. Banjarnegara,10.39,8.89,,0.0,True,0.0,163.5,0.0,800.0416,,0.2200000000000006,-0.9799999999999986,,0.0,0.47300000000007,6,10.0,10.0,8.89,80.9175,0.0,0.0,,,,,,,
2026-09-19T06:20:00+07:00,2026-09-19T06:31:16.880040+07:00,valid,current,11.281334,STA2285,AWS Batur Dieng,-7.20399,109.91158,2078.0,Kab. Banjarnegara,10.59,8.89,48.52,48.52,False,0.0,168.8,0.0,800.1656,0.1754668954385562,0.4599999999999991,-0.6399999999999988,,0.0,0.6279000000000678,6,10.0,10.0,8.89,74.438,0.0,0.0,,,,,,,
2026-09-19T06:30:00+07:00,2026-09-19T06:35:14.026425+07:00,valid,current,5.23377375,STA2285,AWS Batur Dieng,-7.20399,109.91158,2078.0,Kab. Banjarnegara,11.76,8.89,97.0,97.0,False,0.0,221.5,0.0,800.2182,11.299187320909192,1.7899999999999991,-0.5199999999999996,41.32,0.0,0.5624000000000251,6,10.0,10.0,8.89,82.702,0.0,0.0,,,,,,,
2026-09-19T06:50:00+07:00,2026-09-19T07:01:24.289547+07:00,partial,current,11.404825783333331,STA2285,AWS Batur Dieng,-7.20399,109.91158,,Kab. Banjarnegara,,,,,False,,,,,,,,,,,6,10.0,10.0,8.89,73.17,0.0,0.0,9.0,9.0,9.0,9.0,9.0,9.0,9.0
2026-09-19T07:10:00+07:00,2026-09-19T07:16:06.423043+07:00,partial,current,6.1070507166666665,STA2285,AWS Batur Dieng,-7.20399,109.91158,2078.0,Kab. Banjarnegara,17.55,16.97,,0.0,True,0.0,113.0,0.0,800.4968,,7.16,8.079999999999998,,0.0,0.4551999999999907,6,10.0,10.0,8.89,79.24000000000001,0.0,0.0,,,,,,,
2026-09-19T07:20:00+07:00,2026-09-19T07:31:16.249474+07:00,partial,current,11.270824566666668,STA2285,AWS Batur Dieng,-7.20399,109.91158,2078.0,Kab. Banjarnegara,18.14,16.97,,0.0,True,0.0,111.4,0.0,800.6526,,7.550000000000001,8.079999999999998,,0.0,0.4869999999999663,6,10.0,10.0,8.89,94.6,0.0,0.0,,,,,,,
2026-09-19T07:40:00+07:00,2026-09-19T07:46:15.002901+07:00,valid,current,6.25004835,STA2285,AWS Batur Dieng,-7.20399,109.91158,2078.0,Kab. Banjarnegara,18.55,18.18,97.0,97.0,False,0.519,132.4,0.0,800.7138,18.064323692039704,5.82,9.29,4.799999999999997,0.519,0.4410000000000309,6,10.0,10.0,8.89,89.55,0.0865,0.519,,,,,,,
2026-09-19T07:50:00+07:00,2026-09-19T08:01:50.099172+07:00,valid,current,11.8349862,STA2285,AWS Batur Dieng,-7.20399,109.91158,2078.0,Kab. Banjarnegara,18.65,18.18,97.0,97.0,False,0.071,153.1,0.0,800.7157,18.163952639679856,5.079999999999998,9.29,,0.071,0.3691000000000031,6,10.0,10.0,8.89,92.03333333333336,0.0983333333333333,0.519,,,,,,,
2026-09-19T08:10:00+07:00,2026-09-19T08:16:16.174042+07:00,valid,current,6.269567366666666,STA2285,AWS Batur Dieng,-7.20399,109.91158,2078.0,Kab. Banjarnegara,18.46,17.8,97.0,97.0,False,1.689,213.7,0.0,800.8607,17.97465751824679,0.91,0.8300000000000018,,1.689,0.3638999999999441,6,10.0,10.0,16.97,94.0,0.4486666666666667,1.689,,,,,,,
2026-09-19T08:20:00+07:00,2026-09-19T08:33:42.777254+07:00,valid,current,13.712954233333331,STA2285,AWS Batur Dieng,-7.20399,109.91158,2078.0,Kab. Banjarnegara,18.88,17.8,97.0,97.0,False,0.896,181.0,0.0,800.9306,18.39309868255301,0.7399999999999984,0.8300000000000018,,0.896,0.27800000000002,6,10.0,10.0,17.8,94.5,0.598,1.689,,,,,,,
2026-09-19T08:40:00+07:00,2026-09-19T08:46:18.282456+07:00,valid,current,6.3047076,STA2285,AWS Batur Dieng,-7.20399,109.91158,2078.0,Kab. Banjarnegara,20.05,17.8,97.0,97.0,False,0.022,191.8,0.0,801.0248,19.55874305738046,1.5,-0.379999999999999,0.0,-0.497,0.3110000000000354,6,10.0,10.0,17.8,96.98333333333332,0.7115,1.689,,,,,,,
2026-09-19T08:50:00+07:00,2026-09-19T09:01:53.224736+07:00,valid,current,11.887078933333331,STA2285,AWS Batur Dieng,-7.20399,109.91158,2078.0,Kab. Banjarnegara,20.21,17.8,97.0,97.0,False,0.243,211.7,0.0,801.0269,19.71814591162623,1.5600000000000025,-0.379999999999999,0.0,0.172,0.3111999999999852,6,10.0,10.0,17.8,96.98333333333332,0.7401666666666668,1.689,,,,,,,
2026-09-19T09:10:00+07:00,2026-09-19T09:16:23.060804+07:00,valid,current,6.3843467333333335,STA2285,AWS Batur Dieng,-7.20399,109.91158,2078.0,Kab. Banjarnegara,20.47,17.8,97.0,97.0,False,0.321,203.8,0.0,801.0278,19.97717477763309,2.009999999999998,0.0,0.0,-1.368,0.1671000000000049,6,10.0,10.0,17.8,97.0,0.5993333333333333,1.178,,,,,,,
2026-09-19T09:20:00+07:00,2026-09-19T09:31:20.736884+07:00,valid,current,11.345614733333331,STA2285,AWS Batur Dieng,-7.20399,109.91158,2078.0,Kab. Banjarnegara,20.66,17.8,97.0,97.0,False,0.411,257.1,0.0,801.0266,20.166464498232425,1.7800000000000011,0.0,0.0,-0.485,0.0960000000000036,6,10.0,10.0,17.8,97.0,0.5185000000000001,1.178,,,,,,,
2026-09-19T09:40:00+07:00,2026-09-19T09:46:18.579202+07:00,valid,current,6.309653366666667,STA2285,AWS Batur Dieng,-7.20399,109.91158,2078.0,Kab. Banjarnegara,20.97,17.8,72.4,72.4,False,1.711,287.5,0.0,800.9808,15.817381232988758,0.9199999999999982,0.0,-24.599999999999994,1.689,-0.0439999999999827,6,10.0,10.0,17.8,92.9,0.7145,1.711,,,,,,,
2026-09-19T09:50:00+07:00,2026-09-19T10:01:32.884764+07:00,valid,current,11.5480794,STA2285,AWS Batur Dieng,-7.20399,109.91158,2078.0,Kab. Banjarnegara,20.53,17.8,87.2,87.2,False,1.853,270.5,0.0,800.976,18.32731354330436,0.3200000000000003,0.0,-9.799999999999995,1.61,-0.0508999999999559,6,10.0,10.0,17.8,91.26666666666668,0.9828333333333332,1.853,,,,,,,
2026-09-19T10:10:00+07:00,2026-09-19T10:16:29.006163+07:00,valid,current,6.48343605,STA2285,AWS Batur Dieng,-7.20399,109.91158,2078.0,Kab. Banjarnegara,20.85,17.8,97.0,97.0,False,0.086,300.6,0.0,800.7576,20.35575370831713,0.3800000000000025,0.0,0.0,-0.235,-0.2701999999999316,6,10.0,10.0,17.8,91.26666666666664,0.9378333333333332,1.853,,,,,,,
2026-09-19T10:40:00+07:00,2026-09-19T10:46:15.486013+07:00,partial,current,6.258100216666667,STA2285,AWS Batur Dieng,-7.20399,109.91158,2078.0,Kab. Banjarnegara,20.64,17.8,,0.0,True,0.04,106.8,0.0,800.5506,,-0.3299999999999983,0.0,,-1.671,-0.4302000000000134,6,10.0,10.0,17.8,86.1375,0.6363333333333333,1.853,,,,,,,
2026-09-19T10:50:00+07:00,2026-09-19T11:01:39.745939+07:00,partial,current,11.662432316666669,STA2285,AWS Batur Dieng,-7.20399,109.91158,2078.0,Kab. Banjarnegara,20.91,17.8,,0.0,True,0.091,199.4,0.0,800.5045,,0.379999999999999,0.0,,-1.762,-0.4714999999999918,6,10.0,10.0,17.8,85.78333333333335,0.3426666666666667,0.901,,,,,,,
2026-09-19T11:10:00+07:00,2026-09-19T11:16:35.741157+07:00,valid,current,6.59568595,STA2285,AWS Batur Dieng,-7.20399,109.91158,2078.0,Kab. Banjarnegara,17.84,17.53,24.26,24.26,False,0.165,59.69,0.0,800.3998,-2.876167894083375,-3.0100000000000016,-0.2699999999999996,-72.74,0.079,-0.3577999999999974,6,10.0,10.0,17.53,43.805,0.3146666666666666,0.655,,,,,,,
2026-09-19T11:20:00+07:00,2026-09-19T11:31:17.242652+07:00,valid,current,11.287377533333334,STA2285,AWS Batur Dieng,-7.20399,109.91158,2078.0,Kab. Banjarnegara,17.75,17.46,97.0,97.0,False,0.0,65.3,0.0,800.3971,17.267287019659975,-3.2600000000000016,-0.3399999999999998,33.65,-0.655,-0.3175999999999703,6,10.0,10.0,17.46,60.63,0.2055,0.654,,,,,,,
2026-09-19T11:40:00+07:00,2026-09-19T11:46:20.763888+07:00,valid,current,6.3460648,STA2285,AWS Batur Dieng,-7.20399,109.91158,2078.0,Kab. Banjarnegara,16.6,16.36,97.0,97.0,False,0.0,69.26,0.0,800.2278,16.121530945734527,-4.039999999999999,-1.4400000000000013,,-0.04,-0.3228000000000293,6,10.0,10.0,16.36,78.815,0.1516666666666666,0.654,,,,,,,
2026-09-19T11:50:00+07:00,2026-09-19T12:01:21.704030+07:00,valid,current,11.361733833333334,STA2285,AWS Batur Dieng,-7.20399,109.91158,2078.0,Kab. Banjarnegara,16.52,16.36,97.0,97.0,False,0.0,105.8,0.0,800.1232,16.041825479549022,-4.390000000000001,-1.4400000000000013,,-0.091,-0.3813000000000102,6,10.0,10.0,16.36,82.452,0.1365,0.654,,,,,,,
2026-09-19T12:10:00+07:00,2026-09-19T12:16:08.408494+07:00,valid,current,6.140141566666667,STA2285,AWS Batur Dieng,-7.20399,109.91158,2078.0,Kab. Banjarnegara,17.43,16.36,23.98,23.98,False,0.0,298.1,0.0,800.0829,-3.379440720712504,-0.4100000000000001,-1.1700000000000017,-0.2800000000000011,-0.165,-0.3169000000000324,6,10.0,10.0,16.36,84.81333333333333,0.0,0.0,,,,,,,
2026-09-19T12:20:00+07:00,2026-09-19T12:31:31.699854+07:00,valid,current,11.528330899999998,STA2285,AWS Batur Dieng,-7.20399,109.91158,2078.0,Kab. Banjarnegara,17.69,16.36,88.2,88.2,False,0.1,323.7,0.0,800.0009,15.712433845423943,-0.0599999999999987,-1.1000000000000014,-8.799999999999997,0.1,-0.3962000000000216,6,10.0,10.0,16.36,83.34666666666666,0.0166666666666666,0.1,,,,,,,
2026-09-19T12:40:00+07:00,2026-09-19T12:46:11.396985+07:00,valid,current,6.189949749999999,STA2285,AWS Batur Dieng,-7.20399,109.91158,2078.0,Kab. Banjarnegara,17.5,16.36,97.0,97.0,False,0.0,62.69,0.0,799.6345,17.018211203338165,0.8999999999999986,0.0,0.0,0.0,-0.5932999999999993,6,10.0,10.0,16.36,83.34666666666666,0.0166666666666666,0.1,,,,,,,
2026-09-19T12:50:00+07:00,2026-09-19T13:01:23.095743+07:00,valid,current,11.38492905,STA2285,AWS Batur Dieng,-7.20399,109.91158,2078.0,Kab. Banjarnegara,17.5,16.36,97.0,97.0,False,0.0,234.0,0.0,799.6117,17.018211203338165,0.9800000000000004,0.0,0.0,0.0,-0.5114999999999554,6,10.0,10.0,16.36,83.34666666666668,0.0166666666666666,0.1,,,,,,,
2026-09-19T13:10:00+07:00,2026-09-19T13:16:18.316386+07:00,valid,current,6.3052731,STA2285,AWS Batur Dieng,-7.20399,109.91158,2078.0,Kab. Banjarnegara,16.35,16.14,96.9,96.9,False,0.0,130.4,0.0,799.5449,15.856310297416831,-1.0799999999999983,-0.2199999999999988,72.92,0.0,-0.5380000000000109,6,10.0,10.0,16.14,95.51666666666668,0.0166666666666666,0.1,,,,,,,
2026-09-19T13:20:00+07:00,2026-09-19T13:31:13.881399+07:00,valid,current,11.23135665,STA2285,AWS Batur Dieng,-7.20399,109.91158,2078.0,Kab. Banjarnegara,16.15,15.92,59.05,59.05,False,0.0,163.3,0.0,799.4364,8.143612741392985,-1.5400000000000027,-0.4399999999999995,-29.15000000000001,-0.1,-0.5644999999999527,6,10.0,10.0,15.92,90.65833333333332,0.0,0.0,,,,,,,
2026-09-19T13:40:00+07:00,2026-09-19T13:46:18.395162+07:00,valid,current,6.306586033333334,STA2285,AWS Batur Dieng,-7.20399,109.91158,2078.0,Kab. Banjarnegara,15.49,15.27,97.0,97.0,False,0.0,161.3,0.0,799.1747,15.015609517552573,-2.01,-1.09,0.0,0.0,-0.4597999999999729,6,10.0,10.0,15.27,90.65833333333336,0.0,0.0,,,,,,,
2026-09-19T13:50:00+07:00,2026-09-19T14:01:15.073647+07:00,valid,current,11.25122745,STA2285,AWS Batur Dieng,-7.20399,109.91158,2078.0,Kab. Banjarnegara,15.22,15.13,96.9,96.9,False,0.0,159.9,0.0,799.1414,14.73059826489805,-2.28,-1.2299999999999986,-0.0999999999999943,0.0,-0.4703000000000656,6,10.0,10.0,15.13,90.64166666666668,0.0,0.0,,,,,,,
2026-09-19T14:10:00+07:00,2026-09-19T14:16:14.318529+07:00,valid,current,6.23864215,STA2285,AWS Batur Dieng,-7.20399,109.91158,2078.0,Kab. Banjarnegara,15.08,14.93,97.0,97.0,False,0.0,196.5,0.0,799.0062,14.60711161004251,-1.2700000000000014,-1.2100000000000009,0.0999999999999943,0.0,-0.5386999999999489,6,10.0,10.0,14.93,90.65833333333336,0.0,0.0,,,,,,,
2026-09-19T14:20:00+07:00,2026-09-19T14:31:35.570970+07:00,valid,current,11.5928495,STA2285,AWS Batur Dieng,-7.20399,109.91158,2078.0,Kab. Banjarnegara,15.07,14.93,97.0,97.0,False,0.0,186.3,0.0,799.0289,14.59714821674373,-1.0799999999999983,-0.9900000000000002,37.95,0.0,-0.4075000000000273,6,10.0,10.0,14.93,96.98333333333332,0.0,0.0,,,,,,,
2026-09-19T14:40:00+07:00,2026-09-19T14:46:12.427209+07:00,invalid,current,6.20712015,STA2285,AWS Batur Dieng,-7.20399,109.91158,2078.0,Kab. Banjarnegara,15.04,14.92,6.251,6.251,False,0.0,175.2,0.0,799.0502,-21.89841653761912,-0.450000000000001,-0.3499999999999996,-90.749,0.0,-0.1245000000000118,6,10.0,10.0,14.92,80.60849999999999,0.0,0.0,,,,,,,
2026-09-19T14:50:00+07:00,2026-09-19T15:01:14.906561+07:00,partial,current,11.248442683333334,STA2285,AWS Batur Dieng,-7.20399,109.91158,2078.0,Kab. Banjarnegara,15.08,14.87,,0.0,True,0.0,197.3,0.0,798.9646,,-0.1400000000000005,-0.2600000000000015,,0.0,-0.1767999999999574,6,10.0,10.0,14.87,77.3502,0.0,0.0,,,,,,,
2026-09-19T15:10:00+07:00,2026-09-19T15:16:19.417394+07:00,partial,current,6.3236232333333335,STA2285,AWS Batur Dieng,-7.20399,109.91158,2078.0,Kab. Banjarnegara,15.36,14.87,,0.0,True,0.0,158.5,0.0,798.9806,,0.2799999999999993,-0.0600000000000005,,0.0,-0.025600000000054,6,10.0,10.0,14.87,64.25033333333333,0.0,0.0,,,,,,,
2026-09-19T15:20:00+07:00,2026-09-19T15:31:33.456796+07:00,valid,current,11.557613266666667,STA2285,AWS Batur Dieng,-7.20399,109.91158,2078.0,Kab. Banjarnegara,15.31,14.87,77.64,77.64,False,0.0,194.7,0.0,798.9812,11.425800058792746,0.2400000000000002,-0.0600000000000005,-19.36,0.0,-0.0477000000000771,6,10.0,10.0,14.87,57.797,0.0,0.0,,,,,,,
2026-09-19T15:40:00+07:00,2026-09-19T15:46:09.803984+07:00,valid,current,6.163399733333334,STA2285,AWS Batur Dieng,-7.20399,109.91158,2078.0,Kab. Banjarnegara,15.41,14.87,97.0,97.0,False,0.0,163.4,0.0,798.971,14.935902795461484,0.370000000000001,-0.0500000000000007,90.749,0.0,-0.0792000000000143,6,10.0,10.0,14.87,90.51333333333334,0.0,0.0,,,,,,,
2026-09-19T15:50:00+07:00,2026-09-19T16:01:28.537886+07:00,valid,current,11.475631433333332,STA2285,AWS Batur Dieng,-7.20399,109.91158,2078.0,Kab. Banjarnegara,15.4,14.87,97.0,97.0,False,0.0,144.3,0.0,798.973,14.925939448835637,0.3200000000000003,0.0,,0.0,0.0083999999999377,6,10.0,10.0,14.87,92.135,0.0,0.0,,,,,,,
2026-09-19T16:10:00+07:00,2026-09-19T16:16:14.704689+07:00,valid,current,6.245078149999999,STA2285,AWS Batur Dieng,-7.20399,109.91158,2078.0,Kab. Banjarnegara,16.31,14.87,97.0,97.0,False,0.0,140.7,0.0,798.9808,15.832598200159577,0.9499999999999992,0.0,,0.0,0.0002000000000634,6,10.0,10.0,14.87,93.74,0.0,0.0,,,,,,,
2026-09-19T16:20:00+07:00,2026-09-19T16:31:34.943475+07:00,valid,current,11.58239125,STA2285,AWS Batur Dieng,-7.20399,109.91158,2078.0,Kab. Banjarnegara,17.01,14.87,97.0,97.0,False,0.0,119.5,0.0,798.9821,16.530020039284118,1.700000000000001,0.0,19.36,0.0,0.0009000000000014,6,10.0,10.0,14.87,96.96666666666664,0.0,0.0,,,,,,,
2026-09-19T16:40:00+07:00,2026-09-19T16:46:09.887219+07:00,valid,current,6.164786983333333,STA2285,AWS Batur Dieng,-7.20399,109.91158,2078.0,Kab. Banjarnegara,15.87,14.87,97.0,97.0,False,0.0,98.6,0.0,798.9947,15.394215211369056,0.4599999999999991,0.0,0.0,0.0,0.0236999999999625,6,10.0,10.0,14.87,96.98333333333332,0.0,0.0,,,,,,,
2026-09-19T16:50:00+07:00,2026-09-19T17:01:12.765818+07:00,valid,current,11.212763633333331,STA2285,AWS Batur Dieng,-7.20399,109.91158,2078.0,Kab. Banjarnegara,15.42,14.87,97.0,97.0,False,0.0,111.1,0.0,799.1927,14.945866140673008,0.0199999999999995,0.0,0.0,0.0,0.2196999999999889,6,10.0,10.0,14.87,96.98333333333332,0.0,0.0,,,,,,,
2026-09-19T17:20:00+07:00,2026-09-19T17:31:15.995592+07:00,valid,current,11.2665932,STA2285,AWS Batur Dieng,-7.20399,109.91158,2078.0,Kab. Banjarnegara,15.3,14.87,95.0,95.0,False,0.0,115.1,0.0,799.2705,14.503298527377693,-1.7100000000000009,0.0,-2.0,0.0,0.2884000000000242,6,10.0,10.0,14.87,95.34,0.0,0.0,,,,,,,
2026-09-19T17:40:00+07:00,2026-09-19T17:46:12.066986+07:00,partial,current,6.2011164333333335,STA2285,AWS Batur Dieng,-7.20399,109.91158,2078.0,Kab. Banjarnegara,14.93,14.81,,4.852,True,0.0,128.4,0.0,799.4714,,-0.9399999999999996,-0.0599999999999987,,0.0,0.4767000000000507,6,10.0,10.0,14.81,94.925,0.0,0.0,,,,,,,
2026-09-19T17:50:00+07:00,2026-09-19T18:01:40.194098+07:00,partial,current,11.669901633333334,STA2285,AWS Batur Dieng,-7.20399,109.91158,2078.0,Kab. Banjarnegara,14.82,14.81,,0.0,True,0.0,156.3,0.0,799.5889,,-0.5999999999999996,-0.0599999999999987,,0.0,0.3962000000000216,6,10.0,10.0,14.81,94.23333333333332,0.0,0.0,,,,,,,
2026-09-19T18:10:00+07:00,2026-09-19T18:16:17.949174+07:00,partial,current,6.2991529,STA2285,AWS Batur Dieng,-7.20399,109.91158,2078.0,Kab. Banjarnegara,14.4,14.3,,0.0,True,0.0,144.3,0.0,799.8091,,-1.0700000000000005,-0.5699999999999985,,0.0,0.5378999999999223,6,10.0,10.0,14.3,96.0,0.0,0.0,,,,,,,
2026-09-19T18:20:00+07:00,2026-09-19T18:31:16.382685+07:00,partial,current,11.27304475,STA2285,AWS Batur Dieng,-7.20399,109.91158,2078.0,Kab. Banjarnegara,14.29,14.02,,0.0,True,0.0,94.0,0.0,799.9898,,-1.0100000000000016,-0.8499999999999996,,0.0,0.7192999999999756,6,10.0,10.0,14.02,97.0,0.0,0.0,,,,,,,
2026-09-19T18:40:00+07:00,2026-09-19T18:46:02.517903+07:00,valid,current,6.04196505,STA2285,AWS Batur Dieng,-7.20399,109.91158,2078.0,Kab. Banjarnegara,13.66,13.26,25.66,25.66,False,0.0,51.76,0.0,800.1278,-5.687601754814209,-1.2699999999999996,-1.5500000000000007,,0.0,0.6563999999999623,6,10.0,10.0,13.26,25.66,0.0,0.0,,,,,,,
2026-09-19T18:50:00+07:00,2026-09-19T19:01:22.269117+07:00,valid,current,11.371151950000002,STA2285,AWS Batur Dieng,-7.20399,109.91158,2078.0,Kab. Banjarnegara,13.37,12.71,97.0,97.0,False,0.0,144.3,0.0,800.2575,12.903350798327796,-1.450000000000001,-2.1,,0.0,0.6686000000000831,6,10.0,10.0,12.71,61.33,0.0,0.0,,,,,,,
2026-09-19T19:10:00+07:00,2026-09-19T19:16:19.999036+07:00,valid,current,6.333317266666667,STA2285,AWS Batur Dieng,-7.20399,109.91158,2078.0,Kab. Banjarnegara,12.2,11.71,97.0,97.0,False,0.0,332.4,0.0,800.4669,11.737595887120005,-2.200000000000001,-2.59,,0.0,0.6578000000000657,6,10.0,10.0,11.71,79.16499999999999,0.0,0.0,,,,,,,
2026-09-19T19:20:00+07:00,2026-09-19T19:31:08.936833+07:00,valid,current,11.148947216666668,STA2285,AWS Batur Dieng,-7.20399,109.91158,2078.0,Kab. Banjarnegara,11.85,11.52,97.0,97.0,False,0.0,177.5,0.0,800.6444,11.388862023134225,-2.4399999999999995,-2.5,,0.0,0.6546000000000731,6,10.0,10.0,11.52,82.732,0.0,0.0,,,,,,,
2026-09-19T19:40:00+07:00,2026-09-19T19:46:21.681836+07:00,valid,current,6.361363933333333,STA2285,AWS Batur Dieng,-7.20399,109.91158,2078.0,Kab. Banjarnegara,11.65,11.33,97.0,97.0,False,0.0,354.9,0.0,800.6739,11.18958475149062,-2.01,-1.93,71.34,0.0,0.546100000000024,6,10.0,10.0,11.33,97.0,0.0,0.0,,,,,,,
2026-09-19T19:50:00+07:00,2026-09-19T20:01:21.106707+07:00,valid,current,11.35177845,STA2285,AWS Batur Dieng,-7.20399,109.91158,2078.0,Kab. Banjarnegara,11.26,11.04,97.0,97.0,False,0.0,266.9,0.0,800.674,10.800992444471056,-2.1099999999999994,-1.6700000000000017,0.0,0.0,0.4164999999999281,6,10.0,10.0,11.04,97.0,0.0,0.0,,,,,,,
2026-09-19T20:10:00+07:00,2026-09-19T20:16:10.618878+07:00,valid,current,6.1769813,STA2285,AWS Batur Dieng,-7.20399,109.91158,2078.0,Kab. Banjarnegara,10.92,10.64,97.0,97.0,False,0.0,129.1,0.0,800.7994,10.462217908659406,-1.2799999999999994,-1.0700000000000005,0.0,0.0,0.3324999999999818,6,10.0,10.0,10.64,97.0,0.0,0.0,,,,,,,
2026-09-19T20:20:00+07:00,2026-09-19T20:31:02.115673+07:00,valid,current,11.035261216666669,STA2285,AWS Batur Dieng,-7.20399,109.91158,2078.0,Kab. Banjarnegara,10.92,10.59,97.0,97.0,False,0.0,129.7,0.0,800.861,10.462217908659406,-0.9299999999999996,-0.9299999999999996,0.0,0.0,0.2165999999999712,6,10.0,10.0,10.59,97.0,0.0,0.0,,,,,,,
2026-09-19T20:40:00+07:00,2026-09-19T20:46:12.546675+07:00,valid,current,6.20911125,STA2285,AWS Batur Dieng,-7.20399,109.91158,2078.0,Kab. Banjarnegara,10.95,9.84,96.9,96.9,False,0.0,126.2,0.0,801.1302,10.4766329169045,-0.7000000000000011,-1.4900000000000002,-0.0999999999999943,0.0,0.456299999999942,6,10.0,10.0,9.84,96.98333333333332,0.0,0.0,,,,,,,
2026-09-19T20:50:00+07:00,2026-09-19T21:01:19.457635+07:00,valid,current,11.324293916666669,STA2285,AWS Batur Dieng,-7.20399,109.91158,2078.0,Kab. Banjarnegara,10.85,9.84,97.0,97.0,False,0.0,78.44,0.0,801.1295,10.39247000713515,-0.4100000000000001,-1.1999999999999993,0.0,0.0,0.4555000000000291,6,10.0,10.0,9.84,96.98333333333332,0.0,0.0,,,,,,,
2026-09-19T21:10:00+07:00,2026-09-19T21:16:35.311458+07:00,valid,current,6.5885243,STA2285,AWS Batur Dieng,-7.20399,109.91158,2078.0,Kab. Banjarnegara,10.7,9.84,97.0,97.0,False,0.0,123.0,0.0,801.086,10.24300998476802,-0.2200000000000006,-0.8000000000000007,0.0,0.0,0.2866000000000213,6,10.0,10.0,9.84,96.98333333333332,0.0,0.0,,,,,,,
2026-09-19T21:20:00+07:00,2026-09-19T21:31:15.080555+07:00,valid,current,11.251342583333331,STA2285,AWS Batur Dieng,-7.20399,109.91158,2078.0,Kab. Banjarnegara,10.52,10.27,97.0,97.0,False,0.0,189.7,0.0,801.1276,10.063657537830425,-0.4000000000000003,-0.3200000000000003,0.0,0.0,0.2666000000000394,6,10.0,10.0,9.84,96.98333333333332,0.0,0.0,,,,,,,
2026-09-19T21:40:00+07:00,2026-09-19T21:46:45.315056+07:00,valid,current,6.7552509333333335,STA2285,AWS Batur Dieng,-7.20399,109.91158,2078.0,Kab. Banjarnegara,9.77,9.41,97.0,97.0,False,0.0,108.3,0.0,801.1266,9.31635074259493,-1.1799999999999995,-0.4299999999999997,0.0999999999999943,0.0,-0.0035999999998921,6,10.0,10.0,9.41,97.0,0.0,0.0,,,,,,,
2026-09-19T21:50:00+07:00,2026-09-19T22:01:32.315506+07:00,valid,current,11.538591766666666,STA2285,AWS Batur Dieng,-7.20399,109.91158,2078.0,Kab. Banjarnegara,10.22,9.41,96.9,96.9,False,0.0,97.1,0.0,801.1278,9.74934752154245,-0.629999999999999,-0.4299999999999997,-0.0999999999999943,0.0,-0.001700000000028,6,10.0,10.0,9.41,96.98333333333332,0.0,0.0,,,,,,,
2026-09-19T22:10:00+07:00,2026-09-19T22:16:15.626108+07:00,valid,current,6.260435133333333,STA2285,AWS Batur Dieng,-7.20399,109.91158,2078.0,Kab. Banjarnegara,10.05,9.28,97.0,97.0,False,0.0,159.2,0.0,801.1263,9.595346210214323,-0.6499999999999986,-0.5600000000000005,0.0,0.0,0.040300000000002,6,10.0,10.0,9.28,96.98333333333332,0.0,0.0,,,,,,,
2026-09-19T22:20:00+07:00,2026-09-19T22:31:39.784752+07:00,valid,current,11.6630792,STA2285,AWS Batur Dieng,-7.20399,109.91158,2078.0,Kab. Banjarnegara,9.97,9.28,97.0,97.0,False,0.0,132.8,0.0,801.125,9.51563333262521,-0.5499999999999989,-0.9900000000000002,0.0,0.0,-0.0026000000000294,6,10.0,10.0,9.28,96.98333333333332,0.0,0.0,,,,,,,
2026-09-19T22:40:00+07:00,2026-09-19T22:46:15.092758+07:00,valid,current,6.251545966666667,STA2285,AWS Batur Dieng,-7.20399,109.91158,2078.0,Kab. Banjarnegara,10.54,9.28,97.0,97.0,False,0.0,97.9,0.2,801.1237,10.083585610121698,0.7699999999999996,-0.1300000000000007,0.0,0.0,-0.0029000000000678,6,10.0,10.0,9.28,96.96666666666664,0.0,0.0,,,,,,,
2026-09-19T22:50:00+07:00,2026-09-19T23:01:51.632453+07:00,valid,current,11.860540883333334,STA2285,AWS Batur Dieng,-7.20399,109.91158,2078.0,Kab. Banjarnegara,9.86,9.28,52.17,52.17,False,0.0,114.9,0.2,801.1227,0.5043113461771216,-0.3600000000000012,-0.1300000000000007,-44.73,0.0,-0.0050999999999703,6,10.0,10.0,9.28,89.51166666666666,0.0,0.0,,,,,,,
2026-09-19T23:10:00+07:00,2026-09-19T23:16:19.075583+07:00,valid,current,6.317926383333333,STA2285,AWS Batur Dieng,-7.20399,109.91158,2078.0,Kab. Banjarnegara,9.99,9.28,74.55,74.55,False,0.0,151.6,0.2,801.0489,5.675093049387479,-0.0600000000000005,0.0,-22.450000000000003,0.0,-0.0774000000000114,6,10.0,10.0,9.28,83.524,0.0,0.0,,,,,,,
2026-09-19T23:20:00+07:00,2026-09-19T23:31:38.253549+07:00,valid,current,11.63755915,STA2285,AWS Batur Dieng,-7.20399,109.91158,2078.0,Kab. Banjarnegara,9.59,9.13,97.0,97.0,False,0.0,151.1,0.2,800.9114,9.136995927810164,-0.3800000000000008,-0.1499999999999985,0.0,0.0,-0.2136000000000422,6,10.0,10.0,9.13,83.524,0.0,0.0,,,,,,,
2026-09-19T23:40:00+07:00,2026-09-19T23:46:16.424030+07:00,valid,current,6.273733833333334,STA2285,AWS Batur Dieng,-7.20399,109.91158,2078.0,Kab. Banjarnegara,9.21,8.9,96.9,96.9,False,0.0,141.3,0.2,800.6652,8.743090496768543,-1.3299999999999983,-0.379999999999999,-0.0999999999999943,0.0,-0.4584999999999581,6,10.0,10.0,8.9,83.524,0.0,0.0,,,,,,,
2026-09-19T23:50:00+07:00,2026-09-20T00:01:53.556322+07:00,valid,current,11.892605366666666,STA2285,AWS Batur Dieng,-7.20399,109.91158,2078.0,Kab. Banjarnegara,8.99,8.76,96.9,96.9,False,0.0,122.2,0.2,800.5974,8.523903820029096,-0.8699999999999992,-0.5199999999999996,44.73,0.0,-0.5253000000000156,6,10.0,10.0,8.76,92.47,0.0,0.0,,,,,,,
2026-09-20T00:10:00+07:00,2026-09-20T00:16:18.935597+07:00,valid,current,6.315593283333333,STA2285,AWS Batur Dieng,-7.20399,109.91158,2078.0,Kab. Banjarnegara,9.11,8.54,97.0,97.0,False,0.0,71.93,0.2,800.3478,8.658714181142637,-0.8800000000000008,-0.7400000000000002,22.450000000000003,0.0,-0.7010999999999967,6,10.0,10.0,8.54,96.96666666666664,0.0,0.0,,,,,,,
2026-09-20T00:20:00+07:00,2026-09-20T00:31:10.694138+07:00,valid,current,11.178235633333331,STA2285,AWS Batur Dieng,-7.20399,109.91158,2078.0,Kab. Banjarnegara,9.08,8.54,97.0,97.0,False,0.0,133.6,0.2,800.2194,8.628821463765805,-0.5099999999999998,-0.5900000000000016,0.0,0.0,-0.6920000000000073,6,10.0,10.0,8.54,96.96666666666664,0.0,0.0,,,,,,,
2026-09-20T00:40:00+07:00,2026-09-20T00:46:09.634077+07:00,valid,current,6.16056795,STA2285,AWS Batur Dieng,-7.20399,109.91158,2078.0,Kab. Banjarnegara,8.78,7.953,97.0,97.0,False,0.0,136.5,0.2,800.0375,8.32989358981043,-0.4300000000000015,-0.947,0.0999999999999943,0.0,-0.6277000000000044,6,10.0,10.0,7.953,96.98333333333332,0.0,0.0,,,,,,,
2026-09-20T00:50:00+07:00,2026-09-20T01:01:23.482756+07:00,valid,current,11.391379266666666,STA2285,AWS Batur Dieng,-7.20399,109.91158,2078.0,Kab. Banjarnegara,8.96,7.953,97.0,97.0,False,0.0,86.3,0.2,800.0394,8.50925046695191,-0.0299999999999993,-0.8069999999999995,0.0999999999999943,0.0,-0.5579999999999927,6,10.0,10.0,7.953,97.0,0.0,0.0,,,,,,,
2026-09-20T01:10:00+07:00,2026-09-20T01:15:58.704017+07:00,valid,current,5.978400283333333,STA2285,AWS Batur Dieng,-7.20399,109.91158,2078.0,Kab. Banjarnegara,8.72,7.953,97.0,97.0,False,0.0,88.9,0.2,800.0376,8.270107862250839,-0.3899999999999988,-0.5869999999999989,0.0,0.0,-0.3102000000000089,6,10.0,10.0,7.953,97.0,0.0,0.0,,,,,,,
2026-09-20T01:20:00+07:00,2026-09-20T01:31:09.591295+07:00,valid,current,11.159854916666664,STA2285,AWS Batur Dieng,-7.20399,109.91158,2078.0,Kab. Banjarnegara,8.39,7.953,97.0,97.0,False,0.0,77.91,0.2,799.9225,7.941285450422916,-0.6899999999999995,-0.5869999999999989,0.0,0.0,-0.2968999999999369,6,10.0,10.0,7.953,97.0,0.0,0.0,,,,,,,
2026-09-20T01:40:00+07:00,2026-09-20T01:46:16.384419+07:00,valid,current,6.27307365,STA2285,AWS Batur Dieng,-7.20399,109.91158,2078.0,Kab. Banjarnegara,8.18,7.724,97.0,97.0,False,0.0,185.9,0.2,799.7233,7.7320340226721935,-0.5999999999999996,-0.2290000000000001,0.0,0.0,-0.314200000000028,6,10.0,10.0,7.724,97.0,0.0,0.0,,,,,,,
2026-09-20T01:50:00+07:00,2026-09-20T02:01:15.026673+07:00,valid,current,11.25044455,STA2285,AWS Batur Dieng,-7.20399,109.91158,2078.0,Kab. Banjarnegara,7.788,7.564,97.0,97.0,False,0.0,55.37,0.2,799.6906,7.341429688486887,-1.1720000000000006,-0.3890000000000002,0.0,0.0,-0.3487999999999829,6,10.0,10.0,7.564,97.0,0.0,0.0,,,,,,,
2026-09-20T02:10:00+07:00,2026-09-20T02:16:03.687347+07:00,valid,current,6.061455783333333,STA2285,AWS Batur Dieng,-7.20399,109.91158,2078.0,Kab. Banjarnegara,8.13,7.564,97.0,97.0,False,0.0,125.0,0.2,799.5859,7.68221216221488,-0.5899999999999999,-0.3890000000000002,0.0,0.0,-0.4516999999999598,6,10.0,10.0,7.564,97.0,0.0,0.0,,,,,,,
2026-09-20T02:20:00+07:00,2026-09-20T02:31:13.971928+07:00,valid,current,11.232865466666668,STA2285,AWS Batur Dieng,-7.20399,109.91158,2078.0,Kab. Banjarnegara,7.46,7.043,97.0,97.0,False,0.0,177.6,0.2,799.5704,7.014595820188647,-0.9300000000000006,-0.91,0.0,0.0,-0.352100000000064,6,10.0,10.0,7.043,97.0,0.0,0.0,,,,,,,
2026-09-20T02:30:00+07:00,2026-09-20T02:34:50.436128+07:00,valid,current,4.840602133333333,STA2285,AWS Batur Dieng,-7.20399,109.91158,2078.0,Kab. Banjarnegara,7.977,7.043,97.0,97.0,False,0.0,162.5,0.2,799.5617,7.529757049543522,-0.5329999999999995,-0.681,0.0,0.0,-0.3127000000000635,6,10.0,10.0,7.043,97.0,0.0,0.0,,,,,,,
2026-09-20T02:40:00+07:00,2026-09-20T02:46:02.590924+07:00,valid,current,6.043182066666666,STA2285,AWS Batur Dieng,-7.20399,109.91158,2078.0,Kab. Banjarnegara,7.929,7.043,97.0,97.0,False,0.0,162.7,0.2,799.5617,7.481927926349968,-0.2509999999999994,-0.681,0.0,0.0,-0.1616000000000212,6,10.0,10.0,7.043,97.0,0.0,0.0,,,,,,,
2026-09-20T02:50:00+07:00,2026-09-20T03:01:15.337852+07:00,valid,current,11.255630866666667,STA2285,AWS Batur Dieng,-7.20399,109.91158,2078.0,Kab. Banjarnegara,7.256,6.889,97.0,97.0,False,0.0,162.6,0.2,799.5614,6.811320329623552,-0.532,-0.6749999999999998,0.0,0.0,-0.1291999999999689,6,10.0,10.0,6.889,97.0,0.0,0.0,,,,,,,
2026-09-20T03:00:00+07:00,2026-09-20T03:16:05.807587+07:00,valid,current,16.096793116666667,STA2285,AWS Batur Dieng,-7.20399,109.91158,2078.0,Kab. Banjarnegara,7.013,6.816,97.0,97.0,False,0.0,162.5,0.2,799.561,6.569182579954011,-1.2870000000000008,-0.7480000000000002,0.0,0.0,-0.1599999999999681,6,10.0,10.0,6.816,97.0,0.0,0.0,,,,,,,
2026-09-20T03:20:00+07:00,2026-09-20T03:31:07.262542+07:00,valid,current,11.121042366666668,STA2285,AWS Batur Dieng,-7.20399,109.91158,2078.0,Kab. Banjarnegara,7.435,6.632,97.0,97.0,False,0.0,208.5,0.2,799.709,6.989684639760545,-0.0250000000000003,-0.4110000000000005,0.0,0.0,0.1385999999999967,6,10.0,10.0,6.632,97.0,0.0,0.0,,,,,,,
2026-09-20T03:40:00+07:00,2026-09-20T03:46:18.281831+07:00,valid,current,6.304697183333333,STA2285,AWS Batur Dieng,-7.20399,109.91158,2078.0,Kab. Banjarnegara,7.012,6.397,97.0,97.0,False,0.0,37.85,0.2,799.7162,6.568186126583496,-0.9170000000000008,-0.6459999999999999,0.0,0.0,0.1544999999999845,6,10.0,10.0,6.397,97.0,0.0,0.0,,,,,,,
2026-09-20T03:50:00+07:00,2026-09-20T04:01:46.973581+07:00,valid,current,11.782893016666666,STA2285,AWS Batur Dieng,-7.20399,109.91158,2078.0,Kab. Banjarnegara,6.729,6.326,96.9,96.9,False,0.0,139.3,0.2,799.7172,6.271221554304044,-0.5270000000000001,-0.5630000000000006,-0.0999999999999943,0.0,0.1557999999999992,6,10.0,10.0,6.326,96.98333333333332,0.0,0.0,,,,,,,
2026-09-20T04:10:00+07:00,2026-09-20T04:16:24.780977+07:00,valid,current,6.4130162833333335,STA2285,AWS Batur Dieng,-7.20399,109.91158,2078.0,Kab. Banjarnegara,6.694,6.326,97.0,97.0,False,0.0,80.8,0.2,799.7979,6.251313237269873,-0.322,-0.4860000000000006,0.0,0.0,0.2124000000000023,6,10.0,10.0,6.326,96.96666666666664,0.0,0.0,,,,,,,
2026-09-20T04:20:00+07:00,2026-09-20T04:31:28.414302+07:00,valid,current,11.4735717,STA2285,AWS Batur Dieng,-7.20399,109.91158,2078.0,Kab. Banjarnegara,6.612,6.326,97.0,97.0,False,0.0,100.2,0.2,799.8653,6.169603643882407,-0.8229999999999995,-0.306,0.0,0.0,0.1563000000001011,6,10.0,10.0,6.326,96.96666666666664,0.0,0.0,,,,,,,
2026-09-20T04:30:00+07:00,2026-09-20T04:43:35.167392+07:00,valid,current,13.5861232,STA2285,AWS Batur Dieng,-7.20399,109.91158,2078.0,Kab. Banjarnegara,6.539,6.324,97.0,97.0,False,0.0,128.9,0.2,799.8658,6.096862096567962,-0.008,-0.0730000000000004,0.0,0.0,0.1499000000000023,6,10.0,10.0,6.324,96.96666666666664,0.0,0.0,,,,,,,
2026-09-20T04:40:00+07:00,2026-09-20T04:46:06.321144+07:00,valid,current,6.1053524,STA2285,AWS Batur Dieng,-7.20399,109.91158,2078.0,Kab. Banjarnegara,6.764,6.324,97.0,97.0,False,0.0,93.1,0.2,799.865,6.321065253929887,-0.2479999999999993,-0.0730000000000004,0.0,0.0,0.1488000000000511,6,10.0,10.0,6.324,96.96666666666664,0.0,0.0,,,,,,,
2026-09-20T04:50:00+07:00,2026-09-20T05:01:35.875183+07:00,valid,current,11.597919716666668,STA2285,AWS Batur Dieng,-7.20399,109.91158,2078.0,Kab. Banjarnegara,6.592,6.077,97.0,97.0,False,0.0,135.8,0.2,799.9219,6.1496744603346905,-0.1370000000000004,-0.2489999999999996,0.0999999999999943,0.0,0.2047000000000025,6,10.0,10.0,6.077,96.98333333333332,0.0,0.0,,,,,,,
2026-09-20T05:10:00+07:00,2026-09-20T05:16:18.063975+07:00,valid,current,6.301066250000001,STA2285,AWS Batur Dieng,-7.20399,109.91158,2078.0,Kab. Banjarnegara,6.743,5.829,97.0,97.0,False,0.0,122.2,0.4,800.0279,6.300139656209935,0.0490000000000003,-0.4969999999999999,0.0,0.0,0.2300000000000182,6,10.0,10.0,5.829,97.0,0.0,0.0,,,,,,,
2026-09-20T05:20:00+07:00,2026-09-20T05:31:17.181750+07:00,valid,current,11.2863625,STA2285,AWS Batur Dieng,-7.20399,109.91158,2078.0,Kab. Banjarnegara,6.676,5.829,97.0,97.0,False,0.0,125.0,0.4,800.0285,6.233376993210904,0.064,-0.4969999999999999,0.0,0.0,0.1631999999999607,6,10.0,10.0,5.829,97.0,0.0,0.0,,,,,,,
2026-09-20T05:40:00+07:00,2026-09-20T05:46:02.275451+07:00,valid,current,6.037924183333333,STA2285,AWS Batur Dieng,-7.20399,109.91158,2078.0,Kab. Banjarnegara,6.289,5.829,97.0,97.0,False,0.0,118.3,0.4,800.2328,5.847746637362082,-0.4750000000000005,-0.4950000000000001,0.0,0.0,0.3677999999999883,6,10.0,10.0,5.829,97.0,0.0,0.0,,,,,,,
2026-09-20T05:50:00+07:00,2026-09-20T06:01:44.413212+07:00,valid,current,11.7402202,STA2285,AWS Batur Dieng,-7.20399,109.91158,2078.0,Kab. Banjarnegara,6.276,5.829,97.0,97.0,False,0.0,68.87,0.4,800.3257,5.834792609300818,-0.3159999999999998,-0.2480000000000002,0.0,0.0,0.4037999999999329,6,10.0,10.0,5.829,97.0,0.0,0.0,,,,,,,
2026-09-20T06:10:00+07:00,2026-09-20T06:16:54.041147+07:00,valid,current,6.9006857833333335,STA2285,AWS Batur Dieng,-7.20399,109.91158,2078.0,Kab. Banjarnegara,6.709,6.658,97.0,97.0,False,0.0,197.6,0.0,800.6606,6.266260103817906,-0.0340000000000006,0.8290000000000006,0.0,0.0,0.6326999999999998,6,10.0,10.0,5.829,96.98333333333332,0.0,0.0,,,,,,,
2026-09-20T06:20:00+07:00,2026-09-20T06:31:12.339571+07:00,valid,current,11.205659516666666,STA2285,AWS Batur Dieng,-7.20399,109.91158,2078.0,Kab. Banjarnegara,8.0,6.658,97.0,97.0,False,0.0,70.37,0.0,800.6667,7.552675159523966,1.3239999999999998,0.8290000000000006,0.0,0.0,0.6381999999999834,6,10.0,10.0,5.829,96.98333333333332,0.0,0.0,,,,,,,
2026-09-20T06:30:00+07:00,2026-09-20T06:40:04.962161+07:00,valid,current,10.082702683333334,STA2285,AWS Batur Dieng,-7.20399,109.91158,2078.0,Kab. Banjarnegara,9.85,6.658,97.0,97.0,False,0.0,94.7,0.0,800.6995,9.39606384650271,3.3999999999999995,0.8290000000000006,0.0,0.0,0.6573999999999387,6,10.0,10.0,5.829,96.98333333333332,0.0,0.0,,,,,,,
2026-09-20T06:50:00+07:00,2026-09-20T07:01:27.621761+07:00,valid,current,11.460362683333331,STA2285,AWS Batur Dieng,-7.20399,109.91158,2078.0,Kab. Banjarnegara,12.81,6.658,97.0,97.0,False,0.0,106.1,0.0,800.9377,12.345385051501834,6.534000000000001,0.8290000000000006,0.0,0.0,0.6119999999999663,6,10.0,10.0,5.829,96.975,0.0,0.0,,,,,,,
2026-09-20T07:10:00+07:00,2026-09-20T07:16:14.148671+07:00,partial,current,6.235811183333333,STA2285,AWS Batur Dieng,-7.20399,109.91158,2078.0,Kab. Banjarnegara,14.81,14.16,,0.0,True,0.0,94.8,0.0,801.157,,8.101,7.502,,0.0,0.4963999999999942,6,10.0,10.0,6.658,89.166,0.0,0.0,,,,,,,
2026-09-20T07:20:00+07:00,2026-09-20T07:31:31.206131+07:00,partial,current,11.520102183333334,STA2285,AWS Batur Dieng,-7.20399,109.91158,2078.0,Kab. Banjarnegara,14.94,14.16,,0.0,True,0.0,107.1,0.0,801.1203,,6.94,7.502,,0.0,0.4536000000000513,6,10.0,10.0,6.658,87.2075,0.0,0.0,,,,,,,
2026-09-20T07:40:00+07:00,2026-09-20T07:46:12.330054+07:00,valid,current,6.2055009000000005,STA2285,AWS Batur Dieng,-7.20399,109.91158,2078.0,Kab. Banjarnegara,17.67,17.39,24.26,24.26,False,0.0,297.0,0.0,801.3181,-3.0202483362676213,6.500000000000002,10.732,-72.74,0.0,0.4847999999999501,6,10.0,10.0,6.658,59.69666666666666,0.0,0.0,,,,,,,
2026-09-20T07:50:00+07:00,2026-09-20T08:01:56.034194+07:00,valid,current,11.933903233333332,STA2285,AWS Batur Dieng,-7.20399,109.91158,2078.0,Kab. Banjarnegara,17.95,17.39,96.9,96.9,False,0.0,292.1,0.0,801.3878,17.450206910867877,5.139999999999999,10.732,-0.0999999999999943,0.0,0.4501000000000204,6,10.0,10.0,6.658,59.66333333333333,0.0,0.0,,,,,,,
2026-09-20T08:10:00+07:00,2026-09-20T08:16:24.435738+07:00,valid,current,6.4072623,STA2285,AWS Batur Dieng,-7.20399,109.91158,2078.0,Kab. Banjarnegara,18.47,17.39,97.0,97.0,False,0.289,271.0,0.0,801.6314,17.984620432102933,3.6599999999999984,3.2300000000000004,,0.289,0.474399999999946,6,10.0,10.0,14.16,78.79,0.1196666666666666,0.429,,,,,,,
2026-09-20T08:20:00+07:00,2026-09-20T08:31:35.472678+07:00,valid,current,11.5912113,STA2285,AWS Batur Dieng,-7.20399,109.91158,2078.0,Kab. Banjarnegara,19.37,17.39,97.0,97.0,False,0.0,283.4,0.0,801.6325,18.881276887905003,4.4300000000000015,3.2300000000000004,,0.0,0.5122000000000071,6,10.0,10.0,17.39,82.432,0.1196666666666666,0.429,,,,,,,
2026-09-20T08:30:00+07:00,2026-09-20T08:46:12.306397+07:00,valid,current,16.205106616666665,STA2285,AWS Batur Dieng,-7.20399,109.91158,2078.0,Kab. Banjarnegara,19.73,17.39,96.9,96.9,False,0.064,237.7,0.0,801.6306,19.22337291753635,2.1700000000000017,-0.009999999999998,,0.064,0.3123999999999114,6,10.0,10.0,17.39,84.84333333333335,0.1303333333333333,0.429,,,,,,,
2026-09-20T08:40:00+07:00,2026-09-20T09:01:15.908027+07:00,valid,current,21.265133783333333,STA2285,AWS Batur Dieng,-7.20399,109.91158,2078.0,Kab. Banjarnegara,19.88,17.39,96.9,96.9,False,0.405,270.5,0.0,801.6322,19.372794903228414,2.2099999999999973,0.0,72.64,0.405,0.3141000000000531,6,10.0,10.0,17.39,96.95,0.1978333333333333,0.429,,,,,,,
2026-09-20T09:10:00+07:00,2026-09-20T09:16:15.091947+07:00,valid,current,6.25153245,STA2285,AWS Batur Dieng,-7.20399,109.91158,2078.0,Kab. Banjarnegara,19.99,19.38,97.0,97.0,False,0.95,290.4,0.0,801.6507,19.498966893702068,1.5199999999999996,1.9899999999999984,0.0,0.661,0.0193000000000438,5,10.0,20.0,17.39,96.96,0.3696,0.95,,,,,,,
2026-09-20T09:20:00+07:00,2026-09-20T09:31:25.105856+07:00,valid,current,11.418430933333331,STA2285,AWS Batur Dieng,-7.20399,109.91158,2078.0,Kab. Banjarnegara,20.35,19.38,97.0,97.0,False,1.271,292.3,0.0,801.6361,19.85762311211314,0.9800000000000004,1.9899999999999984,0.0,1.271,0.0036000000000058,6,10.0,10.0,17.39,96.96,0.6237999999999999,1.271,,,,,,,
2026-09-20T09:40:00+07:00,2026-09-20T09:46:19.159370+07:00,valid,current,6.3193228333333336,STA2285,AWS Batur Dieng,-7.20399,109.91158,2078.0,Kab. Banjarnegara,20.12,19.38,97.0,97.0,False,1.101,284.2,0.0,801.6326,19.62848185065977,0.240000000000002,1.9899999999999984,0.0999999999999943,0.696,0.0004000000000132,6,10.0,10.0,19.38,97.0,0.8966,1.271,,,,,,,
2026-09-20T09:50:00+07:00,2026-09-20T10:01:22.732784+07:00,valid,current,11.378879733333331,STA2285,AWS Batur Dieng,-7.20399,109.91158,2078.0,Kab. Banjarnegara,20.4,19.38,96.9,96.9,False,0.649,264.3,0.0,801.5944,19.890788573838723,,,,,,6,10.0,10.0,19.38,96.98333333333332,0.8553333333333333,1.271,,,,,,,
2026-09-20T10:00:00+07:00,2026-09-20T10:16:17.449240+07:00,valid,current,16.29082066666667,STA2285,AWS Batur Dieng,-7.20399,109.91158,2078.0,Kab. Banjarnegara,20.56,19.38,97.0,97.0,False,0.361,268.9,0.0,801.477,20.066838393133622,0.5999999999999979,0.0,0.0,-0.068,-0.269800000000032,6,10.0,10.0,19.38,96.98333333333332,0.844,1.271,,,,,,,
2026-09-20T10:20:00+07:00,2026-09-20T10:31:30.543668+07:00,valid,current,11.509061133333336,STA2285,AWS Batur Dieng,-7.20399,109.91158,2078.0,Kab. Banjarnegara,20.47,19.38,97.0,97.0,False,0.33,278.3,0.0,801.2384,19.97717477763309,0.1199999999999974,0.0,0.0,-0.9409999999999998,-0.3977000000000998,6,10.0,10.0,19.38,96.98333333333332,0.5896666666666667,1.101,,,,,,,
2026-09-20T10:40:00+07:00,2026-09-20T10:46:00.752306+07:00,valid,current,6.012538433333333,STA2285,AWS Batur Dieng,-7.20399,109.91158,2078.0,Kab. Banjarnegara,20.93,19.38,97.0,97.0,False,0.0,267.8,0.0,801.1436,20.43545427562317,0.8099999999999987,0.0,0.0,-1.101,-0.4890000000000327,6,10.0,10.0,19.38,96.96666666666664,0.3721666666666667,0.649,,,,,,,
2026-09-20T10:50:00+07:00,2026-09-20T11:01:17.336868+07:00,valid,current,11.2889478,STA2285,AWS Batur Dieng,-7.20399,109.91158,2078.0,Kab. Banjarnegara,20.94,19.38,97.0,97.0,False,0.0,291.5,0.0,800.9594,20.445416840172697,0.5400000000000027,0.0,0.0999999999999943,-0.649,-0.6349999999999909,6,10.0,10.0,19.38,96.98333333333332,0.264,0.528,,,,,,,
2026-09-20T11:10:00+07:00,2026-09-20T11:16:12.339934+07:00,valid,current,6.205665566666667,STA2285,AWS Batur Dieng,-7.20399,109.91158,2078.0,Kab. Banjarnegara,21.09,19.38,97.0,97.0,False,0.1,286.2,0.0,800.7138,20.59485513871671,0.3299999999999983,0.0,0.0,-0.265,-0.6484000000000378,6,10.0,10.0,19.38,96.98333333333332,0.2141666666666667,0.528,,,,,,,
2026-09-20T11:20:00+07:00,2026-09-20T11:31:40.570828+07:00,valid,current,11.676180466666668,STA2285,AWS Batur Dieng,-7.20399,109.91158,2078.0,Kab. Banjarnegara,21.17,19.38,97.0,97.0,False,0.332,290.5,0.0,800.6461,20.674555434504526,0.7000000000000028,0.0,0.0,0.002,-0.5922999999999092,6,10.0,10.0,19.38,96.98333333333332,0.2145,0.528,,,,,,,
2026-09-20T11:40:00+07:00,2026-09-20T11:46:24.844744+07:00,valid,current,6.414079066666667,STA2285,AWS Batur Dieng,-7.20399,109.91158,2078.0,Kab. Banjarnegara,21.04,19.38,97.0,97.0,False,0.0,190.6,0.0,800.5371,20.54504240788929,0.1099999999999994,0.0,0.0,0.0,-0.6064999999999827,6,10.0,10.0,19.38,96.98333333333332,0.1265,0.332,,,,,,,
2026-09-20T11:50:00+07:00,2026-09-20T12:01:36.826486+07:00,valid,current,11.613774766666667,STA2285,AWS Batur Dieng,-7.20399,109.91158,2078.0,Kab. Banjarnegara,20.07,18.72,97.0,97.0,False,0.0,94.3,0.0,800.3948,19.57866843395976,-0.870000000000001,-0.6600000000000001,0.0,0.0,-0.5645999999999276,6,10.0,10.0,18.72,96.98333333333332,0.1265,0.332,,,,,,,
2026-09-20T12:10:00+07:00,2026-09-20T12:16:12.147513+07:00,valid,current,6.20245855,STA2285,AWS Batur Dieng,-7.20399,109.91158,2078.0,Kab. Banjarnegara,18.74,18.09,91.0,91.0,False,0.0,68.89,0.0,800.2838,17.239862650946012,-2.3500000000000014,-1.2899999999999991,-6.0,-0.1,-0.42999999999995,6,10.0,10.0,18.09,95.98333333333332,0.0553333333333333,0.332,,,,,,,
2026-09-20T12:20:00+07:00,2026-09-20T12:31:13.913359+07:00,valid,current,11.231889316666669,STA2285,AWS Batur Dieng,-7.20399,109.91158,2078.0,Kab. Banjarnegara,18.4,17.95,11.53,11.53,False,0.0,102.9,0.0,800.1766,-12.05424894601422,-2.770000000000003,-1.4299999999999995,-85.47,-0.332,-0.4695000000000391,6,10.0,10.0,17.95,81.73833333333333,0.0,0.0,,,,,,,
2026-09-20T12:40:00+07:00,2026-09-20T12:46:17.432623+07:00,valid,current,6.290543716666666,STA2285,AWS Batur Dieng,-7.20399,109.91158,2078.0,Kab. Banjarnegara,18.94,17.95,58.59,58.59,False,0.084,156.8,0.0,800.0449,10.645488138023303,-2.099999999999998,-1.4299999999999995,-38.41,0.084,-0.4922000000000253,6,10.0,10.0,17.95,68.17666666666666,0.014,0.084,,,,,,,
2026-09-20T12:50:00+07:00,2026-09-20T13:01:51.448768+07:00,partial,current,11.857479466666666,STA2285,AWS Batur Dieng,-7.20399,109.91158,2078.0,Kab. Banjarnegara,18.7,17.95,,0.0,True,0.261,139.0,0.0,799.8549,,-1.370000000000001,-0.7699999999999996,,0.261,-0.5398999999999887,6,10.0,10.0,17.95,62.412,0.0575,0.261,,,,,,,
2026-09-20T13:10:00+07:00,2026-09-20T13:16:04.279842+07:00,partial,current,6.0713307,STA2285,AWS Batur Dieng,-7.20399,109.91158,2078.0,Kab. Banjarnegara,18.88,17.95,,0.0,True,1.948,134.2,0.0,799.6125,,0.1400000000000005,-0.1400000000000005,,1.948,-0.6713000000000875,6,10.0,10.0,17.95,41.35333333333333,0.7908333333333334,2.452,,,,,,,
2026-09-20T13:20:00+07:00,2026-09-20T13:31:08.288245+07:00,valid,current,11.138137416666666,STA2285,AWS Batur Dieng,-7.20399,109.91158,2078.0,Kab. Banjarnegara,19.09,17.95,48.52,48.52,False,0.824,142.0,0.0,799.6137,7.981004667455611,0.6900000000000013,0.0,36.99,0.824,-0.5629000000000133,6,10.0,10.0,17.95,53.68333333333334,0.9281666666666668,2.452,,,,,,,
2026-09-20T13:40:00+07:00,2026-09-20T13:46:29.459392+07:00,valid,current,6.490989866666666,STA2285,AWS Batur Dieng,-7.20399,109.91158,2078.0,Kab. Banjarnegara,18.48,17.95,68.33,68.33,False,0.093,145.9,0.0,799.2743,12.53786561309404,-0.4600000000000008,0.0,9.739999999999997,0.0089999999999999,-0.7705999999999449,6,10.0,10.0,17.95,71.21666666666665,0.9548333333333332,2.452,,,,,,,
2026-09-20T13:50:00+07:00,2026-09-20T14:01:16.668747+07:00,partial,current,11.27781245,STA2285,AWS Batur Dieng,-7.20399,109.91158,2078.0,Kab. Banjarnegara,18.48,17.95,,0.0,True,1.553,142.5,0.0,799.1898,,-0.2199999999999988,0.0,,1.2919999999999998,-0.6651000000000522,6,10.0,10.0,17.95,71.21666666666665,1.1701666666666666,2.452,,,,,,,
2026-09-20T14:00:00+07:00,2026-09-20T14:07:15.841201+07:00,partial,current,7.264020016666667,STA2285,AWS Batur Dieng,-7.20399,109.91158,2078.0,Kab. Banjarnegara,18.29,17.95,,0.0,True,2.105,141.4,0.0,799.1774,,-0.5,0.0,,-0.347,-0.515299999999911,6,10.0,10.0,17.95,71.21666666666665,1.1123333333333332,2.105,,,,,,,
2026-09-20T14:20:00+07:00,2026-09-20T14:31:14.138955+07:00,partial,current,11.23564925,STA2285,AWS Batur Dieng,-7.20399,109.91158,2078.0,Kab. Banjarnegara,18.17,17.91,,0.0,True,0.688,143.6,0.0,799.0431,,-0.9199999999999982,-0.0399999999999991,,-0.136,-0.5706000000000131,6,10.0,10.0,17.91,82.565,1.1993333333333334,2.606,,,,,,,
2026-09-20T14:40:00+07:00,2026-09-20T14:46:14.831131+07:00,valid,current,6.247185516666667,STA2285,AWS Batur Dieng,-7.20399,109.91158,2078.0,Kab. Banjarnegara,18.2,17.91,97.0,97.0,False,0.0,184.2,0.0,798.9871,17.715621261589924,-0.2800000000000011,-0.0399999999999991,28.67,-0.093,-0.2871999999999843,6,10.0,10.0,17.91,74.98,1.1993333333333331,2.606,,,,,,,
2026-09-20T14:50:00+07:00,2026-09-20T15:01:23.928146+07:00,valid,current,11.398802433333334,STA2285,AWS Batur Dieng,-7.20399,109.91158,2078.0,Kab. Banjarnegara,18.14,17.86,96.9,96.9,False,0.0,183.2,0.0,798.9779,17.639479647786292,-0.3399999999999998,-0.0899999999999998,,-1.553,-0.2119000000000142,6,10.0,10.0,17.86,82.28666666666668,0.9405,2.606,,,,,,,
2026-09-20T15:10:00+07:00,2026-09-20T15:16:16.144976+07:00,valid,current,6.269082933333333,STA2285,AWS Batur Dieng,-7.20399,109.91158,2078.0,Kab. Banjarnegara,18.95,17.86,97.0,97.0,False,0.281,200.2,0.0,798.7906,18.46283863406446,0.5,-0.0899999999999998,,-2.325,-0.3561999999999443,6,10.0,10.0,17.86,88.172,0.2358333333333333,0.688,,,,,,,
2026-09-20T15:20:00+07:00,2026-09-20T15:31:10.801109+07:00,valid,current,11.180018483333331,STA2285,AWS Batur Dieng,-7.20399,109.91158,2078.0,Kab. Banjarnegara,17.86,17.61,97.0,97.0,False,0.0,175.9,0.0,798.8363,17.376880098818695,-0.3100000000000023,-0.3000000000000007,,-0.688,-0.2067999999999301,6,10.0,10.0,17.61,89.64333333333333,0.1211666666666666,0.281,,,,,,,
2026-09-20T15:40:00+07:00,2026-09-20T15:46:17.643009+07:00,valid,current,6.29405015,STA2285,AWS Batur Dieng,-7.20399,109.91158,2078.0,Kab. Banjarnegara,17.46,17.19,97.0,97.0,False,0.04,193.0,0.0,798.8362,16.978358990699544,-0.7399999999999984,-0.7199999999999989,0.0,0.04,-0.1509000000000924,6,10.0,10.0,17.19,96.98333333333332,0.0871666666666666,0.281,,,,,,,
2026-09-20T15:50:00+07:00,2026-09-20T16:01:33.609610+07:00,valid,current,11.560160166666666,STA2285,AWS Batur Dieng,-7.20399,109.91158,2078.0,Kab. Banjarnegara,17.46,17.19,14.56,14.56,False,0.0,193.3,0.0,798.8361,-9.863877380889967,-0.6799999999999997,-0.6699999999999982,-82.34,0.0,-0.1417999999999892,6,10.0,10.0,17.19,83.26,0.0871666666666666,0.281,,,,,,,
2026-09-20T16:10:00+07:00,2026-09-20T16:16:05.546626+07:00,partial,current,6.092443766666666,STA2285,AWS Batur Dieng,-7.20399,109.91158,2078.0,Kab. Banjarnegara,17.46,17.09,,0.0,True,0.0,174.1,0.0,798.8295,,-1.4899999999999984,-0.7699999999999996,,-0.281,0.0389000000000123,6,10.0,10.0,17.09,76.39,0.0868333333333333,0.481,,,,,,,
2026-09-20T16:20:00+07:00,2026-09-20T16:31:15.729356+07:00,valid,current,11.262155933333334,STA2285,AWS Batur Dieng,-7.20399,109.91158,2078.0,Kab. Banjarnegara,17.6,17.09,16.37,16.37,False,0.452,151.7,0.0,798.8325,-8.253462347330709,-0.259999999999998,-0.5199999999999996,-80.63,0.452,-0.0038000000000693,6,10.0,10.0,17.09,56.2325,0.1621666666666666,0.481,,,,,,,
2026-09-20T16:40:00+07:00,2026-09-20T16:46:14.897970+07:00,valid,current,6.2482995,STA2285,AWS Batur Dieng,-7.20399,109.91158,2078.0,Kab. Banjarnegara,17.17,16.91,57.75,57.75,False,0.0,174.0,0.0,798.8111,8.771493868166464,-0.2899999999999991,-0.2800000000000011,-39.25,-0.04,-0.0250999999999521,6,10.0,10.0,16.91,45.62,0.1813333333333333,0.481,,,,,,,
2026-09-20T16:50:00+07:00,2026-09-20T17:01:17.509397+07:00,partial,current,11.291823283333336,STA2285,AWS Batur Dieng,-7.20399,109.91158,2078.0,Kab. Banjarnegara,17.41,17.06,,0.0,True,0.0,116.6,0.0,798.9842,,-0.0500000000000007,-0.1300000000000025,,0.0,0.1480999999999994,6,10.0,10.0,16.91,55.973333333333336,0.1813333333333333,0.481,,,,,,,
2026-09-20T17:10:00+07:00,2026-09-20T17:16:06.336769+07:00,valid,current,6.1056128166666666,STA2285,AWS Batur Dieng,-7.20399,109.91158,2078.0,Kab. Banjarnegara,16.23,15.89,97.0,97.0,False,0.0,110.4,0.0,798.9701,15.752892405857452,-1.2300000000000004,-1.1999999999999993,,0.0,0.1405999999999494,6,10.0,10.0,15.89,71.424,0.1011666666666666,0.452,,,,,,,
2026-09-20T17:20:00+07:00,2026-09-20T17:31:19.902159+07:00,valid,current,11.33170265,STA2285,AWS Batur Dieng,-7.20399,109.91158,2078.0,Kab. Banjarnegara,15.52,15.3,97.0,97.0,False,0.0,90.0,0.0,798.9662,15.045499515000383,-2.080000000000002,-1.7899999999999991,80.63,-0.452,0.1336999999999761,6,10.0,10.0,15.3,87.55,0.0258333333333333,0.155,,,,,,,
2026-09-20T17:40:00+07:00,2026-09-20T17:46:21.984309+07:00,valid,current,6.36640515,STA2285,AWS Batur Dieng,-7.20399,109.91158,2078.0,Kab. Banjarnegara,14.71,14.56,97.0,97.0,False,0.0,132.8,0.0,799.1211,14.238465116037489,-2.460000000000001,-2.35,39.25,0.0,0.3099999999999454,6,10.0,10.0,14.56,96.04,0.0,0.0,,,,,,,
2026-09-20T17:50:00+07:00,2026-09-20T18:01:15.102672+07:00,valid,current,11.2517112,STA2285,AWS Batur Dieng,-7.20399,109.91158,2078.0,Kab. Banjarnegara,14.55,14.36,97.0,97.0,False,0.0,117.7,0.0,799.1853,14.07904981624494,-2.8599999999999994,-2.7,,0.0,0.2010999999999967,6,10.0,10.0,14.36,96.2,0.0,0.0,,,,,,,
2026-09-20T18:10:00+07:00,2026-09-20T18:16:03.098219+07:00,valid,current,6.051636983333333,STA2285,AWS Batur Dieng,-7.20399,109.91158,2078.0,Kab. Banjarnegara,13.18,12.94,97.0,97.0,False,0.0,164.4,0.0,799.3401,12.71404148852882,-3.0500000000000007,-2.950000000000001,0.0,0.0,0.3700000000000045,6,10.0,10.0,12.94,97.0,0.0,0.0,,,,,,,
2026-09-20T18:20:00+07:00,2026-09-20T18:31:12.980383+07:00,valid,current,11.216339716666663,STA2285,AWS Batur Dieng,-7.20399,109.91158,2078.0,Kab. Banjarnegara,12.91,12.73,86.4,86.4,False,0.0,163.3,0.0,799.5199,10.693734032590962,-2.6099999999999994,-2.5700000000000003,-10.599999999999994,0.0,0.5537000000000489,6,10.0,10.0,12.73,95.23333333333332,0.0,0.0,,,,,,,
2026-09-20T18:40:00+07:00,2026-09-20T18:46:12.844268+07:00,partial,current,6.214071133333333,STA2285,AWS Batur Dieng,-7.20399,109.91158,2078.0,Kab. Banjarnegara,12.8,12.23,,3.222,True,0.0,146.0,0.0,799.673,,-1.91,-2.33,,0.0,0.551900000000046,6,10.0,10.0,12.23,94.35,0.0,0.0,,,,,,,
2026-09-20T18:50:00+07:00,2026-09-20T19:01:05.492088+07:00,valid,current,11.0915348,STA2285,AWS Batur Dieng,-7.20399,109.91158,2078.0,Kab. Banjarnegara,12.58,12.23,90.4,90.4,False,0.0,136.6,0.0,799.8171,11.049696002063063,-1.9700000000000009,-2.129999999999999,-6.599999999999994,0.0,0.6317999999999984,6,10.0,10.0,12.23,92.7,0.0,0.0,,,,,,,
2026-09-20T19:10:00+07:00,2026-09-20T19:18:27.283295+07:00,valid,current,8.454721583333333,STA2285,AWS Batur Dieng,-7.20399,109.91158,2078.0,Kab. Banjarnegara,12.19,11.81,97.0,97.0,False,0.0,157.1,0.0,800.0475,11.72763208647994,-0.9900000000000002,-1.129999999999999,0.0,0.0,0.7074000000000069,6,10.0,10.0,11.81,92.7,0.0,0.0,,,,,,,
2026-09-20T19:20:00+07:00,2026-09-20T19:31:13.190882+07:00,valid,current,11.219848033333331,STA2285,AWS Batur Dieng,-7.20399,109.91158,2078.0,Kab. Banjarnegara,12.14,11.66,97.0,97.0,False,0.0,136.4,0.0,800.0763,11.677813062063288,-0.7699999999999996,-1.0700000000000005,10.599999999999994,0.0,0.5563999999999396,6,10.0,10.0,11.66,95.35,0.0,0.0,,,,,,,
2026-09-20T19:40:00+07:00,2026-09-20T19:46:23.854920+07:00,valid,current,6.397582,STA2285,AWS Batur Dieng,-7.20399,109.91158,2078.0,Kab. Banjarnegara,12.46,11.66,97.0,97.0,False,0.0,152.6,0.0,800.3539,11.99665420730011,-0.3399999999999998,-0.5700000000000003,,0.0,0.6808999999999514,6,10.0,10.0,11.66,95.88333333333333,0.0,0.0,,,,,,,
2026-09-20T19:50:00+07:00,2026-09-20T20:01:13.158698+07:00,valid,current,11.219311633333332,STA2285,AWS Batur Dieng,-7.20399,109.91158,2078.0,Kab. Banjarnegara,12.71,11.66,97.0,97.0,False,0.0,135.2,0.0,800.3536,12.245747844245304,0.1300000000000007,-0.5700000000000003,6.599999999999994,0.0,0.5365000000000464,6,10.0,10.0,11.66,96.98333333333332,0.0,0.0,,,,,,,
2026-09-20T20:10:00+07:00,2026-09-20T20:16:14.201214+07:00,valid,current,6.2366869,STA2285,AWS Batur Dieng,-7.20399,109.91158,2078.0,Kab. Banjarnegara,11.79,11.28,97.0,97.0,False,0.0,162.2,0.0,800.4734,11.329078901047447,-0.4000000000000003,-0.5300000000000011,0.0,0.0,0.425899999999956,6,10.0,10.0,11.28,96.98333333333332,0.0,0.0,,,,,,,
2026-09-20T20:20:00+07:00,2026-09-20T20:31:48.604638+07:00,valid,current,11.8100773,STA2285,AWS Batur Dieng,-7.20399,109.91158,2078.0,Kab. Banjarnegara,11.53,11.28,97.0,97.0,False,0.0,147.5,0.0,800.5026,11.07001811693228,-0.6100000000000012,-0.3800000000000008,0.0,0.0,0.4263000000000829,6,10.0,10.0,11.28,96.98333333333332,0.0,0.0,,,,,,,
2026-09-20T20:40:00+07:00,2026-09-20T20:46:15.862727+07:00,valid,current,6.264378783333333,STA2285,AWS Batur Dieng,-7.20399,109.91158,2078.0,Kab. Banjarnegara,12.11,11.1,97.0,97.0,False,0.0,158.7,0.0,800.5034,11.647921630440202,-0.3500000000000014,-0.5600000000000005,0.0,0.0,0.1495000000001027,6,10.0,10.0,11.1,96.98333333333332,0.0,0.0,,,,,,,
2026-09-20T20:50:00+07:00,2026-09-20T21:01:20.553775+07:00,valid,current,11.342562916666669,STA2285,AWS Batur Dieng,-7.20399,109.91158,2078.0,Kab. Banjarnegara,11.34,11.06,97.0,97.0,False,0.0,151.5,0.0,800.5189,10.880703862327946,-1.370000000000001,-0.5999999999999996,0.0,0.0,0.165300000000002,6,10.0,10.0,11.06,96.98333333333332,0.0,0.0,,,,,,,
2026-09-20T21:10:00+07:00,2026-09-20T21:16:27.271967+07:00,valid,current,6.454532783333334,STA2285,AWS Batur Dieng,-7.20399,109.91158,2078.0,Kab. Banjarnegara,11.31,11.0,97.0,97.0,False,0.0,156.1,0.0,800.5447,10.850812091239982,-0.4799999999999986,-0.2799999999999993,0.0,0.0,0.0713000000000647,6,10.0,10.0,11.0,96.98333333333332,0.0,0.0,,,,,,,
2026-09-20T21:20:00+07:00,2026-09-20T21:31:24.497035+07:00,valid,current,11.408283916666669,STA2285,AWS Batur Dieng,-7.20399,109.91158,2078.0,Kab. Banjarnegara,10.68,10.49,96.9,96.9,False,0.0,154.5,0.0,800.5029,10.207637856722254,-0.8499999999999996,-0.7899999999999991,-0.0999999999999943,0.0,0.0002999999999246,6,10.0,10.0,10.49,96.96666666666664,0.0,0.0,,,,,,,
2026-09-20T21:30:00+07:00,2026-09-20T21:46:16.331254+07:00,valid,current,16.272187566666666,STA2285,AWS Batur Dieng,-7.20399,109.91158,2078.0,Kab. Banjarnegara,10.62,10.45,97.0,97.0,False,0.0,159.9,0.0,800.4958,10.163297842707909,-0.8200000000000003,-0.6500000000000004,0.0999999999999943,0.0,-0.0072000000000116,6,10.0,10.0,10.45,96.98333333333332,0.0,0.0,,,,,,,
2026-09-20T21:50:00+07:00,2026-09-20T22:01:45.557024+07:00,valid,current,11.759283733333332,STA2285,AWS Batur Dieng,-7.20399,109.91158,2078.0,Kab. Banjarnegara,10.72,10.37,97.0,97.0,False,0.0,175.2,0.0,800.6674,10.262938006138365,-0.6199999999999992,-0.6900000000000013,0.0,0.0,0.1485000000000127,5,10.0,20.0,10.37,96.98,0.0,0.0,,,,,,,
2026-09-20T22:10:00+07:00,2026-09-20T22:16:14.562286+07:00,valid,current,6.242704766666666,STA2285,AWS Batur Dieng,-7.20399,109.91158,2078.0,Kab. Banjarnegara,10.13,9.99,96.9,96.9,False,0.0,149.0,0.0,800.6665,9.659681659308752,-1.1799999999999995,-1.0099999999999998,-0.0999999999999943,0.0,0.1218000000000074,6,10.0,10.0,9.99,96.96,0.0,0.0,,,,,,,
2026-09-20T22:20:00+07:00,2026-09-20T22:31:15.484974+07:00,valid,current,11.2580829,STA2285,AWS Batur Dieng,-7.20399,109.91158,2078.0,Kab. Banjarnegara,9.59,9.32,96.9,96.9,False,0.0,160.9,0.0,800.6676,9.121683998836152,-1.09,-1.17,0.0,0.0,0.1647000000000389,6,10.0,10.0,9.32,96.96,0.0,0.0,,,,,,,
2026-09-20T22:40:00+07:00,2026-09-20T22:46:25.499366+07:00,valid,current,6.424989433333334,STA2285,AWS Batur Dieng,-7.20399,109.91158,2078.0,Kab. Banjarnegara,12.25,9.32,97.0,97.0,False,0.0,137.8,0.0,800.5422,11.787414869103976,,,,,,6,10.0,10.0,9.32,96.96666666666664,0.0,0.0,,,,,,,
2026-09-20T22:50:00+07:00,2026-09-20T23:01:20.914210+07:00,valid,current,11.348570166666669,STA2285,AWS Batur Dieng,-7.20399,109.91158,2078.0,Kab. Banjarnegara,12.68,9.32,97.0,97.0,False,0.0,134.3,0.0,800.5094,12.215856654487414,1.959999999999999,-1.049999999999999,0.0,0.0,-0.1580000000000154,6,10.0,10.0,9.32,96.96666666666664,0.0,0.0,,,,,,,
2026-09-20T23:10:00+07:00,2026-09-20T23:17:37.779025+07:00,invalid,current,7.629650416666666,STA2285,AWS Batur Dieng,-7.20399,109.91158,2078.0,Kab. Banjarnegara,11.86,9.32,5.917,5.917,False,0.0,168.3,0.0,800.2883,-24.84938818266686,1.7299999999999986,-0.6699999999999999,-90.983,0.0,-0.3781999999999925,6,10.0,10.0,9.32,80.93616666666667,0.0,0.0,,,,,,,
2026-09-20T23:20:00+07:00,2026-09-20T23:31:19.371058+07:00,partial,current,11.322850966666666,STA2285,AWS Batur Dieng,-7.20399,109.91158,2078.0,Kab. Banjarnegara,11.1,9.32,,0.0,True,0.0,162.5,0.0,800.1935,,1.5099999999999998,0.0,,0.0,-0.4741000000000213,6,10.0,10.0,9.32,77.7434,0.0,0.0,,,,,,,
2026-09-20T23:40:00+07:00,2026-09-20T23:46:05.442183+07:00,valid,current,6.09070305,STA2285,AWS Batur Dieng,-7.20399,109.91158,2078.0,Kab. Banjarnegara,10.48,9.32,76.27,76.27,False,0.0,149.8,0.0,799.9776,6.479596541648095,-1.7699999999999996,0.0,-20.730000000000004,0.0,-0.5645999999999276,6,10.0,10.0,9.32,67.74675,0.0,0.0,,,,,,,
2026-09-20T23:50:00+07:00,2026-09-21T00:01:26.806162+07:00,valid,current,11.446769366666668,STA2285,AWS Batur Dieng,-7.20399,109.91158,2078.0,Kab. Banjarnegara,10.75,9.32,97.0,97.0,False,0.0,132.0,0.0,799.8344,10.292830027585378,-1.93,0.0,0.0,0.0,-0.6750000000000682,6,10.0,10.0,9.32,67.74674999999999,0.0,0.0,,,,,,,
2026-09-21T00:10:00+07:00,2026-09-21T00:16:13.168262+07:00,valid,current,6.219471033333334,STA2285,AWS Batur Dieng,-7.20399,109.91158,2078.0,Kab. Banjarnegara,10.69,9.32,17.94,17.94,False,0.0,162.8,0.0,799.5712,-12.747074856588494,-1.17,0.0,12.023,0.0,-0.7171000000000731,6,10.0,10.0,9.32,71.8025,0.0,0.0,,,,,,,
2026-09-21T00:20:00+07:00,2026-09-21T00:31:19.631949+07:00,partial,current,11.32719915,STA2285,AWS Batur Dieng,-7.20399,109.91158,2078.0,Kab. Banjarnegara,10.77,9.32,,0.0,True,0.0,161.6,0.0,799.5026,,-0.33,0.0,,0.0,-0.6908999999999423,6,10.0,10.0,9.32,71.8025,0.0,0.0,,,,,,,
2026-09-21T00:40:00+07:00,2026-09-21T00:46:10.219923+07:00,partial,current,6.17033205,STA2285,AWS Batur Dieng,-7.20399,109.91158,2078.0,Kab. Banjarnegara,10.12,9.32,,0.0,True,0.0,156.3,0.0,799.1891,,-0.3600000000000012,0.0,,0.0,-0.7884999999999991,6,10.0,10.0,9.32,70.31333333333333,0.0,0.0,,,,,,,
2026-09-21T00:50:00+07:00,2026-09-21T01:01:49.581227+07:00,partial,current,11.826353783333332,STA2285,AWS Batur Dieng,-7.20399,109.91158,2078.0,Kab. Banjarnegara,9.75,9.32,,0.0,True,0.0,171.1,0.0,799.0429,,-1.0,0.0,,0.0,-0.7914999999999281,6,10.0,10.0,9.32,56.97,0.0,0.0,,,,,,,
2026-09-21T01:10:00+07:00,2026-09-21T01:16:08.529408+07:00,valid,current,6.1421568,STA2285,AWS Batur Dieng,-7.20399,109.91158,2078.0,Kab. Banjarnegara,9.49,9.32,97.0,97.0,False,0.0,157.0,0.0,798.9391,9.03735416601078,-1.1999999999999993,0.0,79.06,0.0,-0.6320999999999231,6,10.0,10.0,9.32,80.355,0.0,0.0,,,,,,,
2026-09-21T01:20:00+07:00,2026-09-21T01:31:13.402632+07:00,valid,current,11.2233772,STA2285,AWS Batur Dieng,-7.20399,109.91158,2078.0,Kab. Banjarnegara,9.56,9.09,97.0,97.0,False,0.0,163.6,0.0,798.7897,9.107103414122625,-1.209999999999999,-0.2300000000000004,,0.0,-0.7128999999999905,6,10.0,10.0,9.09,85.90333333333335,0.0,0.0,,,,,,,
2026-09-21T01:40:00+07:00,2026-09-21T01:54:28.975473+07:00,valid,current,14.48292455,STA2285,AWS Batur Dieng,-7.20399,109.91158,2078.0,Kab. Banjarnegara,10.02,9.09,97.0,97.0,False,0.0,159.2,0.0,798.6786,9.56545389172707,-0.0999999999999996,-0.2300000000000004,,0.0,-0.5105000000000928,6,10.0,10.0,9.09,90.342,0.0,0.0,,,,,,,
2026-09-21T01:50:00+07:00,2026-09-21T02:01:09.717841+07:00,valid,current,11.161964016666667,STA2285,AWS Batur Dieng,-7.20399,109.91158,2078.0,Kab. Banjarnegara,10.39,9.09,82.7,82.7,False,0.0,164.3,0.0,798.6194,7.573586700466783,0.6400000000000006,-0.2300000000000004,,0.0,-0.42349999999999,6,10.0,10.0,9.09,89.06833333333334,0.0,0.0,,,,,,,
2026-09-21T02:10:00+07:00,2026-09-21T02:16:29.604266+07:00,partial,current,6.493404433333334,STA2285,AWS Batur Dieng,-7.20399,109.91158,2078.0,Kab. Banjarnegara,10.12,9.09,,0.0,True,0.0,137.1,0.0,798.6426,,0.629999999999999,-0.2300000000000004,,0.0,-0.2965000000000373,6,10.0,10.0,9.09,93.425,0.0,0.0,,,,,,,
2026-09-21T02:20:00+07:00,2026-09-21T02:31:11.344996+07:00,partial,current,11.189083266666668,STA2285,AWS Batur Dieng,-7.20399,109.91158,2078.0,Kab. Banjarnegara,9.13,8.83,,0.0,True,0.0,162.2,0.2,798.4998,,-0.4299999999999997,-0.2599999999999998,,0.0,-0.2898999999999887,6,10.0,10.0,8.83,92.23333333333332,0.0,0.0,,,,,,,
2026-09-21T02:40:00+07:00,2026-09-21T02:46:12.936510+07:00,valid,current,6.2156085,STA2285,AWS Batur Dieng,-7.20399,109.91158,2078.0,Kab. Banjarnegara,9.14,8.83,97.0,97.0,False,0.0,156.6,0.2,798.4922,8.688606885788822,-0.879999999999999,-0.2599999999999998,0.0,0.0,-0.186399999999935,6,10.0,10.0,8.83,71.64333333333333,0.0,0.0,,,,,,,
2026-09-21T02:50:00+07:00,2026-09-21T03:01:20.742411+07:00,valid,current,11.34570685,STA2285,AWS Batur Dieng,-7.20399,109.91158,2078.0,Kab. Banjarnegara,8.88,8.66,97.0,97.0,False,0.0,159.4,0.2,798.4928,8.429536355914392,-1.5099999999999998,-0.4299999999999997,14.299999999999995,0.0,-0.1266000000000531,6,10.0,10.0,8.66,76.41,0.0,0.0,,,,,,,
2026-09-21T03:10:00+07:00,2026-09-21T03:16:13.837857+07:00,valid,current,6.23063095,STA2285,AWS Batur Dieng,-7.20399,109.91158,2078.0,Kab. Banjarnegara,8.91,8.34,97.0,97.0,False,0.0,155.0,0.2,798.4913,8.459429158162369,-1.209999999999999,-0.75,,0.0,-0.151299999999992,6,10.0,10.0,8.34,84.646,0.0,0.0,,,,,,,
2026-09-21T03:20:00+07:00,2026-09-21T03:31:19.393060+07:00,valid,current,11.323217666666666,STA2285,AWS Batur Dieng,-7.20399,109.91158,2078.0,Kab. Banjarnegara,9.35,8.34,97.0,97.0,False,0.0,145.3,0.2,798.4773,8.897855461854853,0.2199999999999988,-0.4900000000000002,,0.0,-0.0225000000000363,6,10.0,10.0,8.34,86.705,0.0,0.0,,,,,,,
2026-09-21T03:40:00+07:00,2026-09-21T03:46:25.530042+07:00,valid,current,6.4255007,STA2285,AWS Batur Dieng,-7.20399,109.91158,2078.0,Kab. Banjarnegara,9.66,9.31,97.0,97.0,False,0.0,139.1,0.0,798.4906,9.206745076906886,0.5199999999999996,0.4800000000000004,0.0,0.0,-0.0016000000000531,6,10.0,10.0,8.21,96.98333333333332,0.0,0.0,,,,,,,
2026-09-21T03:50:00+07:00,2026-09-21T04:01:20.016243+07:00,valid,current,11.33360405,STA2285,AWS Batur Dieng,-7.20399,109.91158,2078.0,Kab. Banjarnegara,8.48,8.29,73.34,73.34,False,0.0,166.1,0.0,798.4902,3.9826793981731377,-0.4000000000000003,-0.370000000000001,-23.66,0.0,-0.0026000000000294,6,10.0,10.0,8.21,93.04,0.0,0.0,,,,,,,
2026-09-21T04:10:00+07:00,2026-09-21T04:16:10.804398+07:00,valid,current,6.1800733,STA2285,AWS Batur Dieng,-7.20399,109.91158,2078.0,Kab. Banjarnegara,8.86,8.29,74.22,74.22,False,0.0,151.8,0.0,798.4883,4.519732635908928,-0.0500000000000007,-0.0500000000000007,-22.78,0.0,-0.0030000000000427,6,10.0,10.0,8.21,76.37833333333333,0.0,0.0,,,,,,,
2026-09-21T04:20:00+07:00,2026-09-21T04:31:11.948497+07:00,valid,current,11.199141616666669,STA2285,AWS Batur Dieng,-7.20399,109.91158,2078.0,Kab. Banjarnegara,8.36,8.07,48.77,48.77,False,0.0,148.5,0.0,798.4886,-1.8060989083247947,-0.9900000000000002,-0.2699999999999996,-48.23,0.0,0.0113000000000056,6,10.0,10.0,8.07,68.33999999999999,0.0,0.0,,,,,,,
2026-09-21T04:40:00+07:00,2026-09-21T04:46:20.370175+07:00,valid,current,6.3395029166666665,STA2285,AWS Batur Dieng,-7.20399,109.91158,2078.0,Kab. Banjarnegara,8.15,7.849,97.0,97.0,False,0.0,153.6,0.0,798.4871,7.702140910641438,-1.5099999999999998,-1.4610000000000003,0.0,0.0,-0.0034999999999172,6,10.0,10.0,7.849,67.64,0.0,0.0,,,,,,,
2026-09-21T05:10:00+07:00,2026-09-21T05:16:28.624689+07:00,valid,current,6.47707815,STA2285,AWS Batur Dieng,-7.20399,109.91158,2078.0,Kab. Banjarnegara,8.27,7.82,97.0,97.0,False,0.0,175.0,0.0,798.6351,7.821713282379129,-0.5899999999999999,-0.4699999999999988,22.78,0.0,0.1467999999999847,6,10.0,10.0,7.82,88.22833333333334,0.0,0.0,,,,,,,
2026-09-21T05:20:00+07:00,2026-09-21T05:31:07.034966+07:00,valid,current,11.117249433333336,STA2285,AWS Batur Dieng,-7.20399,109.91158,2078.0,Kab. Banjarnegara,8.13,7.548,97.0,97.0,False,0.0,172.7,0.0,798.7659,7.68221216221488,-0.2299999999999986,-0.5220000000000002,48.23,0.0,0.2772999999999683,6,10.0,10.0,7.548,96.26666666666668,0.0,0.0,,,,,,,
2026-09-21T05:40:00+07:00,2026-09-21T05:46:25.295255+07:00,valid,current,6.421587583333333,STA2285,AWS Batur Dieng,-7.20399,109.91158,2078.0,Kab. Banjarnegara,8.34,7.431,96.9,96.9,False,0.0,173.0,0.0,798.9292,7.876302686317063,0.1899999999999995,-0.4180000000000001,-0.0999999999999943,0.0,0.4420999999999822,6,10.0,10.0,7.431,96.96666666666664,0.0,0.0,,,,,,,
2026-09-21T05:50:00+07:00,2026-09-21T06:01:38.537692+07:00,valid,current,11.642294866666669,STA2285,AWS Batur Dieng,-7.20399,109.91158,2078.0,Kab. Banjarnegara,7.888,7.294,97.0,97.0,False,0.0,176.5,0.0,798.9302,7.441073857813652,-0.1720000000000006,-0.5270000000000001,0.0,0.0,0.4442000000000234,6,10.0,10.0,7.294,96.96666666666664,0.0,0.0,,,,,,,
2026-09-21T06:10:00+07:00,2026-09-21T06:16:21.477828+07:00,valid,current,6.357963799999999,STA2285,AWS Batur Dieng,-7.20399,109.91158,2078.0,Kab. Banjarnegara,8.77,7.188,36.49,36.49,False,0.0,140.7,0.0,799.1883,-5.318107055675591,0.5,-0.6320000000000006,-60.51,0.0,0.5532000000000608,6,10.0,10.0,7.188,84.39833333333333,0.0,0.0,,,,,,,
2026-09-21T06:20:00+07:00,2026-09-21T06:31:05.291698+07:00,valid,current,11.088194966666666,STA2285,AWS Batur Dieng,-7.20399,109.91158,2078.0,Kab. Banjarnegara,10.27,7.188,56.43,56.43,False,0.0,132.3,0.0,799.3036,1.97968657936828,2.139999999999999,-0.3600000000000003,-40.57,0.0,0.5376999999999725,6,10.0,10.0,7.188,77.63666666666667,0.0,0.0,,,,,,,
2026-09-21T06:40:00+07:00,2026-09-21T06:46:14.992489+07:00,valid,current,6.249874816666666,STA2285,AWS Batur Dieng,-7.20399,109.91158,2078.0,Kab. Banjarnegara,13.2,7.188,97.0,97.0,False,0.0,132.7,0.0,799.4703,12.733968808341778,4.859999999999999,-0.2430000000000003,0.0999999999999943,0.0,0.5410999999999149,6,10.0,10.0,7.188,77.65333333333334,0.0,0.0,,,,,,,
2026-09-21T06:50:00+07:00,2026-09-21T07:01:07.175773+07:00,partial,current,11.119596216666668,STA2285,AWS Batur Dieng,-7.20399,109.91158,,Kab. Banjarnegara,,,,,False,,,,,,,,,,,6,10.0,10.0,7.188,67.98,0.0,0.0,9.0,9.0,9.0,9.0,9.0,9.0,9.0
2026-09-21T07:10:00+07:00,2026-09-21T07:16:15.196015+07:00,valid,current,6.253266916666666,STA2285,AWS Batur Dieng,-7.20399,109.91158,2078.0,Kab. Banjarnegara,16.66,16.4,21.57,21.57,False,0.0,136.8,0.0,799.789,-5.435663924663943,7.890000000000001,9.212,-14.920000000000002,0.0,0.6006999999999607,6,10.0,10.0,7.188,65.176,0.0,0.0,,,,,,,
2026-09-21T07:20:00+07:00,2026-09-21T07:31:06.813488+07:00,valid,current,11.113558133333331,STA2285,AWS Batur Dieng,-7.20399,109.91158,2078.0,Kab. Banjarnegara,16.8,16.4,97.0,97.0,False,0.0,136.7,0.0,799.9152,16.320794215197395,6.530000000000001,9.212,40.57,0.0,0.6116000000000668,6,10.0,10.0,7.188,73.28999999999999,0.0,0.0,,,,,,,
2026-09-21T07:40:00+07:00,2026-09-21T07:46:10.080582+07:00,valid,current,6.1680097,STA2285,AWS Batur Dieng,-7.20399,109.91158,2078.0,Kab. Banjarnegara,17.69,16.4,97.0,97.0,False,0.0,146.3,0.0,800.0349,17.207508904355482,4.490000000000002,9.212,0.0,0.0,0.5646000000000413,6,10.0,10.0,7.188,73.28999999999999,0.0,0.0,,,,,,,
2026-09-21T07:50:00+07:00,2026-09-21T08:01:15.752916+07:00,valid,current,11.2625486,STA2285,AWS Batur Dieng,-7.20399,109.91158,2078.0,Kab. Banjarnegara,17.94,16.4,97.0,97.0,False,0.0,142.3,0.0,800.087,17.456584048905484,2.5600000000000005,9.212,43.12,0.0,0.4990999999999985,6,10.0,10.0,7.188,81.914,0.0,0.0,,,,,,,
2026-09-21T08:10:00+07:00,2026-09-21T08:16:21.027406+07:00,valid,current,6.3504567666666665,STA2285,AWS Batur Dieng,-7.20399,109.91158,2078.0,Kab. Banjarnegara,18.49,16.4,97.0,97.0,False,0.0,143.8,0.0,800.2506,18.004546255572517,1.8299999999999983,0.0,75.43,0.0,0.4615999999999758,6,10.0,10.0,16.4,97.0,0.0,0.0,,,,,,,
2026-09-21T08:20:00+07:00,2026-09-21T08:35:39.048763+07:00,valid,current,15.650812716666668,STA2285,AWS Batur Dieng,-7.20399,109.91158,2078.0,Kab. Banjarnegara,19.04,16.4,97.0,97.0,False,0.0,146.9,0.0,800.3984,18.55250418418397,2.2399999999999984,0.0,0.0,0.0,0.4832000000000107,6,10.0,10.0,16.4,97.0,0.0,0.0,,,,,,,
2026-09-21T08:40:00+07:00,2026-09-21T08:46:07.177156+07:00,valid,current,6.119619266666667,STA2285,AWS Batur Dieng,-7.20399,109.91158,2078.0,Kab. Banjarnegara,19.17,16.4,97.0,97.0,False,0.721,153.2,0.0,800.4288,18.68202088767921,1.4800000000000004,0.0,0.0,0.721,0.3939000000000305,6,10.0,10.0,16.4,97.0,0.2006666666666666,0.721,,,,,,,
2026-09-21T08:50:00+07:00,2026-09-21T09:01:58.009967+07:00,valid,current,11.966832783333333,STA2285,AWS Batur Dieng,-7.20399,109.91158,2078.0,Kab. Banjarnegara,19.34,16.4,97.0,97.0,False,0.033,162.5,0.0,800.4677,18.85138852393346,1.3999999999999986,0.0,0.0,0.033,0.3807000000000471,6,10.0,10.0,16.4,97.0,0.2061666666666666,0.721,,,,,,,
2026-09-21T09:10:00+07:00,2026-09-21T09:16:09.956066+07:00,valid,current,6.165934433333334,STA2285,AWS Batur Dieng,-7.20399,109.91158,2078.0,Kab. Banjarnegara,19.96,16.4,97.0,97.0,False,0.0,229.5,0.0,800.5511,19.46907879277133,1.4700000000000024,0.0,0.0,0.0,0.3005000000000564,6,10.0,10.0,16.4,97.0,0.2061666666666666,0.721,,,,,,,
2026-09-21T09:20:00+07:00,2026-09-21T09:32:01.340855+07:00,valid,current,12.022347583333334,STA2285,AWS Batur Dieng,-7.20399,109.91158,2078.0,Kab. Banjarnegara,20.24,16.4,97.0,97.0,False,0.166,217.2,0.0,800.533,19.74803390649311,1.1999999999999993,0.0,0.0,0.166,0.1345999999999776,6,10.0,10.0,16.4,97.0,0.2338333333333333,0.721,,,,,,,
2026-09-21T09:40:00+07:00,2026-09-21T09:46:50.823322+07:00,valid,current,6.847055366666667,STA2285,AWS Batur Dieng,-7.20399,109.91158,2078.0,Kab. Banjarnegara,20.11,19.7,97.0,97.0,False,0.561,271.8,0.0,800.398,19.618519170148147,0.9399999999999976,3.3000000000000007,0.0,-0.1599999999999999,-0.0307999999999992,6,10.0,10.0,16.4,97.0,0.1266666666666666,0.561,,,,,,,
2026-09-21T09:50:00+07:00,2026-09-21T10:01:43.732804+07:00,valid,current,11.728880066666669,STA2285,AWS Batur Dieng,-7.20399,109.91158,2078.0,Kab. Banjarnegara,20.21,19.65,97.0,97.0,False,0.485,265.8,0.0,800.3968,19.71814591162623,0.870000000000001,3.25,0.0,0.4519999999999999,-0.0709000000000514,6,10.0,10.0,16.4,97.0,0.202,0.561,,,,,,,
2026-09-21T10:10:00+07:00,2026-09-21T10:16:12.668279+07:00,valid,current,6.211137983333333,STA2285,AWS Batur Dieng,-7.20399,109.91158,2078.0,Kab. Banjarnegara,20.46,19.65,97.0,97.0,False,1.139,281.3,0.0,800.262,19.96721214661772,0.5,3.25,0.0,1.139,-0.2891000000000758,6,10.0,10.0,16.4,97.0,0.3918333333333333,1.139,,,,,,,
2026-09-21T10:20:00+07:00,2026-09-21T10:31:15.804691+07:00,valid,current,11.263411516666668,STA2285,AWS Batur Dieng,-7.20399,109.91158,2078.0,Kab. Banjarnegara,19.78,18.75,97.0,97.0,False,0.567,286.8,0.0,800.2367,19.28974991990493,-0.4599999999999973,2.3500000000000014,0.0,0.4009999999999999,-0.2962999999999738,6,10.0,10.0,16.4,97.0,0.4586666666666666,1.139,,,,,,,
2026-09-21T10:40:00+07:00,2026-09-21T10:46:19.788571+07:00,valid,current,6.329809516666667,STA2285,AWS Batur Dieng,-7.20399,109.91158,2078.0,Kab. Banjarnegara,20.45,18.75,97.0,97.0,False,0.202,289.0,0.0,800.0879,19.957249514188177,0.3399999999999998,-0.9499999999999992,0.0,-0.359,-0.310100000000034,6,10.0,10.0,18.75,97.0,0.3988333333333333,1.139,,,,,,,
2026-09-21T10:50:00+07:00,2026-09-21T11:01:17.606781+07:00,valid,current,11.29344635,STA2285,AWS Batur Dieng,-7.20399,109.91158,2078.0,Kab. Banjarnegara,20.32,18.75,97.0,97.0,False,0.173,282.5,0.0,799.9896,19.827735163914177,0.1099999999999994,-0.8999999999999986,0.0,-0.312,-0.4071999999999889,6,10.0,10.0,18.75,97.0,0.3468333333333333,1.139,,,,,,,
2026-09-21T11:10:00+07:00,2026-09-21T11:16:15.453396+07:00,valid,current,6.2575566,STA2285,AWS Batur Dieng,-7.20399,109.91158,2078.0,Kab. Banjarnegara,19.15,18.58,97.0,97.0,False,0.0,199.3,0.0,799.7731,18.662095256543992,-1.3100000000000025,-1.0700000000000005,0.0,-1.139,-0.4888999999999441,6,10.0,10.0,18.58,97.0,0.157,0.567,,,,,,,
2026-09-21T11:20:00+07:00,2026-09-21T11:31:11.679247+07:00,valid,current,11.194654116666667,STA2285,AWS Batur Dieng,-7.20399,109.91158,2078.0,Kab. Banjarnegara,18.48,18.33,97.0,97.0,False,0.0,85.7,0.0,799.6391,17.994583344544843,-1.3000000000000007,-0.4200000000000017,0.0,-0.567,-0.5976000000000568,6,10.0,10.0,18.33,97.0,0.0625,0.202,,,,,,,
2026-09-21T11:40:00+07:00,2026-09-21T11:46:21.760902+07:00,valid,current,6.3626817,STA2285,AWS Batur Dieng,-7.20399,109.91158,2078.0,Kab. Banjarnegara,18.62,18.17,97.0,97.0,False,0.38,149.8,0.0,799.6147,18.13406397023723,-1.8299999999999983,-0.5799999999999983,0.0,0.178,-0.4732000000000198,6,10.0,10.0,18.17,96.91666666666669,0.1066666666666666,0.38,,,,,,,
2026-09-21T11:50:00+07:00,2026-09-21T12:01:36.072261+07:00,valid,current,11.60120435,STA2285,AWS Batur Dieng,-7.20399,109.91158,2078.0,Kab. Banjarnegara,18.96,18.17,97.0,97.0,False,0.0,148.4,0.0,799.4303,18.472801478623506,-1.3599999999999994,-0.5799999999999983,0.0,-0.173,-0.5593000000000075,6,10.0,10.0,18.17,96.91666666666669,0.0778333333333333,0.38,,,,,,,
2026-09-21T12:10:00+07:00,2026-09-21T12:16:15.928178+07:00,valid,current,6.265469633333334,STA2285,AWS Batur Dieng,-7.20399,109.91158,2078.0,Kab. Banjarnegara,18.43,18.11,97.0,97.0,False,0.791,126.9,0.0,799.137,17.944768768192944,-0.7199999999999989,-0.4699999999999988,0.0,0.791,-0.6361000000000558,6,10.0,10.0,18.11,96.91666666666669,0.2601666666666666,0.791,,,,,,,
2026-09-21T12:20:00+07:00,2026-09-21T12:31:10.234791+07:00,valid,current,11.17057985,STA2285,AWS Batur Dieng,-7.20399,109.91158,2078.0,Kab. Banjarnegara,18.15,17.98,96.9,96.9,False,0.574,143.1,0.0,799.026,17.649441356163376,-0.3300000000000018,-0.3499999999999978,-0.0999999999999943,0.574,-0.6131000000000313,6,10.0,10.0,17.98,96.9,0.3558333333333333,0.791,,,,,,,
2026-09-21T12:40:00+07:00,2026-09-21T12:46:12.755994+07:00,partial,current,6.2125999,STA2285,AWS Batur Dieng,-7.20399,109.91158,2078.0,Kab. Banjarnegara,17.86,17.66,,0.0,True,0.497,142.6,0.0,798.8878,,-0.7600000000000016,-0.5100000000000016,,0.1169999999999999,-0.7269000000000005,6,10.0,10.0,17.66,86.314,0.5461666666666667,1.112,,,,,,,
2026-09-21T12:50:00+07:00,2026-09-21T13:01:18.952812+07:00,valid,current,11.3158802,STA2285,AWS Batur Dieng,-7.20399,109.91158,2078.0,Kab. Banjarnegara,18.07,17.66,67.93,67.93,False,0.0,145.1,0.0,798.7388,12.057048260608983,-0.8900000000000006,-0.5100000000000016,-29.07,0.0,-0.6915000000000191,6,10.0,10.0,17.66,80.5,0.5461666666666667,1.112,,,,,,,
2026-09-21T13:10:00+07:00,2026-09-21T13:16:12.118155+07:00,valid,current,6.20196925,STA2285,AWS Batur Dieng,-7.20399,109.91158,2078.0,Kab. Banjarnegara,17.84,17.55,97.0,97.0,False,0.0,210.7,0.0,798.5376,17.356954097154485,-0.5899999999999999,-0.5599999999999987,0.0,-0.791,-0.599399999999946,6,10.0,10.0,17.55,80.5,0.3638333333333333,1.112,,,,,,,
2026-09-21T13:20:00+07:00,2026-09-21T13:31:08.972402+07:00,valid,current,11.149540033333333,STA2285,AWS Batur Dieng,-7.20399,109.91158,2078.0,Kab. Banjarnegara,17.82,17.55,97.0,97.0,False,0.0,200.8,0.0,798.5397,17.337028089833257,-0.3299999999999983,-0.4299999999999997,0.0999999999999943,-0.574,-0.4862999999999147,6,10.0,10.0,17.55,80.52000000000001,0.2681666666666666,1.112,,,,,,,
2026-09-21T13:40:00+07:00,2026-09-21T13:46:20.847547+07:00,valid,current,6.347459116666667,STA2285,AWS Batur Dieng,-7.20399,109.91158,2078.0,Kab. Banjarnegara,17.73,17.46,97.0,97.0,False,0.0,195.4,0.0,798.3412,17.24736098688217,-0.129999999999999,-0.1999999999999993,,-0.497,-0.5466000000000122,6,10.0,10.0,17.46,92.15500000000002,0.0,0.0,,,,,,,
2026-09-21T13:50:00+07:00,2026-09-21T14:01:07.426181+07:00,valid,current,11.123769683333334,STA2285,AWS Batur Dieng,-7.20399,109.91158,2078.0,Kab. Banjarnegara,17.7,17.46,97.0,97.0,False,0.0,192.8,0.0,798.1975,17.217471927108537,-0.370000000000001,-0.1999999999999993,29.07,0.0,-0.5412999999999784,6,10.0,10.0,17.46,97.0,0.0,0.0,,,,,,,
2026-09-21T14:00:00+07:00,2026-09-21T14:07:19.918865+07:00,valid,current,7.331981083333333,STA2285,AWS Batur Dieng,-7.20399,109.91158,2078.0,Kab. Banjarnegara,17.59,17.34,96.9,96.9,False,0.0,186.3,0.0,798.0626,17.0915834357733,-0.4699999999999988,-0.3200000000000003,-0.0999999999999943,0.0,-0.4895999999999958,6,10.0,10.0,17.34,96.98333333333332,0.0,0.0,,,,,,,
2026-09-21T14:10:00+07:00,2026-09-21T14:16:12.354330+07:00,valid,current,6.2059055,STA2285,AWS Batur Dieng,-7.20399,109.91158,2078.0,Kab. Banjarnegara,17.5,17.34,97.0,97.0,False,0.0,185.5,0.0,798.0622,17.018211203338165,-0.3399999999999998,-0.2100000000000008,0.0,0.0,-0.475400000000036,6,10.0,10.0,17.34,96.98333333333332,0.0,0.0,,,,,,,
2026-09-21T14:20:00+07:00,2026-09-21T14:31:12.181193+07:00,valid,current,11.203019883333331,STA2285,AWS Batur Dieng,-7.20399,109.91158,2078.0,Kab. Banjarnegara,17.62,17.27,97.0,97.0,False,0.0,198.2,0.0,797.9574,17.13776770548487,-0.1999999999999993,-0.2800000000000011,0.0,0.0,-0.582300000000032,6,10.0,10.0,17.27,96.98333333333332,0.0,0.0,,,,,,,
2026-09-21T14:40:00+07:00,2026-09-21T14:46:05.629222+07:00,valid,current,6.093820366666667,STA2285,AWS Batur Dieng,-7.20399,109.91158,2078.0,Kab. Banjarnegara,17.06,16.81,97.0,97.0,False,0.372,185.3,0.0,797.8641,16.57983561975756,-0.6700000000000017,-0.6500000000000021,0.0,0.372,-0.4770999999999503,6,10.0,10.0,16.81,96.98333333333332,0.062,0.372,,,,,,,
2026-09-21T14:50:00+07:00,2026-09-21T15:01:22.604660+07:00,valid,current,11.376744333333331,STA2285,AWS Batur Dieng,-7.20399,109.91158,2078.0,Kab. Banjarnegara,17.2,16.81,97.0,97.0,False,0.0,184.2,0.0,797.9034,16.71931905698455,-0.5,-0.6500000000000021,0.0,0.0,-0.2940999999999576,6,10.0,10.0,16.81,96.98333333333332,0.062,0.372,,,,,,,
2026-09-21T15:10:00+07:00,2026-09-21T15:16:07.021292+07:00,valid,current,6.117021533333333,STA2285,AWS Batur Dieng,-7.20399,109.91158,2078.0,Kab. Banjarnegara,17.64,16.81,97.0,97.0,False,0.0,145.6,0.0,797.6266,17.157693769376333,0.1400000000000005,-0.5300000000000011,0.0,0.0,-0.4355999999999085,6,10.0,10.0,16.81,97.0,0.062,0.372,,,,,,,
2026-09-21T15:20:00+07:00,2026-09-21T15:31:06.884070+07:00,valid,current,11.1147345,STA2285,AWS Batur Dieng,-7.20399,109.91158,2078.0,Kab. Banjarnegara,17.43,16.81,97.0,97.0,False,0.597,184.6,0.0,797.6049,16.948469816370796,-0.1900000000000012,-0.4600000000000008,0.0,0.597,-0.3524999999999636,6,10.0,10.0,16.81,97.0,0.1615,0.597,,,,,,,
2026-09-21T15:40:00+07:00,2026-09-21T15:46:13.636458+07:00,valid,current,6.2272743,STA2285,AWS Batur Dieng,-7.20399,109.91158,2078.0,Kab. Banjarnegara,17.28,16.81,97.0,97.0,False,1.026,162.3,0.0,797.4734,16.799023753801123,0.2200000000000024,0.0,0.0,0.654,-0.390700000000038,6,10.0,10.0,16.81,97.0,0.3525,1.026,,,,,,,
2026-09-21T15:50:00+07:00,2026-09-21T16:01:06.923446+07:00,valid,current,11.115390766666668,STA2285,AWS Batur Dieng,-7.20399,109.91158,2078.0,Kab. Banjarnegara,17.38,16.81,97.0,97.0,False,0.0,170.9,0.0,797.503,16.898654497537585,0.1799999999999997,0.0,0.0,0.0,-0.4003999999999905,6,10.0,10.0,16.81,97.0,0.3525,1.026,,,,,,,
2026-09-21T16:10:00+07:00,2026-09-21T16:16:20.903950+07:00,valid,current,6.348399166666667,STA2285,AWS Batur Dieng,-7.20399,109.91158,2078.0,Kab. Banjarnegara,17.11,16.73,97.0,97.0,False,0.0,172.3,0.0,797.5914,16.629651164874083,-0.5300000000000011,-0.0799999999999983,0.0,0.0,-0.0352000000000316,6,10.0,10.0,16.73,96.98333333333332,0.3525,1.026,,,,,,,
2026-09-21T16:20:00+07:00,2026-09-21T16:31:02.025863+07:00,valid,current,11.033764383333333,STA2285,AWS Batur Dieng,-7.20399,109.91158,2078.0,Kab. Banjarnegara,16.75,16.62,97.0,97.0,False,0.0,160.6,0.0,797.6498,16.270978450867428,-0.6799999999999997,-0.1899999999999977,0.0,-0.597,0.0448999999999841,6,10.0,10.0,16.62,96.98333333333332,0.253,1.026,,,,,,,
2026-09-21T16:40:00+07:00,2026-09-21T16:46:15.715199+07:00,valid,current,6.261919983333333,STA2285,AWS Batur Dieng,-7.20399,109.91158,2078.0,Kab. Banjarnegara,16.84,16.59,97.0,97.0,False,0.849,237.9,0.0,797.8302,16.360646801204243,-0.4400000000000013,-0.2199999999999988,0.0,-0.177,0.3568000000000211,6,10.0,10.0,16.59,96.98333333333332,0.1415,0.849,,,,,,,
2026-09-21T16:50:00+07:00,2026-09-21T17:01:29.521836+07:00,valid,current,11.4920306,STA2285,AWS Batur Dieng,-7.20399,109.91158,2078.0,Kab. Banjarnegara,16.47,16.19,97.0,97.0,False,0.0,237.9,0.0,797.8786,15.99200951721858,-0.91,-0.6199999999999974,0.0,0.0,0.3755999999999631,6,10.0,10.0,16.19,96.98333333333332,0.1415,0.849,,,,,,,
2026-09-21T17:10:00+07:00,2026-09-21T17:16:05.383769+07:00,valid,current,6.089729483333333,STA2285,AWS Batur Dieng,-7.20399,109.91158,2078.0,Kab. Banjarnegara,16.25,16.02,97.0,97.0,False,0.0,186.4,0.0,797.9108,15.772818862918786,-0.8599999999999994,-0.7100000000000009,0.0,0.0,0.3193999999999732,6,10.0,10.0,16.02,97.0,0.1415,0.849,,,,,,,
2026-09-21T17:20:00+07:00,2026-09-21T17:31:12.586143+07:00,valid,current,11.20976905,STA2285,AWS Batur Dieng,-7.20399,109.91158,2078.0,Kab. Banjarnegara,15.77,15.51,33.97,33.97,False,0.0,160.8,0.0,797.9886,-0.0793055059318428,-0.9800000000000004,-1.1100000000000012,-63.03,0.0,0.338799999999992,6,10.0,10.0,15.51,86.495,0.1415,0.849,,,,,,,
2026-09-21T17:40:00+07:00,2026-09-21T17:46:04.942248+07:00,valid,current,6.0823708000000005,STA2285,AWS Batur Dieng,-7.20399,109.91158,2078.0,Kab. Banjarnegara,14.66,14.42,97.0,97.0,False,0.0,143.7,0.0,798.2055,14.188647873746918,-2.18,-2.17,0.0,-0.849,0.3753000000000384,6,10.0,10.0,14.42,74.37166666666667,0.0,0.0,,,,,,,
2026-09-21T17:50:00+07:00,2026-09-21T18:01:17.817333+07:00,valid,current,11.29695555,STA2285,AWS Batur Dieng,-7.20399,109.91158,2078.0,Kab. Banjarnegara,14.21,13.91,96.9,96.9,False,0.0,155.9,0.0,798.3002,13.724415073679046,-2.259999999999998,-2.280000000000001,-0.0999999999999943,0.0,0.4216000000000122,6,10.0,10.0,13.91,74.355,0.0,0.0,,,,,,,
2026-09-21T18:10:00+07:00,2026-09-21T18:16:20.298446+07:00,valid,current,6.338307433333333,STA2285,AWS Batur Dieng,-7.20399,109.91158,2078.0,Kab. Banjarnegara,13.34,13.12,97.0,97.0,False,0.0,148.5,0.0,798.4499,12.873459888620678,-2.91,-2.9000000000000004,0.0,0.0,0.5390999999999622,6,10.0,10.0,13.12,74.355,0.0,0.0,,,,,,,
2026-09-21T18:20:00+07:00,2026-09-21T18:31:07.888995+07:00,valid,current,11.13148325,STA2285,AWS Batur Dieng,-7.20399,109.91158,2078.0,Kab. Banjarnegara,13.04,12.85,97.0,97.0,False,0.0,157.7,0.0,798.4898,12.57455009142592,-2.7300000000000004,-2.66,63.03,0.0,0.5011999999999261,6,10.0,10.0,12.85,84.86,0.0,0.0,,,,,,,
2026-09-21T18:40:00+07:00,2026-09-21T18:46:14.909647+07:00,valid,current,6.2484941166666665,STA2285,AWS Batur Dieng,-7.20399,109.91158,2078.0,Kab. Banjarnegara,12.32,11.95,96.9,96.9,False,0.0,152.1,0.0,798.7953,11.84151735282808,-2.34,-2.4700000000000006,-0.0999999999999943,0.0,0.5897999999999683,6,10.0,10.0,11.95,96.96666666666664,0.0,0.0,,,,,,,
2026-09-21T18:50:00+07:00,2026-09-21T19:01:10.870263+07:00,valid,current,11.18117105,STA2285,AWS Batur Dieng,-7.20399,109.91158,2078.0,Kab. Banjarnegara,12.5,11.95,97.0,97.0,False,0.0,164.2,0.0,798.9278,12.036509248616644,-1.7100000000000009,-1.9600000000000009,0.0999999999999943,0.0,0.6276000000000295,6,10.0,10.0,11.95,96.98333333333332,0.0,0.0,,,,,,,
2026-09-21T19:10:00+07:00,2026-09-21T19:16:15.591944+07:00,valid,current,6.259865733333333,STA2285,AWS Batur Dieng,-7.20399,109.91158,2078.0,Kab. Banjarnegara,11.81,11.54,97.0,97.0,False,0.0,141.2,0.0,798.9494,11.34900661406744,-1.5299999999999994,-1.58,0.0,0.0,0.4995000000000118,6,10.0,10.0,11.54,96.98333333333332,0.0,0.0,,,,,,,
2026-09-21T19:20:00+07:00,2026-09-21T19:31:07.891623+07:00,valid,current,11.13152705,STA2285,AWS Batur Dieng,-7.20399,109.91158,2078.0,Kab. Banjarnegara,11.9,11.54,97.0,97.0,False,0.0,172.0,0.0,799.0744,11.438681252642954,-1.1399999999999988,-1.3100000000000005,0.0,0.0,0.5846000000000231,6,10.0,10.0,11.54,96.98333333333332,0.0,0.0,,,,,,,
2026-09-21T19:40:00+07:00,2026-09-21T19:46:28.989509+07:00,valid,current,6.483158483333333,STA2285,AWS Batur Dieng,-7.20399,109.91158,2078.0,Kab. Banjarnegara,11.28,10.95,96.9,96.9,False,0.0,174.4,0.0,799.3722,10.80540320965749,-1.040000000000001,-1.0,0.0,0.0,0.5769000000000233,6,10.0,10.0,10.95,96.98333333333332,0.0,0.0,,,,,,,
2026-09-21T19:50:00+07:00,2026-09-21T20:01:14.678121+07:00,valid,current,11.24463535,STA2285,AWS Batur Dieng,-7.20399,109.91158,2078.0,Kab. Banjarnegara,10.77,10.43,97.0,97.0,False,0.0,168.6,0.0,799.4227,10.312758034811054,-1.7300000000000004,-1.5199999999999996,0.0,0.0,0.4948999999999159,6,10.0,10.0,10.43,96.98333333333332,0.0,0.0,,,,,,,
2026-09-21T20:20:00+07:00,2026-09-21T20:31:22.429466+07:00,valid,current,11.373824433333334,STA2285,AWS Batur Dieng,-7.20399,109.91158,2078.0,Kab. Banjarnegara,10.44,10.13,97.0,97.0,False,0.0,183.4,0.0,799.5698,9.983945192086376,-1.4600000000000009,-1.4099999999999984,0.0,0.0,0.4954000000000178,6,10.0,10.0,10.13,96.98333333333332,0.0,0.0,,,,,,,
2026-09-21T20:40:00+07:00,2026-09-21T20:46:15.413734+07:00,valid,current,6.256895566666667,STA2285,AWS Batur Dieng,-7.20399,109.91158,2078.0,Kab. Banjarnegara,9.76,9.66,97.0,97.0,False,0.0,177.7,0.0,799.5761,9.306386598241232,-1.5199999999999996,-1.2899999999999991,0.0999999999999943,0.0,0.203899999999976,6,10.0,10.0,9.66,96.98333333333332,0.0,0.0,,,,,,,
2026-09-21T20:50:00+07:00,2026-09-21T21:03:04.057780+07:00,valid,current,13.067629666666669,STA2285,AWS Batur Dieng,-7.20399,109.91158,2078.0,Kab. Banjarnegara,9.69,9.46,97.0,97.0,False,0.0,175.2,0.0,799.7272,9.236637548159417,-1.08,-0.9699999999999988,0.0,0.0,0.3045000000000755,6,10.0,10.0,9.46,96.98333333333332,0.0,0.0,,,,,,,
2026-09-21T21:10:00+07:00,2026-09-21T21:16:25.630236+07:00,valid,current,6.4271706,STA2285,AWS Batur Dieng,-7.20399,109.91158,2078.0,Kab. Banjarnegara,9.29,8.92,97.0,97.0,False,0.0,149.1,0.0,799.7935,8.83807021806042,-1.3900000000000006,-1.2100000000000009,0.0,0.0,0.2210999999999785,6,10.0,10.0,8.92,96.98333333333332,0.0,0.0,,,,,,,
2026-09-21T21:20:00+07:00,2026-09-21T21:31:30.457705+07:00,valid,current,11.507628416666668,STA2285,AWS Batur Dieng,-7.20399,109.91158,2078.0,Kab. Banjarnegara,8.79,8.22,97.0,97.0,False,0.0,150.5,0.0,799.8749,8.339857872786185,-1.6500000000000004,-1.91,0.0,0.0,0.3051000000000385,6,10.0,10.0,8.22,96.98333333333332,0.0,0.0,,,,,,,
2026-09-21T21:40:00+07:00,2026-09-21T21:46:12.079350+07:00,partial,current,6.2013225,STA2285,AWS Batur Dieng,-7.20399,109.91158,2078.0,Kab. Banjarnegara,8.41,7.88,,0.0,True,0.0,161.4,0.0,799.8199,,-1.3499999999999996,-1.7800000000000002,,0.0,0.2437999999999647,6,10.0,10.0,7.88,91.186,0.0,0.0,,,,,,,
2026-09-21T21:50:00+07:00,2026-09-21T22:01:15.746002+07:00,partial,current,11.262433366666668,STA2285,AWS Batur Dieng,-7.20399,109.91158,2078.0,Kab. Banjarnegara,8.35,7.88,,0.0,True,0.0,167.5,0.0,799.8724,,-1.34,-1.580000000000001,,0.0,0.1451999999999316,6,10.0,10.0,7.88,89.7325,0.0,0.0,,,,,,,
2026-09-21T22:10:00+07:00,2026-09-21T22:16:18.518806+07:00,partial,current,6.308646766666667,STA2285,AWS Batur Dieng,-7.20399,109.91158,2078.0,Kab. Banjarnegara,8.07,7.874,,0.0,True,0.0,160.0,0.0,799.8709,,-1.2199999999999989,-1.0460000000000005,,0.0,0.0774000000000114,6,10.0,10.0,7.874,82.465,0.0,0.0,,,,,,,
2026-09-21T22:20:00+07:00,2026-09-21T22:31:16.096385+07:00,partial,current,11.268273083333334,STA2285,AWS Batur Dieng,-7.20399,109.91158,2078.0,Kab. Banjarnegara,7.925,7.759,,0.0,True,0.0,165.2,0.0,799.8696,,-0.8649999999999993,-0.4610000000000003,,0.0,-0.0053000000000338,6,10.0,10.0,7.759,67.93,0.0,0.0,,,,,,,
2026-09-21T22:40:00+07:00,2026-09-21T22:46:47.303664+07:00,valid,current,6.7883944000000005,STA2285,AWS Batur Dieng,-7.20399,109.91158,2078.0,Kab. Banjarnegara,8.15,7.759,97.0,97.0,False,0.0,168.5,0.0,799.869,7.702140910641438,-0.2599999999999998,-0.1209999999999995,,0.0,0.0491000000000667,6,10.0,10.0,7.759,95.25,0.0,0.0,,,,,,,
2026-09-21T22:50:00+07:00,2026-09-21T23:01:31.005222+07:00,valid,current,11.5167537,STA2285,AWS Batur Dieng,-7.20399,109.91158,2078.0,Kab. Banjarnegara,8.38,7.759,97.0,97.0,False,0.0,154.6,0.0,799.8699,7.931321110865897,0.0300000000000011,-0.1209999999999995,,0.0,-0.0024999999999408,6,10.0,10.0,7.759,95.83333333333331,0.0,0.0,,,,,,,
2026-09-21T23:10:00+07:00,2026-09-21T23:16:11.351271+07:00,valid,current,6.18918785,STA2285,AWS Batur Dieng,-7.20399,109.91158,2078.0,Kab. Banjarnegara,8.15,7.759,97.0,97.0,False,0.0,163.0,0.0,799.5871,7.702140910641438,0.08,-0.1149999999999993,,0.0,-0.283800000000042,6,10.0,10.0,7.759,96.3,0.0,0.0,,,,,,,
2026-09-21T23:50:00+07:00,2026-09-22T00:01:14.955538+07:00,valid,current,11.249258966666668,STA2285,AWS Batur Dieng,-7.20399,109.91158,2078.0,Kab. Banjarnegara,7.957,7.435,97.0,97.0,False,0.0,161.1,0.0,799.313,7.509828252173617,-0.4230000000000009,-0.3240000000000007,0.0,0.0,-0.5569000000000415,6,10.0,10.0,7.435,97.0,0.0,0.0,,,,,,,
2026-09-22T00:10:00+07:00,2026-09-22T00:16:09.651310+07:00,valid,current,6.160855166666667,STA2285,AWS Batur Dieng,-7.20399,109.91158,2078.0,Kab. Banjarnegara,8.53,7.435,97.0,97.0,False,0.0,157.6,0.0,799.065,8.080786055694885,0.379999999999999,-0.3240000000000007,0.0,0.0,-0.5220999999999094,6,10.0,10.0,7.435,97.0,0.0,0.0,,,,,,,
2026-09-22T00:20:00+07:00,2026-09-22T00:31:27.915625+07:00,valid,current,11.465260416666666,STA2285,AWS Batur Dieng,-7.20399,109.91158,2078.0,Kab. Banjarnegara,8.12,7.435,97.0,97.0,False,0.0,149.8,0.0,798.9386,7.672247785879778,-0.0700000000000002,-0.3240000000000007,0.0,0.0,-0.6238000000000739,6,10.0,10.0,7.435,97.0,0.0,0.0,,,,,,,
2026-09-22T00:40:00+07:00,2026-09-22T00:46:12.763079+07:00,valid,current,6.2127179833333335,STA2285,AWS Batur Dieng,-7.20399,109.91158,2078.0,Kab. Banjarnegara,8.01,7.344,96.9,96.9,False,0.0,135.7,0.0,798.8104,7.547518207946714,0.1959999999999997,-0.0909999999999993,-0.0999999999999943,0.0,-0.6788000000000238,6,10.0,10.0,7.344,96.98333333333332,0.0,0.0,,,,,,,
2026-09-22T00:50:00+07:00,2026-09-22T01:01:16.237960+07:00,valid,current,11.270632666666668,STA2285,AWS Batur Dieng,-7.20399,109.91158,2078.0,Kab. Banjarnegara,7.69,7.344,96.9,96.9,False,0.0,139.3,0.0,798.641,7.228695374914332,-0.2669999999999994,-0.0909999999999993,-0.0999999999999943,0.0,-0.6720000000000255,6,10.0,10.0,7.344,96.96666666666664,0.0,0.0,,,,,,,
2026-09-22T01:10:00+07:00,2026-09-22T01:16:21.069437+07:00,valid,current,6.351157283333333,STA2285,AWS Batur Dieng,-7.20399,109.91158,2078.0,Kab. Banjarnegara,8.53,7.344,97.0,97.0,False,0.0,133.4,0.0,798.4924,8.080786055694885,0.0,-0.0909999999999993,0.0,0.0,-0.5726000000000795,6,10.0,10.0,7.344,96.96666666666664,0.0,0.0,,,,,,,
2026-09-22T01:20:00+07:00,2026-09-22T01:31:36.523052+07:00,valid,current,11.608717533333332,STA2285,AWS Batur Dieng,-7.20399,109.91158,2078.0,Kab. Banjarnegara,8.51,7.344,97.0,97.0,False,0.0,148.0,0.0,798.3732,8.060857414773308,0.3900000000000005,-0.0909999999999993,0.0,0.0,-0.5653999999999542,6,10.0,10.0,7.344,96.96666666666664,0.0,0.0,,,,,,,
2026-09-22T01:40:00+07:00,2026-09-22T01:46:22.372251+07:00,valid,current,6.37287085,STA2285,AWS Batur Dieng,-7.20399,109.91158,2078.0,Kab. Banjarnegara,7.854,7.344,96.9,96.9,False,0.0,165.3,0.0,798.2146,7.392092263886906,-0.1559999999999997,0.0,0.0,0.0,-0.5957999999999402,6,10.0,10.0,7.344,96.96666666666664,0.0,0.0,,,,,,,
2026-09-22T01:50:00+07:00,2026-09-22T02:01:07.741750+07:00,valid,current,11.129029166666667,STA2285,AWS Batur Dieng,-7.20399,109.91158,2078.0,Kab. Banjarnegara,7.86,7.344,96.9,96.9,False,0.0,160.6,0.0,798.1254,7.398070191392135,0.1699999999999999,0.0,0.0,0.0,-0.5155999999999494,6,10.0,10.0,7.344,96.96666666666664,0.0,0.0,,,,,,,
2026-09-22T02:10:00+07:00,2026-09-22T02:20:41.604889+07:00,valid,current,10.693414816666666,STA2285,AWS Batur Dieng,-7.20399,109.91158,2078.0,Kab. Banjarnegara,7.173,6.992,97.0,97.0,False,0.0,167.2,0.0,797.9909,6.72861493703868,-1.356999999999999,-0.3520000000000003,0.0,0.0,-0.5014999999999645,6,10.0,10.0,6.992,96.96666666666664,0.0,0.0,,,,,,,
2026-09-22T02:20:00+07:00,2026-09-22T02:31:15.219388+07:00,valid,current,11.253656466666666,STA2285,AWS Batur Dieng,-7.20399,109.91158,2078.0,Kab. Banjarnegara,7.385,6.992,97.0,97.0,False,0.0,149.4,0.0,797.9698,6.93986225238122,-1.125,-0.3520000000000003,0.0,0.0,-0.4034000000000333,6,10.0,10.0,6.992,96.96666666666664,0.0,0.0,,,,,,,
2026-09-22T02:50:00+07:00,2026-09-22T03:01:10.466809+07:00,valid,current,11.174446816666666,STA2285,AWS Batur Dieng,-7.20399,109.91158,2078.0,Kab. Banjarnegara,7.008,6.603,97.0,97.0,False,0.0,153.4,0.0,797.8656,6.564200312959985,-0.8520000000000003,-0.7410000000000005,0.0999999999999943,0.0,-0.2598000000000411,6,10.0,10.0,6.603,96.98333333333332,0.0,0.0,,,,,,,
2026-09-22T03:10:00+07:00,2026-09-22T03:16:20.252258+07:00,valid,current,6.337537633333333,STA2285,AWS Batur Dieng,-7.20399,109.91158,2078.0,Kab. Banjarnegara,8.78,6.603,97.0,97.0,False,0.0,163.0,0.0,797.8649,8.32989358981043,1.606999999999999,-0.3890000000000002,0.0,0.0,-0.1259999999999763,6,10.0,10.0,6.603,96.98333333333332,0.0,0.0,,,,,,,
2026-09-22T03:20:00+07:00,2026-09-22T03:31:26.912406+07:00,valid,current,11.4485401,STA2285,AWS Batur Dieng,-7.20399,109.91158,2078.0,Kab. Banjarnegara,8.57,6.603,97.0,97.0,False,0.0,177.8,0.0,797.8655,8.120643320563646,1.1850000000000005,-0.3890000000000002,0.0,0.0,-0.1042999999999665,6,10.0,10.0,6.603,96.98333333333332,0.0,0.0,,,,,,,
2026-09-22T03:40:00+07:00,2026-09-22T03:46:23.394252+07:00,valid,current,6.3899042,STA2285,AWS Batur Dieng,-7.20399,109.91158,2078.0,Kab. Banjarnegara,7.84,6.603,91.0,91.0,False,0.0,159.3,0.0,797.8657,6.461858478739042,1.0149999999999997,-0.0890000000000004,-6.0,0.0,0.0002999999999246,6,10.0,10.0,6.603,96.0,0.0,0.0,,,,,,,
2026-09-22T03:50:00+07:00,2026-09-22T04:01:20.518816+07:00,valid,current,11.341980266666669,STA2285,AWS Batur Dieng,-7.20399,109.91158,2078.0,Kab. Banjarnegara,7.956,6.603,86.3,86.3,False,0.0,148.6,0.0,797.8798,5.807596912769572,0.9480000000000004,0.0,-10.700000000000005,0.0,0.0142000000000734,6,10.0,10.0,6.603,94.21666666666664,0.0,0.0,,,,,,,
2026-09-22T04:00:00+07:00,2026-09-22T04:16:35.711420+07:00,valid,current,16.59519033333333,STA2285,AWS Batur Dieng,-7.20399,109.91158,2078.0,Kab. Banjarnegara,7.697,6.603,81.3,81.3,False,0.0,165.9,0.0,798.0146,4.694936659863636,-0.2759999999999998,0.0,-15.700000000000005,0.0,0.1492999999999256,6,10.0,10.0,6.603,91.6,0.0,0.0,,,,,,,
2026-09-22T04:20:00+07:00,2026-09-22T04:31:07.952188+07:00,valid,current,11.132536466666666,STA2285,AWS Batur Dieng,-7.20399,109.91158,2078.0,Kab. Banjarnegara,6.924,6.603,97.0,97.0,False,0.0,163.0,0.2,798.0122,6.480498174583328,-1.646,0.0,0.0,0.0,0.1467000000000098,6,10.0,10.0,6.603,90.73333333333336,0.0,0.0,,,,,,,
2026-09-22T04:40:00+07:00,2026-09-22T04:46:27.327423+07:00,valid,current,6.455457050000001,STA2285,AWS Batur Dieng,-7.20399,109.91158,2078.0,Kab. Banjarnegara,7.41,6.603,97.0,97.0,False,0.0,176.4,0.2,798.1134,6.9647734504914025,-0.4299999999999997,0.0,6.0,0.0,0.2477000000000089,6,10.0,10.0,6.603,91.73333333333332,0.0,0.0,,,,,,,
2026-09-22T04:50:00+07:00,2026-09-22T05:01:16.136585+07:00,valid,current,11.268943083333332,STA2285,AWS Batur Dieng,-7.20399,109.91158,2078.0,Kab. Banjarnegara,7.761,6.603,97.0,97.0,False,0.0,155.6,0.2,798.1796,7.314525738516119,-0.1950000000000002,0.0,10.700000000000005,0.0,0.2998000000000047,6,10.0,10.0,6.603,93.51666666666668,0.0,0.0,,,,,,,
2026-09-22T05:10:00+07:00,2026-09-22T05:16:25.780322+07:00,invalid,current,6.4296720333333335,STA2285,AWS Batur Dieng,-7.20399,109.91158,2078.0,Kab. Banjarnegara,9.21,6.603,9.54,9.54,False,0.0,123.1,0.2,798.3526,-21.45064560460263,1.7440000000000009,0.0,-82.25999999999999,0.0,0.3397000000001071,6,10.0,10.0,6.603,81.79,0.0,0.0,,,,,,,
2026-09-22T05:20:00+07:00,2026-09-22T05:31:23.473484+07:00,partial,current,11.391224733333331,STA2285,AWS Batur Dieng,-7.20399,109.91158,2078.0,Kab. Banjarnegara,9.24,6.603,,0.0,True,0.0,95.7,0.2,798.4868,,2.316,0.0,,0.0,0.4746000000000094,6,10.0,10.0,6.603,78.748,0.0,0.0,,,,,,,
2026-09-22T05:30:00+07:00,2026-09-22T05:39:08.952617+07:00,partial,current,9.149210283333334,STA2285,AWS Batur Dieng,-7.20399,109.91158,2078.0,Kab. Banjarnegara,9.57,6.603,,0.0,True,0.0,90.9,0.2,798.4651,,2.139,0.0,,0.0,0.4524999999999863,6,10.0,10.0,6.603,74.185,0.0,0.0,,,,,,,
2026-09-22T05:40:00+07:00,2026-09-22T05:47:52.484689+07:00,partial,current,7.874744816666666,STA2285,AWS Batur Dieng,-7.20399,109.91158,2078.0,Kab. Banjarnegara,9.22,6.603,,0.0,True,0.0,110.0,0.2,798.4389,,1.8100000000000005,0.0,,0.0,0.3255000000000336,6,10.0,10.0,6.603,66.58,0.0,0.0,,,,,,,
2026-09-22T05:50:00+07:00,2026-09-22T06:01:20.010705+07:00,partial,current,11.33351175,STA2285,AWS Batur Dieng,-7.20399,109.91158,2078.0,Kab. Banjarnegara,9.4,8.39,,0.0,True,0.0,69.55,0.0,798.6385,,1.6390000000000002,1.7870000000000008,,0.0,0.4588999999999714,6,10.0,10.0,6.603,51.370000000000005,0.0,0.0,,,,,,,
2026-09-22T06:10:00+07:00,2026-09-22T06:16:12.399379+07:00,valid,current,6.206656316666667,STA2285,AWS Batur Dieng,-7.20399,109.91158,2078.0,Kab. Banjarnegara,12.9,8.39,14.55,14.55,False,0.0,96.8,0.0,798.7048,-13.53261758178358,3.69,1.7870000000000008,5.010000000000002,0.0,0.3521999999999252,6,10.0,10.0,6.603,14.55,0.0,0.0,,,,,,,
2026-09-22T06:20:00+07:00,2026-09-22T06:31:19.767269+07:00,valid,current,11.329454483333334,STA2285,AWS Batur Dieng,-7.20399,109.91158,2078.0,Kab. Banjarnegara,14.1,8.39,97.0,97.0,False,0.0,123.5,0.0,798.8238,13.630692344376412,4.859999999999999,1.7870000000000008,,0.0,0.3369999999999891,6,10.0,10.0,6.603,55.775,0.0,0.0,,,,,,,
2026-09-22T06:40:00+07:00,2026-09-22T06:46:27.995325+07:00,valid,current,6.46658875,STA2285,AWS Batur Dieng,-7.20399,109.91158,2078.0,Kab. Banjarnegara,14.71,8.39,97.0,97.0,False,0.0,147.5,0.0,798.9646,14.238465116037489,5.49,1.7870000000000008,,0.0,0.5257000000000289,6,10.0,10.0,8.39,76.3875,0.0,0.0,,,,,,,
2026-09-22T06:50:00+07:00,2026-09-22T07:01:29.498427+07:00,valid,current,11.49164045,STA2285,AWS Batur Dieng,-7.20399,109.91158,2078.0,Kab. Banjarnegara,15.23,8.39,39.8,39.8,False,0.0,147.6,0.0,799.0475,1.6385558980405028,5.83,0.0,,0.0,0.4089999999999918,6,10.0,10.0,8.39,62.087500000000006,0.0,0.0,,,,,,,
2026-09-22T07:00:00+07:00,2026-09-22T07:16:15.908857+07:00,valid,current,16.265147616666667,STA2285,AWS Batur Dieng,-7.20399,109.91158,2078.0,Kab. Banjarnegara,15.9,8.39,97.0,97.0,False,0.0,152.5,0.0,799.1101,15.424105047584671,3.630000000000001,0.0,,0.0,0.4698999999999387,6,10.0,10.0,8.39,73.72500000000001,0.0,0.0,,,,,,,
2026-09-22T07:20:00+07:00,2026-09-22T07:31:25.439683+07:00,valid,current,11.423994716666666,STA2285,AWS Batur Dieng,-7.20399,109.91158,2078.0,Kab. Banjarnegara,16.64,16.1,96.9,96.9,False,1.274,155.2,0.0,799.3652,16.145206835478653,2.540000000000001,7.710000000000001,-0.0999999999999943,1.274,0.5413999999999533,6,10.0,10.0,8.39,87.45,0.3821666666666667,1.274,,,,,,,
2026-09-22T07:40:00+07:00,2026-09-22T07:46:41.891035+07:00,valid,current,6.698183916666666,STA2285,AWS Batur Dieng,-7.20399,109.91158,2078.0,Kab. Banjarnegara,17.27,16.1,97.0,97.0,False,1.75,165.6,0.0,799.5944,16.789060671649,2.5599999999999987,7.710000000000001,0.0,1.75,0.629799999999932,6,10.0,10.0,8.39,87.45,1.0151666666666668,2.048,,,,,,,
2026-09-22T07:50:00+07:00,2026-09-22T08:01:26.258736+07:00,valid,current,11.4376456,STA2285,AWS Batur Dieng,-7.20399,109.91158,2078.0,Kab. Banjarnegara,17.65,16.1,97.0,97.0,False,1.414,155.9,0.0,799.6173,17.167656799200678,2.419999999999998,7.710000000000001,57.2,1.414,0.5697999999999865,6,10.0,10.0,8.39,96.98333333333332,1.2508333333333332,2.048,,,,,,,
2026-09-22T08:10:00+07:00,2026-09-22T08:19:00.670155+07:00,valid,current,9.01116925,STA2285,AWS Batur Dieng,-7.20399,109.91158,2078.0,Kab. Banjarnegara,17.81,16.1,97.0,97.0,False,2.548,158.3,0.0,799.8379,17.32706508405127,1.3599999999999994,0.0,0.0,1.529,0.6105999999999767,6,10.0,10.0,16.1,96.98333333333332,1.6841666666666668,2.548,,,,,,,
2026-09-22T08:20:00+07:00,2026-09-22T08:31:29.226751+07:00,valid,current,11.487112516666668,STA2285,AWS Batur Dieng,-7.20399,109.91158,2078.0,Kab. Banjarnegara,17.89,16.1,97.0,97.0,False,1.077,180.1,0.0,799.9452,17.406769090708124,1.25,0.0,0.0999999999999943,-0.197,0.5800000000000409,6,10.0,10.0,16.1,97.0,1.651333333333333,2.548,,,,,,,
2026-09-22T08:50:00+07:00,2026-09-22T09:01:11.904236+07:00,valid,current,11.198403933333331,STA2285,AWS Batur Dieng,-7.20399,109.91158,2078.0,Kab. Banjarnegara,18.27,16.1,96.9,96.9,False,3.123,160.7,0.0,800.0718,17.768981742663467,0.620000000000001,0.0,-0.0999999999999943,1.7090000000000003,0.4545000000000527,6,10.0,10.0,16.1,96.96666666666664,2.191333333333333,3.359,,,,,,,
2026-09-22T09:10:00+07:00,2026-09-22T09:16:21.167226+07:00,valid,current,6.3527871000000005,STA2285,AWS Batur Dieng,-7.20399,109.91158,2078.0,Kab. Banjarnegara,18.85,18.44,97.0,97.0,False,2.579,150.1,0.0,800.0921,18.36321011069193,1.0400000000000027,2.34,0.0,0.0310000000000001,0.2541999999999689,6,10.0,10.0,16.1,96.96666666666664,2.6203333333333334,3.614,,,,,,,
2026-09-22T09:20:00+07:00,2026-09-22T09:31:15.021840+07:00,valid,current,11.250364,STA2285,AWS Batur Dieng,-7.20399,109.91158,2078.0,Kab. Banjarnegara,18.65,18.14,97.0,97.0,False,4.807,144.2,0.0,800.0921,18.163952639679856,0.759999999999998,2.039999999999999,0.0,3.73,0.1468999999999596,6,10.0,10.0,16.1,96.96666666666664,3.2419999999999995,4.807,,,,,,,
2026-09-22T09:40:00+07:00,2026-09-22T09:46:33.225492+07:00,valid,current,6.5537582,STA2285,AWS Batur Dieng,-7.20399,109.91158,2078.0,Kab. Banjarnegara,18.32,17.96,97.0,97.0,False,5.094,141.5,0.0,800.0874,17.835176575766017,0.25,1.86,0.0,1.7350000000000003,-0.0039000000000442,6,10.0,10.0,16.1,96.98333333333332,4.035333333333334,5.094,,,,,,,
2026-09-22T09:50:00+07:00,2026-09-22T10:01:12.231897+07:00,valid,current,11.20386495,STA2285,AWS Batur Dieng,-7.20399,109.91158,2078.0,Kab. Banjarnegara,18.35,17.8,97.0,97.0,False,4.805,143.1,0.0,800.0834,17.865065372489664,0.0800000000000018,1.6999999999999993,0.0999999999999943,1.6819999999999995,0.0115999999999303,6,10.0,10.0,16.1,97.0,4.315666666666667,5.094,,,,,,,
2026-09-22T10:10:00+07:00,2026-09-22T10:16:12.065823+07:00,valid,current,6.20109705,STA2285,AWS Batur Dieng,-7.20399,109.91158,2078.0,Kab. Banjarnegara,19.14,17.8,97.0,97.0,False,2.718,156.6,0.0,799.8075,18.652132438855062,0.2899999999999991,-0.6400000000000006,0.0,0.1389999999999998,-0.2845999999999549,6,10.0,10.0,17.8,97.0,4.3045,5.094,,,,,,,
2026-09-22T10:20:00+07:00,2026-09-22T10:31:17.526104+07:00,valid,current,11.292101733333334,STA2285,AWS Batur Dieng,-7.20399,109.91158,2078.0,Kab. Banjarnegara,19.34,17.8,97.0,97.0,False,2.548,155.9,0.0,799.7626,18.85138852393346,0.6900000000000013,-0.3399999999999998,0.0,-2.2590000000000003,-0.329499999999939,6,10.0,10.0,17.8,97.0,3.928,5.094,,,,,,,
2026-09-22T10:40:00+07:00,2026-09-22T10:46:21.223661+07:00,valid,current,6.353727683333333,STA2285,AWS Batur Dieng,-7.20399,109.91158,2078.0,Kab. Banjarnegara,19.37,17.8,97.0,97.0,False,3.272,146.5,0.0,799.6131,18.881276887905003,1.0500000000000007,-0.1600000000000001,0.0,-1.8220000000000005,-0.4742999999999711,6,10.0,10.0,17.8,97.0,3.319833333333333,4.805,,,,,,,
2026-09-22T10:50:00+07:00,2026-09-22T11:01:47.471083+07:00,valid,current,11.791184716666669,STA2285,AWS Batur Dieng,-7.20399,109.91158,2078.0,Kab. Banjarnegara,19.41,17.8,97.0,97.0,False,3.266,153.1,0.0,799.5461,18.92112802006816,1.0599999999999987,0.0,0.0,-1.5389999999999997,-0.5372999999999593,6,10.0,10.0,17.8,97.0,3.063333333333333,3.408,,,,,,,
2026-09-22T11:10:00+07:00,2026-09-22T11:16:07.962547+07:00,partial,current,6.132709116666666,STA2285,AWS Batur Dieng,-7.20399,109.91158,2078.0,Kab. Banjarnegara,19.7,17.8,,0.242,True,3.189,144.7,0.0,799.1464,,0.5599999999999987,0.0,,0.4710000000000001,-0.6611000000000331,6,10.0,10.0,17.8,92.792,2.9761666666666664,3.272,,,,,,,
2026-09-22T11:20:00+07:00,2026-09-22T11:31:36.273916+07:00,partial,current,11.604565266666668,STA2285,AWS Batur Dieng,-7.20399,109.91158,2078.0,Kab. Banjarnegara,19.75,17.8,,0.0,True,1.873,173.5,0.0,799.1464,,0.4100000000000001,0.0,,-0.675,-0.6162000000000489,6,10.0,10.0,17.8,91.74,2.8636666666666666,3.272,,,,,,,
2026-09-22T11:40:00+07:00,2026-09-22T11:46:10.836036+07:00,valid,current,6.1806006,STA2285,AWS Batur Dieng,-7.20399,109.91158,2078.0,Kab. Banjarnegara,20.4,17.8,24.7,24.7,False,1.356,214.9,0.0,798.9874,-0.4616219985421525,1.0299999999999976,0.0,-72.3,-1.916,-0.6257000000000517,6,10.0,10.0,17.8,65.88666666666666,2.071333333333333,3.266,,,,,,,
2026-09-22T11:50:00+07:00,2026-09-22T12:01:14.654772+07:00,valid,current,11.2442462,STA2285,AWS Batur Dieng,-7.20399,109.91158,2078.0,Kab. Banjarnegara,20.22,17.8,64.62,64.62,False,2.263,276.8,0.0,798.865,13.339947388384171,0.8099999999999987,0.0,-32.379999999999995,-1.003,-0.6811000000000149,6,10.0,10.0,17.8,55.09333333333333,1.9041666666666668,3.189,,,,,,,
2026-09-22T12:10:00+07:00,2026-09-22T12:16:11.276049+07:00,partial,current,6.18793415,STA2285,AWS Batur Dieng,-7.20399,109.91158,2078.0,Kab. Banjarnegara,20.56,17.8,,0.0,True,1.28,264.7,0.0,798.6658,,0.8599999999999994,0.0,,-1.909,-0.4805999999999812,6,10.0,10.0,17.8,44.66,1.7371666666666667,3.321,,,,,,,
2026-09-22T12:20:00+07:00,2026-09-22T12:31:26.288850+07:00,partial,current,11.4381475,STA2285,AWS Batur Dieng,-7.20399,109.91158,2078.0,Kab. Banjarnegara,20.36,17.8,,0.0,True,1.598,201.5,0.0,798.5538,,0.6099999999999994,0.0,,-0.2749999999999999,-0.5925999999999476,6,10.0,10.0,17.8,44.66,1.6913333333333334,3.321,,,,,,,
2026-09-22T12:40:00+07:00,2026-09-22T12:46:30.011377+07:00,partial,current,6.500189616666666,STA2285,AWS Batur Dieng,-7.20399,109.91158,2078.0,Kab. Banjarnegara,20.56,17.8,,0.0,True,1.376,212.0,0.0,798.5382,,0.1600000000000001,0.0,,0.0199999999999997,-0.4492000000000189,6,10.0,10.0,17.8,64.62,1.9755,3.321,,,,,,,
2026-09-22T12:50:00+07:00,2026-09-22T13:16:04.549703+07:00,partial,current,26.07582838333333,STA2285,AWS Batur Dieng,-7.20399,109.91158,2078.0,Kab. Banjarnegara,19.97,17.8,,0.0,True,1.544,186.2,0.0,798.3822,,-0.25,0.0,,-0.7189999999999999,-0.4827999999999974,6,10.0,10.0,17.8,,1.8556666666666668,3.321,,,,,,,
2026-09-22T13:10:00+07:00,2026-09-22T13:22:28.697559+07:00,invalid,current,12.478292649999998,STA2285,AWS Batur Dieng,-7.20399,109.91158,2078.0,Kab. Banjarnegara,18.7,18.26,5.108,5.108,False,1.405,184.5,0.0,798.1918,-21.55355400862537,-1.86,0.4600000000000008,,0.125,-0.4740000000000464,5,10.0,20.0,17.8,5.108,1.5876000000000003,2.015,,,,,,,
2026-09-22T13:20:00+07:00,2026-09-22T13:31:18.485555+07:00,valid,current,11.308092583333332,STA2285,AWS Batur Dieng,-7.20399,109.91158,2078.0,Kab. Banjarnegara,19.78,18.26,97.0,97.0,False,0.517,196.1,0.0,798.0222,19.28974991990493,-0.5799999999999983,0.4600000000000008,,-1.081,-0.5316000000000258,6,10.0,10.0,17.8,51.054,1.3714000000000002,2.015,,,,,,,
2026-09-22T13:40:00+07:00,2026-09-22T13:46:18.557058+07:00,valid,current,6.3092843,STA2285,AWS Batur Dieng,-7.20399,109.91158,2078.0,Kab. Banjarnegara,18.54,18.24,22.85,22.85,False,1.206,194.4,0.0,797.9177,-3.090580180356765,-2.02,0.4399999999999977,,-0.1699999999999999,-0.6204999999999927,6,10.0,10.0,17.8,52.5895,1.2314,1.544,,,,,,,
2026-09-22T13:50:00+07:00,2026-09-22T14:01:19.750618+07:00,valid,current,11.329176966666669,STA2285,AWS Batur Dieng,-7.20399,109.91158,2078.0,Kab. Banjarnegara,18.03,17.7,97.0,97.0,False,2.002,182.8,0.0,797.917,17.546250884563023,-1.9399999999999973,-0.1000000000000014,,0.4579999999999997,-0.4651999999999816,6,10.0,10.0,17.7,61.4716,1.323,2.002,,,,,,,
2026-09-22T14:10:00+07:00,2026-09-22T14:16:19.220912+07:00,valid,current,6.320348533333333,STA2285,AWS Batur Dieng,-7.20399,109.91158,2078.0,Kab. Banjarnegara,17.96,17.58,96.8,96.8,False,2.041,192.3,0.0,797.7627,17.443812452015067,-0.7399999999999984,-0.6800000000000033,91.692,0.6359999999999999,-0.4290999999999485,6,10.0,10.0,17.58,82.675,1.4178333333333333,2.041,,,,,,,
2026-09-22T14:20:00+07:00,2026-09-22T14:31:22.417290+07:00,valid,current,11.3736215,STA2285,AWS Batur Dieng,-7.20399,109.91158,2078.0,Kab. Banjarnegara,17.99,17.58,97.0,97.0,False,2.91,169.7,0.0,797.7547,17.5063989717466,-1.7900000000000027,-0.6800000000000033,0.0,2.393,-0.2675000000000409,6,10.0,10.0,17.58,82.675,1.8166666666666669,2.91,,,,,,,
2026-09-22T14:30:00+07:00,2026-09-22T14:46:07.947319+07:00,valid,current,16.132455316666668,STA2285,AWS Batur Dieng,-7.20399,109.91158,2078.0,Kab. Banjarnegara,18.25,17.58,97.0,97.0,False,2.767,177.9,0.0,797.6641,17.765436000579168,-0.9499999999999992,-0.6800000000000033,11.599999999999994,1.2819999999999998,-0.268100000000004,6,10.0,10.0,17.58,84.60833333333333,2.030333333333333,2.91,,,,,,,
2026-09-22T14:50:00+07:00,2026-09-22T15:01:16.581896+07:00,valid,current,11.276364933333332,STA2285,AWS Batur Dieng,-7.20399,109.91158,2078.0,Kab. Banjarnegara,17.43,16.96,97.0,97.0,False,2.846,174.6,0.0,797.6031,16.948469816370796,-0.6000000000000014,-0.7399999999999984,0.0,0.8440000000000003,-0.3138999999999896,6,10.0,10.0,16.96,96.96666666666664,2.438,2.91,,,,,,,
2026-09-22T15:10:00+07:00,2026-09-22T15:16:08.202725+07:00,valid,current,6.136712083333333,STA2285,AWS Batur Dieng,-7.20399,109.91158,2078.0,Kab. Banjarnegara,17.75,16.84,97.0,97.0,False,1.973,199.3,0.0,797.457,17.267287019659975,-0.2100000000000008,-0.7399999999999984,0.2000000000000028,-0.0679999999999998,-0.3057000000000016,6,10.0,10.0,16.84,97.0,2.593833333333333,2.91,,,,,,,
2026-09-22T15:20:00+07:00,2026-09-22T15:46:09.501337+07:00,valid,current,26.158355616666665,STA2285,AWS Batur Dieng,-7.20399,109.91158,2078.0,Kab. Banjarnegara,17.76,16.84,97.0,97.0,False,3.488,166.8,0.0,797.4558,17.277250033927498,-0.2299999999999968,-0.7399999999999984,0.0,0.5779999999999998,-0.2989000000000033,6,10.0,10.0,16.84,97.0,2.690166666666667,3.488,,,,,,,
2026-09-22T15:40:00+07:00,2026-09-22T16:16:13.488878+07:00,partial,delayed,36.22481463333334,STA2285,AWS Batur Dieng,-7.20399,109.91158,,Kab. Banjarnegara,,,,,False,,,,,,,,,,,6,10.0,10.0,16.84,97.0,2.6415,3.488,9.0,9.0,9.0,9.0,9.0,9.0,9.0
2026-09-22T16:00:00+07:00,2026-09-22T16:31:20.389031+07:00,partial,delayed,31.33981718333333,STA2285,AWS Batur Dieng,-7.20399,109.91158,,Kab. Banjarnegara,,,,,False,,,,,,,,,,,6,10.0,10.0,16.84,97.0,2.7305,3.488,9.0,9.0,9.0,9.0,9.0,9.0,9.0
2026-09-22T16:40:00+07:00,2026-09-22T16:46:25.935863+07:00,partial,current,6.432264383333333,STA2285,AWS Batur Dieng,-7.20399,109.91158,2078.0,Kab. Banjarnegara,16.35,16.31,,0.248,True,3.073,161.8,0.0,797.884,,,,,,,4,10.0,30.0,16.31,,3.073,3.073,,,,,,,
2026-09-22T16:50:00+07:00,2026-09-22T17:01:16.703519+07:00,partial,current,11.278391983333334,STA2285,AWS Batur Dieng,-7.20399,109.91158,2078.0,Kab. Banjarnegara,16.25,16.11,,0.172,True,2.097,155.6,2.0,797.9366,,,,,,,6,10.0,10.0,16.11,,2.585,3.073,,,,,,,
2026-09-22T17:10:00+07:00,2026-09-22T17:16:10.506818+07:00,partial,current,6.175113633333334,STA2285,AWS Batur Dieng,-7.20399,109.91158,2078.0,Kab. Banjarnegara,17.25,15.38,,0.279,True,1.993,156.3,2.0,797.915,,,,,,,6,10.0,10.0,15.38,,2.4395,3.073,,,,,,,
2026-09-22T17:20:00+07:00,2026-09-22T17:31:26.011287+07:00,invalid,current,11.43352145,STA2285,AWS Batur Dieng,-7.20399,109.91158,2078.0,Kab. Banjarnegara,5.028,-39.98,,0.381,True,1.79,154.8,2.0,797.939,,,,,,,6,10.0,10.0,-39.98,,2.3096000000000005,3.073,,,,,,,
2026-09-22T17:40:00+07:00,2026-09-22T17:46:17.499396+07:00,valid,current,6.2916566,STA2285,AWS Batur Dieng,-7.20399,109.91158,2078.0,Kab. Banjarnegara,14.44,14.34,85.6,85.6,False,0.7,155.6,0.0,798.3009,12.055879029906562,-1.910000000000002,-1.9699999999999989,,-2.373,0.4168999999999414,5,10.0,20.0,-39.98,85.6,1.835,2.595,,,,,,,
2026-09-22T17:50:00+07:00,2026-09-22T18:01:17.224729+07:00,valid,current,11.287078816666668,STA2285,AWS Batur Dieng,-7.20399,109.91158,2078.0,Kab. Banjarnegara,14.31,14.2,86.9,86.9,False,0.108,152.7,0.0,798.3798,12.157228453286828,-1.9399999999999995,-1.91,,-1.989,0.4432000000000471,6,10.0,10.0,-39.98,86.25,1.4372,2.595,,,,,,,
2026-09-22T18:10:00+07:00,2026-09-22T18:16:21.509573+07:00,valid,current,6.358492883333333,STA2285,AWS Batur Dieng,-7.20399,109.91158,2078.0,Kab. Banjarnegara,13.76,13.11,88.3,88.3,False,0.0,134.8,0.0,798.6073,11.858567526379456,-3.49,-2.2700000000000014,,-1.993,0.6923000000000457,6,10.0,10.0,-39.98,87.05,0.5196000000000001,1.79,,,,,,,
2026-09-22T18:20:00+07:00,2026-09-22T18:31:13.774800+07:00,valid,current,11.22958,STA2285,AWS Batur Dieng,-7.20399,109.91158,2078.0,Kab. Banjarnegara,12.91,12.56,100.0,100.0,False,0.0,145.4,0.0,798.6376,12.91,7.882000000000001,52.54,,-1.79,0.6986000000000558,6,10.0,10.0,12.56,89.64,0.1616,0.7,,,,,,,
2026-09-22T18:40:00+07:00,2026-09-22T18:46:11.287877+07:00,valid,current,6.188131283333333,STA2285,AWS Batur Dieng,-7.20399,109.91158,2078.0,Kab. Banjarnegara,11.66,11.51,100.0,100.0,False,0.0,149.5,0.0,798.8139,11.659999999999998,-2.78,-2.83,14.400000000000006,-0.7,0.5130000000000337,6,10.0,10.0,11.51,93.76666666666668,0.018,0.108,,,,,,,
2026-09-22T18:50:00+07:00,2026-09-22T19:01:13.456729+07:00,valid,current,11.224278816666668,STA2285,AWS Batur Dieng,-7.20399,109.91158,2078.0,Kab. Banjarnegara,11.47,11.34,100.0,100.0,False,0.0,152.6,0.0,798.8738,11.47,-2.84,-2.8599999999999994,13.099999999999994,-0.108,0.4939999999999145,6,10.0,10.0,11.34,95.95,0.0,0.0,,,,,,,
2026-09-22T19:10:00+07:00,2026-09-22T19:16:12.096302+07:00,valid,current,6.201605033333333,STA2285,AWS Batur Dieng,-7.20399,109.91158,2078.0,Kab. Banjarnegara,11.24,10.98,100.0,100.0,False,0.0,134.8,0.0,799.0508,11.24,-2.52,-2.129999999999999,11.700000000000005,0.0,0.4434999999999718,6,10.0,10.0,10.98,100.0,0.0,0.0,,,,,,,
2026-09-22T19:20:00+07:00,2026-09-22T19:31:19.445154+07:00,valid,current,11.3240859,STA2285,AWS Batur Dieng,-7.20399,109.91158,2078.0,Kab. Banjarnegara,10.89,10.79,100.0,100.0,False,0.0,154.8,0.0,799.2302,10.89,-2.02,-1.7700000000000014,0.0,0.0,0.5925999999999476,6,10.0,10.0,10.79,100.0,0.0,0.0,,,,,,,
2026-09-22T19:30:00+07:00,2026-09-22T19:46:11.789406+07:00,valid,current,16.1964901,STA2285,AWS Batur Dieng,-7.20399,109.91158,2078.0,Kab. Banjarnegara,10.9,10.7,100.0,100.0,False,0.0,154.8,0.0,799.4808,10.9,-1.4000000000000004,-1.2400000000000002,0.0,0.0,0.7241999999999962,6,10.0,10.0,10.7,100.0,0.0,0.0,,,,,,,
2026-09-22T19:50:00+07:00,2026-09-22T20:01:18.192330+07:00,valid,current,11.3032055,STA2285,AWS Batur Dieng,-7.20399,109.91158,2078.0,Kab. Banjarnegara,10.66,10.38,100.0,100.0,False,0.0,165.2,0.0,799.6736,10.66,-0.8100000000000005,-0.9599999999999992,0.0,0.0,0.7998000000000047,6,10.0,10.0,10.38,100.0,0.0,0.0,,,,,,,
2026-09-22T20:10:00+07:00,2026-09-22T20:16:22.248335+07:00,valid,current,6.3708055833333335,STA2285,AWS Batur Dieng,-7.20399,109.91158,2078.0,Kab. Banjarnegara,10.51,10.32,100.0,100.0,False,0.0,142.8,0.0,799.6477,10.51,-0.7300000000000004,-0.6600000000000001,0.0,0.0,0.5969000000000051,6,10.0,10.0,10.32,100.0,0.0,0.0,,,,,,,
2026-09-22T20:20:00+07:00,2026-09-22T20:31:25.516363+07:00,valid,current,11.425272716666663,STA2285,AWS Batur Dieng,-7.20399,109.91158,2078.0,Kab. Banjarnegara,11.37,10.32,100.0,100.0,False,0.089,129.1,0.0,799.6451,11.369999999999996,0.4799999999999986,-0.4699999999999988,0.0,0.089,0.4148999999999887,6,10.0,10.0,10.32,100.0,0.0148333333333333,0.089,,,,,,,
2026-09-22T20:40:00+07:00,2026-09-22T20:46:27.382090+07:00,valid,current,6.456368166666667,STA2285,AWS Batur Dieng,-7.20399,109.91158,2078.0,Kab. Banjarnegara,11.84,11.26,100.0,100.0,False,0.0,147.9,0.0,799.8451,11.840000000000002,1.17,0.75,0.0,0.0,0.2532999999999674,6,10.0,10.0,10.32,100.0,0.0148333333333333,0.089,,,,,,,
2026-09-22T20:50:00+07:00,2026-09-22T21:01:25.448274+07:00,valid,current,11.4241379,STA2285,AWS Batur Dieng,-7.20399,109.91158,2078.0,Kab. Banjarnegara,11.38,11.16,100.0,100.0,False,0.0,137.3,0.0,799.942,11.38,0.7200000000000006,0.7799999999999994,0.0,0.0,0.2684000000000424,6,10.0,10.0,10.32,100.0,0.0148333333333333,0.089,,,,,,,
2026-09-22T21:10:00+07:00,2026-09-22T21:16:15.672237+07:00,valid,current,6.26120395,STA2285,AWS Batur Dieng,-7.20399,109.91158,2078.0,Kab. Banjarnegara,11.52,10.66,100.0,100.0,False,0.0,127.3,0.0,799.9795,11.52,1.0099999999999998,0.3399999999999998,0.0,0.0,0.3318000000000438,6,10.0,10.0,10.32,100.0,0.0148333333333333,0.089,,,,,,,
2026-09-22T21:20:00+07:00,2026-09-22T21:31:25.567844+07:00,valid,current,11.426130733333334,STA2285,AWS Batur Dieng,-7.20399,109.91158,2078.0,Kab. Banjarnegara,10.84,10.47,100.0,100.0,False,0.029,139.8,0.0,799.9788,10.84,-0.5299999999999994,0.1500000000000003,0.0,-0.06,0.3337000000000216,6,10.0,10.0,10.47,100.0,0.0048333333333333,0.029,,,,,,,
2026-09-22T21:40:00+07:00,2026-09-22T21:46:21.131706+07:00,valid,current,6.3521951,STA2285,AWS Batur Dieng,-7.20399,109.91158,2078.0,Kab. Banjarnegara,11.23,10.36,100.0,100.0,False,0.119,142.0,0.0,799.8438,11.23,-0.6099999999999994,-0.9000000000000004,0.0,0.119,-0.0013000000000147,6,10.0,10.0,10.36,100.0,0.0358333333333333,0.119,,,,,,,
2026-09-22T21:50:00+07:00,2026-09-22T22:01:15.606298+07:00,valid,current,11.260104966666669,STA2285,AWS Batur Dieng,-7.20399,109.91158,2078.0,Kab. Banjarnegara,10.7,10.36,100.0,100.0,False,0.047,150.7,0.0,799.9773,10.7,-0.6800000000000015,-0.8000000000000007,0.0,0.047,0.0353000000000065,6,10.0,10.0,10.36,100.0,0.0436666666666666,0.119,,,,,,,
2026-09-22T22:10:00+07:00,2026-09-22T22:16:05.423896+07:00,valid,current,6.090398266666667,STA2285,AWS Batur Dieng,-7.20399,109.91158,2078.0,Kab. Banjarnegara,10.7,10.36,100.0,100.0,False,0.0,163.3,0.0,799.9482,10.7,-0.8200000000000003,-0.3000000000000007,0.0,0.0,-0.0312999999999874,6,10.0,10.0,10.36,100.0,0.0436666666666666,0.119,,,,,,,
2026-09-22T22:20:00+07:00,2026-09-22T22:31:19.582003+07:00,valid,current,11.326366716666666,STA2285,AWS Batur Dieng,-7.20399,109.91158,2078.0,Kab. Banjarnegara,11.1,10.36,100.0,100.0,False,0.145,148.7,0.0,799.8645,11.1,0.2599999999999998,-0.1100000000000012,0.0,0.1159999999999999,-0.1142999999999574,6,10.0,10.0,10.36,100.0,0.063,0.145,,,,,,,
2026-09-22T22:40:00+07:00,2026-09-22T22:46:18.942066+07:00,valid,current,6.3157011,STA2285,AWS Batur Dieng,-7.20399,109.91158,2078.0,Kab. Banjarnegara,10.21,10.08,100.0,100.0,False,0.0,152.5,0.0,799.6766,10.21,-1.0199999999999996,-0.2799999999999993,0.0,-0.119,-0.1671999999999798,6,10.0,10.0,10.08,100.0,0.032,0.145,,,,,,,
2026-09-22T22:50:00+07:00,2026-09-22T23:01:22.418616+07:00,valid,current,11.3736436,STA2285,AWS Batur Dieng,-7.20399,109.91158,2078.0,Kab. Banjarnegara,9.97,9.77,100.0,100.0,False,0.0,173.6,0.0,799.6693,9.97,-0.7299999999999986,-0.5899999999999999,0.0,-0.047,-0.3079999999999927,6,10.0,10.0,9.77,100.0,0.0241666666666666,0.145,,,,,,,
2026-09-22T23:10:00+07:00,2026-09-22T23:16:35.921452+07:00,valid,current,6.598690866666667,STA2285,AWS Batur Dieng,-7.20399,109.91158,2078.0,Kab. Banjarnegara,10.06,9.68,100.0,100.0,False,0.0,138.9,0.0,799.6665,10.06,-0.6399999999999988,-0.6799999999999997,0.0,0.0,-0.2817000000000007,6,10.0,10.0,9.68,100.0,0.0241666666666666,0.145,,,,,,,
2026-09-22T23:20:00+07:00,2026-09-22T23:31:05.062008+07:00,valid,current,11.0843668,STA2285,AWS Batur Dieng,-7.20399,109.91158,2078.0,Kab. Banjarnegara,10.67,9.68,100.0,100.0,False,0.021,157.2,0.0,799.6137,10.67,-0.4299999999999997,-0.6799999999999997,0.0,-0.1239999999999999,-0.2508000000000265,6,10.0,10.0,9.68,100.0,0.0035,0.021,,,,,,,
2026-09-22T23:40:00+07:00,2026-09-22T23:51:35.809168+07:00,valid,current,11.596819466666666,STA2285,AWS Batur Dieng,-7.20399,109.91158,2078.0,Kab. Banjarnegara,12.0,9.68,100.0,100.0,False,0.057,137.4,0.0,799.3343,11.999999999999998,1.7899999999999991,-0.4000000000000003,0.0,0.057,-0.3423000000000229,6,10.0,10.0,9.68,100.0,0.013,0.057,,,,,,,
2026-09-22T23:50:00+07:00,2026-09-23T00:01:26.056595+07:00,valid,current,11.434276583333334,STA2285,AWS Batur Dieng,-7.20399,109.91158,2078.0,Kab. Banjarnegara,11.99,9.68,100.0,100.0,False,0.0,183.6,0.0,799.194,11.989999999999997,2.02,-0.0899999999999998,0.0,0.0,-0.4753000000000611,6,10.0,10.0,9.68,100.0,0.013,0.057,,,,,,,
2026-09-23T00:10:00+07:00,2026-09-23T00:16:09.743290+07:00,valid,current,6.162388166666667,STA2285,AWS Batur Dieng,-7.20399,109.91158,2078.0,Kab. Banjarnegara,11.97,9.68,100.0,100.0,False,0.0,185.1,0.0,799.0416,11.97,1.91,0.0,0.0,0.0,-0.6249000000000251,6,10.0,10.0,9.68,100.0,0.013,0.057,,,,,,,
2026-09-23T00:20:00+07:00,2026-09-23T00:31:14.113936+07:00,valid,current,11.235232266666666,STA2285,AWS Batur Dieng,-7.20399,109.91158,2078.0,Kab. Banjarnegara,11.72,9.68,100.0,100.0,False,0.0,186.2,0.0,798.9754,11.72,1.0500000000000007,0.0,0.0,-0.021,-0.6382999999999583,6,10.0,10.0,9.68,100.0,0.0095,0.057,,,,,,,
2026-09-23T00:40:00+07:00,2026-09-23T00:46:01.831869+07:00,valid,current,6.03053115,STA2285,AWS Batur Dieng,-7.20399,109.91158,2078.0,Kab. Banjarnegara,14.88,9.68,100.0,100.0,False,0.102,195.4,0.0,798.7618,14.879999999999995,2.880000000000001,0.0,0.0,0.0449999999999999,-0.5724999999999909,6,10.0,10.0,9.68,100.0,0.0169999999999999,0.102,,,,,,,
2026-09-23T00:50:00+07:00,2026-09-23T01:01:19.715665+07:00,valid,current,11.328594416666666,STA2285,AWS Batur Dieng,-7.20399,109.91158,2078.0,Kab. Banjarnegara,13.81,9.68,100.0,100.0,False,0.302,201.3,0.0,798.6134,13.81,1.8200000000000005,0.0,0.0,0.302,-0.580600000000004,6,10.0,10.0,9.68,100.0,0.0673333333333333,0.302,,,,,,,
2026-09-23T01:10:00+07:00,2026-09-23T01:16:20.658066+07:00,valid,current,6.3443011,STA2285,AWS Batur Dieng,-7.20399,109.91158,2078.0,Kab. Banjarnegara,14.15,9.68,100.0,100.0,False,0.106,185.3,0.0,798.5993,14.150000000000002,2.18,0.0,0.0,0.106,-0.4423000000000456,6,10.0,10.0,9.68,100.0,0.085,0.302,,,,,,,
2026-09-23T01:20:00+07:00,2026-09-23T01:31:10.630046+07:00,valid,current,11.177167433333333,STA2285,AWS Batur Dieng,-7.20399,109.91158,2078.0,Kab. Banjarnegara,14.35,9.68,100.0,100.0,False,0.0,152.1,0.0,798.6018,14.35,2.629999999999999,0.0,0.0,0.0,-0.3736000000000103,6,10.0,10.0,9.68,100.0,0.085,0.302,,,,,,,
2026-09-23T01:40:00+07:00,2026-09-23T01:46:42.036026+07:00,valid,current,6.700600433333333,STA2285,AWS Batur Dieng,-7.20399,109.91158,2078.0,Kab. Banjarnegara,15.18,9.68,100.0,100.0,False,0.0,132.3,0.0,798.4496,15.18,0.2999999999999989,0.0,0.0,-0.102,-0.3121999999999616,6,10.0,10.0,9.68,100.0,0.0898333333333333,0.302,,,,,,,
2026-09-23T01:50:00+07:00,2026-09-23T02:01:08.415039+07:00,valid,current,11.14025065,STA2285,AWS Batur Dieng,-7.20399,109.91158,2078.0,Kab. Banjarnegara,14.9,9.68,100.0,100.0,False,0.028,186.8,0.0,798.3753,14.9,1.09,0.0,0.0,-0.2739999999999999,-0.2380999999999176,6,10.0,10.0,9.68,100.0,0.0441666666666666,0.131,,,,,,,
2026-09-23T02:10:00+07:00,2026-09-23T02:16:20.328170+07:00,valid,current,6.338802833333333,STA2285,AWS Batur Dieng,-7.20399,109.91158,2078.0,Kab. Banjarnegara,15.71,9.68,100.0,100.0,False,0.02,149.8,0.0,798.2779,15.71,1.5600000000000005,0.0,0.0,-0.086,-0.3213999999999259,6,10.0,10.0,9.68,100.0,0.039,0.131,,,,,,,
2026-09-23T02:20:00+07:00,2026-09-23T02:31:11.714100+07:00,valid,current,11.195235,STA2285,AWS Batur Dieng,-7.20399,109.91158,2078.0,Kab. Banjarnegara,15.28,9.68,100.0,100.0,False,0.214,162.1,0.0,798.296,15.28,0.9299999999999996,0.0,0.0,0.214,-0.3057999999999765,6,10.0,10.0,9.68,100.0,0.0746666666666666,0.214,,,,,,,
2026-09-23T02:40:00+07:00,2026-09-23T02:46:14.245102+07:00,valid,current,6.237418366666666,STA2285,AWS Batur Dieng,-7.20399,109.91158,2078.0,Kab. Banjarnegara,14.55,9.68,100.0,100.0,False,0.23,163.6,0.0,798.0769,14.550000000000004,-0.629999999999999,0.0,0.0,0.23,-0.3727000000000089,6,10.0,10.0,9.68,100.0,0.1611666666666666,0.42,,,,,,,
2026-09-23T02:50:00+07:00,2026-09-23T03:01:13.840507+07:00,valid,current,11.230675116666667,STA2285,AWS Batur Dieng,-7.20399,109.91158,2078.0,Kab. Banjarnegara,15.01,9.68,100.0,100.0,False,0.036,158.1,0.0,797.9794,15.009999999999998,0.1099999999999994,0.0,0.0,0.0079999999999999,-0.3958999999999832,6,10.0,10.0,9.68,100.0,0.1625,0.42,,,,,,,
2026-09-23T03:10:00+07:00,2026-09-23T03:16:17.840449+07:00,valid,current,6.297340816666666,STA2285,AWS Batur Dieng,-7.20399,109.91158,2078.0,Kab. Banjarnegara,14.25,9.68,100.0,100.0,False,0.145,222.4,0.0,798.0838,14.250000000000004,-1.4600000000000009,0.0,0.0,0.1249999999999999,-0.1941000000000485,6,10.0,10.0,9.68,100.0,0.1741666666666666,0.42,,,,,,,
2026-09-23T03:20:00+07:00,2026-09-23T03:31:56.325257+07:00,valid,current,11.938754283333331,STA2285,AWS Batur Dieng,-7.20399,109.91158,2078.0,Kab. Banjarnegara,14.12,9.68,100.0,100.0,False,0.0,216.0,0.0,798.1295,14.12,-1.16,0.0,0.0,-0.214,-0.1665000000000418,6,10.0,10.0,9.68,100.0,0.1385,0.42,,,,,,,
2026-09-23T03:40:00+07:00,2026-09-23T03:46:14.970200+07:00,valid,current,6.249503333333333,STA2285,AWS Batur Dieng,-7.20399,109.91158,2078.0,Kab. Banjarnegara,11.81,9.68,100.0,100.0,False,0.0,86.1,0.0,798.0951,11.81,-2.74,0.0,0.0,-0.23,0.0181999999999789,6,10.0,10.0,9.68,100.0,0.0301666666666666,0.145,,,,,,,
2026-09-23T03:50:00+07:00,2026-09-23T04:01:42.275757+07:00,valid,current,11.70459595,STA2285,AWS Batur Dieng,-7.20399,109.91158,2078.0,Kab. Banjarnegara,11.52,9.68,100.0,100.0,False,0.0,160.7,0.0,798.0995,11.52,-3.49,0.0,0.0,-0.036,0.1200999999999794,6,10.0,10.0,9.68,100.0,0.0241666666666666,0.145,,,,,,,
2026-09-23T04:10:00+07:00,2026-09-23T04:16:14.416448+07:00,valid,current,6.240274133333333,STA2285,AWS Batur Dieng,-7.20399,109.91158,2078.0,Kab. Banjarnegara,10.71,10.02,100.0,100.0,False,0.057,144.9,0.0,798.1954,10.710000000000004,-3.539999999999999,0.3399999999999998,0.0,-0.088,0.111599999999953,6,10.0,10.0,9.68,100.0,0.0095,0.057,,,,,,,
2026-09-23T04:20:00+07:00,2026-09-23T04:31:16.331345+07:00,valid,current,11.272189083333334,STA2285,AWS Batur Dieng,-7.20399,109.91158,2078.0,Kab. Banjarnegara,13.18,10.02,100.0,100.0,False,0.0,129.3,0.0,798.3399,13.18,-0.9399999999999996,0.3399999999999998,0.0,0.0,0.2103999999999359,6,10.0,10.0,9.68,100.0,0.0095,0.057,,,,,,,
2026-09-23T04:40:00+07:00,2026-09-23T04:46:13.380880+07:00,valid,current,6.223014666666667,STA2285,AWS Batur Dieng,-7.20399,109.91158,2078.0,Kab. Banjarnegara,14.74,10.02,100.0,100.0,False,0.063,145.9,0.0,798.47,14.740000000000004,2.93,0.3399999999999998,0.0,0.063,0.3749000000000251,6,10.0,10.0,9.68,100.0,0.02,0.063,,,,,,,
2026-09-23T04:50:00+07:00,2026-09-23T05:01:33.056332+07:00,valid,current,11.550938866666666,STA2285,AWS Batur Dieng,-7.20399,109.91158,2078.0,Kab. Banjarnegara,13.92,13.35,100.0,100.0,False,0.0,159.3,0.0,798.5966,13.920000000000002,2.4000000000000004,3.67,0.0,0.0,0.4970999999999321,6,10.0,10.0,10.02,100.0,0.02,0.063,,,,,,,
2026-09-23T05:10:00+07:00,2026-09-23T05:16:09.045364+07:00,valid,current,6.150756066666667,STA2285,AWS Batur Dieng,-7.20399,109.91158,2078.0,Kab. Banjarnegara,14.66,13.35,100.0,100.0,False,0.045,201.0,0.0,798.5966,14.66,3.9499999999999993,3.33,0.0,-0.012,0.4012000000000171,6,10.0,10.0,10.02,100.0,0.018,0.063,,,,,,,
2026-09-23T05:20:00+07:00,2026-09-23T05:31:21.531897+07:00,valid,current,11.35886495,STA2285,AWS Batur Dieng,-7.20399,109.91158,2078.0,Kab. Banjarnegara,14.39,13.35,100.0,100.0,False,0.028,231.9,0.0,798.7094,14.39,1.2100000000000009,3.33,0.0,0.028,0.3695000000000163,6,10.0,10.0,10.02,100.0,0.0226666666666666,0.063,,,,,,,
2026-09-23T05:40:00+07:00,2026-09-23T05:46:50.663567+07:00,valid,current,6.844392783333333,STA2285,AWS Batur Dieng,-7.20399,109.91158,2078.0,Kab. Banjarnegara,10.89,10.44,100.0,100.0,False,0.132,170.1,0.0,798.8947,10.89,-3.85,0.4199999999999999,0.0,0.069,0.4246999999999161,6,10.0,10.0,10.44,100.0,0.0341666666666666,0.132,,,,,,,
2026-09-23T05:50:00+07:00,2026-09-23T06:01:21.159948+07:00,valid,current,11.3526658,STA2285,AWS Batur Dieng,-7.20399,109.91158,2078.0,Kab. Banjarnegara,10.82,10.44,100.0,100.0,False,0.25,151.1,0.0,798.8952,10.82,-3.1,-2.91,0.0,0.25,0.2986000000000786,6,10.0,10.0,10.44,100.0,0.0758333333333333,0.25,,,,,,,
2026-09-23T06:10:00+07:00,2026-09-23T06:16:09.392506+07:00,valid,current,6.156541766666667,STA2285,AWS Batur Dieng,-7.20399,109.91158,2078.0,Kab. Banjarnegara,11.37,10.44,100.0,100.0,False,0.0,148.6,0.0,799.0462,11.369999999999996,-3.290000000000001,-2.91,0.0,-0.045,0.4496000000000322,6,10.0,10.0,10.44,100.0,0.0891666666666666,0.25,,,,,,,
2026-09-23T06:20:00+07:00,2026-09-23T06:31:12.103724+07:00,valid,current,11.201728733333336,STA2285,AWS Batur Dieng,-7.20399,109.91158,2078.0,Kab. Banjarnegara,13.1,10.44,100.0,100.0,False,0.024,170.3,0.0,799.0569,13.1,-1.290000000000001,-2.91,0.0,-0.004,0.3475000000000818,6,10.0,10.0,10.44,100.0,0.0885,0.25,,,,,,,
2026-09-23T06:40:00+07:00,2026-09-23T06:46:25.457979+07:00,valid,current,6.42429965,STA2285,AWS Batur Dieng,-7.20399,109.91158,2078.0,Kab. Banjarnegara,15.08,10.44,100.0,100.0,False,0.231,64.04,0.0,799.2456,15.080000000000004,4.19,0.0,0.0,0.099,0.3509000000000242,6,10.0,10.0,10.44,100.0,0.105,0.25,,,,,,,
2026-09-23T06:50:00+07:00,2026-09-23T07:01:16.462846+07:00,valid,current,11.274380766666669,STA2285,AWS Batur Dieng,-7.20399,109.91158,2078.0,Kab. Banjarnegara,17.29,10.44,100.0,100.0,False,0.288,87.6,0.0,799.453,17.289999999999996,6.469999999999999,0.0,0.0,0.0379999999999999,0.5577999999999292,6,10.0,10.0,10.44,100.0,0.1113333333333333,0.288,,,,,,,
2026-09-23T07:10:00+07:00,2026-09-23T07:16:23.068821+07:00,valid,current,6.3844803500000005,STA2285,AWS Batur Dieng,-7.20399,109.91158,2078.0,Kab. Banjarnegara,18.06,17.9,100.0,100.0,False,0.737,154.1,0.0,799.7192,18.06,6.69,7.459999999999999,0.0,0.737,0.6730000000000018,6,10.0,10.0,10.44,100.0,0.2133333333333333,0.737,,,,,,,
2026-09-23T07:20:00+07:00,2026-09-23T07:31:10.972946+07:00,valid,current,11.182882433333331,STA2285,AWS Batur Dieng,-7.20399,109.91158,2078.0,Kab. Banjarnegara,18.29,17.9,100.0,100.0,False,1.23,170.8,0.0,799.8324,18.29,5.19,7.459999999999999,0.0,1.206,0.7754999999999654,6,10.0,10.0,10.44,100.0,0.4143333333333333,1.23,,,,,,,
2026-09-23T07:40:00+07:00,2026-09-23T07:46:17.441203+07:00,valid,current,6.2906867166666665,STA2285,AWS Batur Dieng,-7.20399,109.91158,2078.0,Kab. Banjarnegara,18.63,17.9,100.0,100.0,False,2.142,174.4,0.0,800.0416,18.63,3.549999999999999,7.459999999999999,0.0,1.911,0.7960000000000491,6,10.0,10.0,10.44,100.0,1.0491666666666666,2.142,,,,,,,
2026-09-23T07:50:00+07:00,2026-09-23T08:01:20.726959+07:00,valid,current,11.345449316666668,STA2285,AWS Batur Dieng,-7.20399,109.91158,2078.0,Kab. Banjarnegara,18.86,17.9,100.0,100.0,False,2.125,170.8,0.0,800.1484,18.86,1.5700000000000005,7.459999999999999,0.0,1.837,0.6954000000000633,6,10.0,10.0,10.44,100.0,1.3553333333333333,2.142,,,,,,,
2026-09-23T08:10:00+07:00,2026-09-23T08:16:47.990916+07:00,valid,current,6.799848600000001,STA2285,AWS Batur Dieng,-7.20399,109.91158,2078.0,Kab. Banjarnegara,19.2,17.9,100.0,100.0,False,1.696,172.4,0.0,800.3167,19.2,1.1400000000000006,0.0,0.0,0.959,0.5974999999999682,6,10.0,10.0,17.9,100.0,1.899,2.303,,,,,,,
2026-09-23T08:20:00+07:00,2026-09-23T08:31:21.713176+07:00,valid,current,11.361886266666666,STA2285,AWS Batur Dieng,-7.20399,109.91158,2078.0,Kab. Banjarnegara,19.7,17.9,100.0,100.0,False,0.415,154.3,0.0,800.4422,19.699999999999992,1.41,0.0,0.0,-0.815,0.6097999999999502,6,10.0,10.0,17.9,100.0,1.7631666666666663,2.303,,,,,,,
2026-09-23T08:40:00+07:00,2026-09-23T08:46:15.344341+07:00,valid,current,6.255739016666666,STA2285,AWS Batur Dieng,-7.20399,109.91158,2078.0,Kab. Banjarnegara,19.8,17.9,100.0,100.0,False,0.752,192.8,0.0,800.5062,19.800000000000004,1.1700000000000017,0.0,0.0,-1.39,0.4646000000000185,6,10.0,10.0,17.9,100.0,1.3225,2.303,,,,,,,
2026-09-23T08:50:00+07:00,2026-09-23T09:01:23.298169+07:00,valid,current,11.388302816666668,STA2285,AWS Batur Dieng,-7.20399,109.91158,2078.0,Kab. Banjarnegara,19.63,17.9,100.0,100.0,False,0.553,207.6,0.0,800.6434,19.629999999999995,0.7699999999999996,0.0,0.0,-1.572,0.4950000000000045,6,10.0,10.0,17.9,100.0,1.0605,2.303,,,,,,,
2026-09-23T09:10:00+07:00,2026-09-23T09:16:04.009158+07:00,valid,current,6.066819300000001,STA2285,AWS Batur Dieng,-7.20399,109.91158,2078.0,Kab. Banjarnegara,19.72,17.9,100.0,100.0,False,1.628,271.9,0.0,800.693,19.72,0.5199999999999996,0.0,0.0,-0.068,0.3763000000000147,6,10.0,10.0,17.9,100.0,0.7756666666666666,1.628,,,,,,,
2026-09-23T09:20:00+07:00,2026-09-23T09:31:14.634303+07:00,valid,current,11.24390505,STA2285,AWS Batur Dieng,-7.20399,109.91158,2078.0,Kab. Banjarnegara,19.95,17.9,100.0,100.0,False,1.371,291.5,0.0,800.6342,19.95,0.25,0.0,0.0,0.956,0.1920000000000072,6,10.0,10.0,17.9,100.0,0.935,1.628,,,,,,,
2026-09-23T09:40:00+07:00,2026-09-23T09:46:15.729187+07:00,valid,current,6.262153116666667,STA2285,AWS Batur Dieng,-7.20399,109.91158,2078.0,Kab. Banjarnegara,20.07,19.92,100.0,100.0,False,1.366,258.1,0.0,800.6538,20.07,0.2699999999999996,2.020000000000003,0.0,0.6140000000000001,0.1476000000000112,6,10.0,10.0,17.9,100.0,1.2251666666666667,1.771,,,,,,,
2026-09-23T09:50:00+07:00,2026-09-23T10:01:15.708259+07:00,valid,current,11.261804316666666,STA2285,AWS Batur Dieng,-7.20399,109.91158,2078.0,Kab. Banjarnegara,20.23,19.83,100.0,100.0,False,2.037,269.0,0.0,800.6238,20.23,0.6000000000000014,1.93,0.0,1.484,-0.0196000000000822,6,10.0,10.0,17.9,100.0,1.4725,2.037,,,,,,,
2026-09-23T10:10:00+07:00,2026-09-23T10:16:09.649321+07:00,valid,current,6.160822016666667,STA2285,AWS Batur Dieng,-7.20399,109.91158,2078.0,Kab. Banjarnegara,20.49,20.25,42.15,42.15,False,2.333,291.2,0.0,800.4006,7.190225779305138,0.7699999999999996,2.3500000000000014,-57.85,0.7050000000000003,-0.2923999999999296,6,10.0,10.0,17.9,90.35833333333332,1.7535,2.333,,,,,,,
2026-09-23T10:20:00+07:00,2026-09-23T10:31:14.025926+07:00,valid,current,11.233765433333334,STA2285,AWS Batur Dieng,-7.20399,109.91158,2078.0,Kab. Banjarnegara,20.12,19.84,48.83,48.83,False,2.268,256.0,0.0,800.3967,9.019821813621704,0.1700000000000017,1.9400000000000013,-51.17,0.8969999999999998,-0.2374999999999545,6,10.0,10.0,17.9,81.83,1.903,2.333,,,,,,,
2026-09-23T10:40:00+07:00,2026-09-23T10:46:18.804153+07:00,valid,current,6.31340255,STA2285,AWS Batur Dieng,-7.20399,109.91158,2078.0,Kab. Banjarnegara,20.36,19.57,47.33,47.33,False,3.149,267.0,0.0,800.1913,8.777268248594535,0.2899999999999991,-0.3500000000000014,-52.67,1.783,-0.4625000000000909,6,10.0,10.0,19.57,64.36333333333333,2.161666666666666,3.149,,,,,,,
2026-09-23T10:50:00+07:00,2026-09-23T11:01:21.922325+07:00,valid,current,11.365372083333334,STA2285,AWS Batur Dieng,-7.20399,109.91158,2078.0,Kab. Banjarnegara,20.19,19.57,45.6,45.6,False,1.711,265.5,0.0,800.0826,8.072536028602679,-0.0399999999999991,-0.259999999999998,-54.4,-0.3259999999999998,-0.5412000000000035,6,10.0,10.0,19.57,55.296666666666674,2.107333333333333,3.149,,,,,,,
2026-09-23T11:10:00+07:00,2026-09-23T11:16:14.772163+07:00,valid,current,6.246202716666667,STA2285,AWS Batur Dieng,-7.20399,109.91158,2078.0,Kab. Banjarnegara,20.55,19.57,45.37,45.37,False,2.172,294.0,0.0,799.8149,8.325524505937363,0.0600000000000022,-0.6799999999999997,3.219999999999999,-0.161,-0.585700000000088,6,10.0,10.0,19.57,46.72999999999999,2.089,3.149,,,,,,,
2026-09-23T11:20:00+07:00,2026-09-23T11:31:15.011357+07:00,valid,current,11.250189283333333,STA2285,AWS Batur Dieng,-7.20399,109.91158,2078.0,Kab. Banjarnegara,20.84,19.57,43.92,43.92,False,2.102,272.6,0.0,799.7113,8.11003179508381,0.7199999999999989,-0.2699999999999996,-4.909999999999997,-0.1659999999999999,-0.6853999999999587,6,10.0,10.0,19.57,45.91166666666666,2.0613333333333337,3.149,,,,,,,
2026-09-23T11:40:00+07:00,2026-09-23T11:46:17.542606+07:00,valid,current,6.292376766666666,STA2285,AWS Batur Dieng,-7.20399,109.91158,2078.0,Kab. Banjarnegara,20.72,19.57,44.08,44.08,False,1.492,278.5,0.0,799.4522,8.054839206538565,0.3599999999999994,0.0,-3.25,-1.657,-0.7391000000000076,6,10.0,10.0,19.57,44.60333333333333,1.907,2.271,,,,,,,
2026-09-23T11:50:00+07:00,2026-09-23T12:01:14.204315+07:00,valid,current,11.236738583333333,STA2285,AWS Batur Dieng,-7.20399,109.91158,2078.0,Kab. Banjarnegara,20.7,19.57,46.37,46.37,False,1.333,286.5,0.0,799.2365,8.784275141991596,0.509999999999998,0.0,0.769999999999996,-0.3780000000000001,-0.8460999999999785,6,10.0,10.0,19.57,44.73166666666668,1.8440000000000003,2.271,,,,,,,
2026-09-23T12:10:00+07:00,2026-09-23T12:16:30.112850+07:00,valid,current,6.501880833333333,STA2285,AWS Batur Dieng,-7.20399,109.91158,2078.0,Kab. Banjarnegara,21.16,19.57,48.51,48.51,False,0.383,192.0,0.0,799.0863,9.875557334069583,0.6099999999999994,0.0,3.140000000000001,-1.789,-0.7285999999999149,6,10.0,10.0,19.57,45.385,1.5831666666666664,2.271,,,,,,,
2026-09-23T12:40:00+07:00,2026-09-23T12:46:14.708862+07:00,valid,current,6.2451477,STA2285,AWS Batur Dieng,-7.20399,109.91158,2078.0,Kab. Banjarnegara,19.59,19.27,53.81,53.81,False,2.791,143.3,0.0,798.8338,9.976630654330284,-1.129999999999999,-0.3000000000000007,9.730000000000004,1.299,-0.6183999999999514,6,10.0,10.0,19.27,48.68333333333333,1.8065,2.959,,,,,,,
2026-09-23T12:50:00+07:00,2026-09-23T13:01:10.272912+07:00,valid,current,11.1712152,STA2285,AWS Batur Dieng,-7.20399,109.91158,2078.0,Kab. Banjarnegara,19.65,19.27,54.52,54.52,False,2.068,127.7,0.0,798.6976,10.228457402354405,-1.0500000000000007,-0.3000000000000007,8.150000000000006,0.7350000000000001,-0.5389000000000124,6,10.0,10.0,19.27,50.04166666666666,1.929,2.959,,,,,,,
2026-09-23T13:10:00+07:00,2026-09-23T13:16:25.694760+07:00,valid,current,6.428246,STA2285,AWS Batur Dieng,-7.20399,109.91158,2078.0,Kab. Banjarnegara,20.25,19.23,48.44,48.44,False,2.933,162.8,0.0,798.504,9.020089948182848,-0.91,-0.3399999999999998,-0.0700000000000002,2.55,-0.582300000000032,6,10.0,10.0,19.23,50.925,2.341,2.959,,,,,,,
2026-09-23T13:20:00+07:00,2026-09-23T13:31:14.759150+07:00,valid,current,11.245985833333332,STA2285,AWS Batur Dieng,-7.20399,109.91158,2078.0,Kab. Banjarnegara,19.85,19.23,51.83,51.83,False,3.008,160.7,0.0,798.3205,9.657823480289334,-1.1699999999999982,-0.3399999999999998,3.280000000000001,1.553,-0.7065000000000055,6,10.0,10.0,19.23,51.47166666666666,2.599833333333333,3.008,,,,,,,
2026-09-23T13:30:00+07:00,2026-09-23T13:37:32.622358+07:00,valid,current,7.543705966666667,STA2285,AWS Batur Dieng,-7.20399,109.91158,2078.0,Kab. Banjarnegara,19.69,19.23,51.36,51.36,False,3.547,160.6,0.0,798.3145,9.374420721205835,-0.879999999999999,-0.3399999999999998,2.6599999999999966,0.5880000000000001,-0.5999000000000478,6,10.0,10.0,19.23,51.915,2.697833333333333,3.547,,,,,,,
2026-09-23T13:40:00+07:00,2026-09-23T13:46:19.442268+07:00,valid,current,6.3240378,STA2285,AWS Batur Dieng,-7.20399,109.91158,2078.0,Kab. Banjarnegara,20.18,19.23,47.8,47.8,False,2.835,156.5,0.0,798.1423,8.758917295366702,0.5899999999999999,-0.0399999999999991,-6.010000000000005,0.044,-0.6915000000000191,6,10.0,10.0,19.23,50.91333333333333,2.705166666666667,3.547,,,,,,,
2026-09-23T13:50:00+07:00,2026-09-23T14:01:15.695651+07:00,valid,current,11.261594183333331,STA2285,AWS Batur Dieng,-7.20399,109.91158,2078.0,Kab. Banjarnegara,20.29,19.23,48.21,48.21,False,3.523,152.3,0.0,798.1062,8.986157114616956,0.6400000000000006,-0.0399999999999991,-6.310000000000002,1.455,-0.5914000000000215,6,10.0,10.0,19.23,49.86166666666667,2.9476666666666667,3.547,,,,,,,
2026-09-23T14:10:00+07:00,2026-09-23T14:16:16.167431+07:00,valid,current,6.2694571833333335,STA2285,AWS Batur Dieng,-7.20399,109.91158,2078.0,Kab. Banjarnegara,20.16,19.23,48.94,48.94,False,3.317,160.9,0.0,797.9827,9.089907177433028,-0.0899999999999998,0.0,0.5,0.3840000000000003,-0.5212999999999965,6,10.0,10.0,19.23,48.86166666666667,3.279666666666667,3.547,,,,,,,
2026-09-23T14:20:00+07:00,2026-09-23T14:31:18.837639+07:00,valid,current,11.31396065,STA2285,AWS Batur Dieng,-7.20399,109.91158,2078.0,Kab. Banjarnegara,20.01,19.23,45.28,45.28,False,3.175,164.4,0.0,797.8565,7.805231816562303,0.1600000000000001,0.0,-6.549999999999997,0.1669999999999998,-0.4640000000000555,6,10.0,10.0,19.23,47.77,3.307500000000001,3.547,,,,,,,
2026-09-23T14:40:00+07:00,2026-09-23T14:46:17.765209+07:00,valid,current,6.296086816666668,STA2285,AWS Batur Dieng,-7.20399,109.91158,2078.0,Kab. Banjarnegara,19.66,19.23,48.96,48.96,False,2.714,169.7,0.0,797.8568,8.637087167235714,-0.5199999999999996,0.0,1.1600000000000037,-0.121,-0.2854999999999563,6,10.0,10.0,19.23,47.15166666666667,3.2151666666666667,3.523,,,,,,,
2026-09-23T14:50:00+07:00,2026-09-23T15:01:41.727466+07:00,valid,current,11.695457766666667,STA2285,AWS Batur Dieng,-7.20399,109.91158,2078.0,Kab. Banjarnegara,19.63,19.23,49.66,49.66,False,2.865,168.8,0.0,797.8554,8.819599611678248,-0.6600000000000001,0.0,1.4499999999999955,-0.6579999999999999,-0.2507999999999128,6,10.0,10.0,19.23,47.39333333333334,3.1055000000000006,3.448,,,,,,,
2026-09-23T15:10:00+07:00,2026-09-23T15:16:22.939778+07:00,valid,current,6.382329633333333,STA2285,AWS Batur Dieng,-7.20399,109.91158,2078.0,Kab. Banjarnegara,19.1,18.87,52.8,52.8,False,2.272,184.3,0.0,797.7048,9.239970421740985,-1.0599999999999987,-0.3599999999999994,3.86,-1.0450000000000004,-0.2779000000000451,6,10.0,10.0,18.87,49.11666666666667,2.8275,3.175,,,,,,,
2026-09-23T15:20:00+07:00,2026-09-23T15:31:16.566673+07:00,valid,current,11.276111216666669,STA2285,AWS Batur Dieng,-7.20399,109.91158,2078.0,Kab. Banjarnegara,19.13,18.87,52.54,52.54,False,2.391,187.4,0.0,797.705,9.19441625570152,-0.8800000000000026,-0.3599999999999994,7.259999999999998,-0.7839999999999998,-0.1514999999999418,6,10.0,10.0,18.87,50.32666666666668,2.6968333333333336,3.114,,,,,,,
2026-09-23T15:30:00+07:00,2026-09-23T15:46:53.709830+07:00,valid,current,16.895163833333335,STA2285,AWS Batur Dieng,-7.20399,109.91158,2078.0,Kab. Banjarnegara,19.17,18.87,55.6,55.6,False,2.148,181.5,0.0,797.581,10.075282618532013,-0.9599999999999972,-0.3599999999999994,9.11,-0.9659999999999996,-0.2759999999999536,6,10.0,10.0,18.87,51.845,2.535833333333333,2.865,,,,,,,
2026-09-23T15:50:00+07:00,2026-09-23T16:01:28.625461+07:00,valid,current,11.477091016666666,STA2285,AWS Batur Dieng,-7.20399,109.91158,2078.0,Kab. Banjarnegara,18.54,18.22,60.96,60.96,False,3.444,184.6,0.0,797.609,10.865791663759143,-1.09,-1.0100000000000016,11.300000000000004,0.5789999999999997,-0.2463999999999941,6,10.0,10.0,18.22,54.831666666666656,2.6675,3.444,,,,,,,
2026-09-23T16:10:00+07:00,2026-09-23T16:16:19.264506+07:00,valid,current,6.3210751,STA2285,AWS Batur Dieng,-7.20399,109.91158,2078.0,Kab. Banjarnegara,17.95,17.71,70.59,70.59,False,2.497,188.6,0.0,797.7181,12.526843429805671,-1.150000000000002,-1.16,17.790000000000006,0.2250000000000001,0.013300000000072,6,10.0,10.0,17.71,60.22666666666667,2.7471666666666663,3.444,,,,,,,
2026-09-23T16:20:00+07:00,2026-09-23T16:31:21.426454+07:00,valid,current,11.357107566666668,STA2285,AWS Batur Dieng,-7.20399,109.91158,2078.0,Kab. Banjarnegara,17.62,17.49,72.24,72.24,False,3.744,161.7,0.0,797.891,12.562322210601648,-1.509999999999998,-1.3800000000000026,19.7,1.3530000000000002,0.1859999999999217,6,10.0,10.0,17.49,63.51000000000001,2.9726666666666666,3.744,,,,,,,
2026-09-23T16:40:00+07:00,2026-09-23T16:46:09.261873+07:00,valid,current,6.15436455,STA2285,AWS Batur Dieng,-7.20399,109.91158,2078.0,Kab. Banjarnegara,17.31,17.22,73.36,73.36,False,3.427,161.4,0.0,797.9609,12.498545134444509,-1.4800000000000004,-1.370000000000001,17.78,0.5020000000000002,0.3821000000000367,6,10.0,10.0,17.22,69.395,3.235333333333333,3.744,,,,,,,
2026-09-23T16:50:00+07:00,2026-09-23T17:01:20.847944+07:00,valid,current,11.347465733333332,STA2285,AWS Batur Dieng,-7.20399,109.91158,2078.0,Kab. Banjarnegara,17.0,16.78,75.5,75.5,False,3.237,156.5,0.0,798.0016,12.63794772106716,-1.5399999999999991,-1.4399999999999975,14.54,-0.2069999999999998,0.3926000000000158,6,10.0,10.0,16.78,71.81833333333334,3.200833333333333,3.744,,,,,,,
2026-09-23T17:10:00+07:00,2026-09-23T17:16:09.660174+07:00,valid,current,6.1610029,STA2285,AWS Batur Dieng,-7.20399,109.91158,2078.0,Kab. Banjarnegara,16.22,16.09,79.03,79.03,False,2.948,160.5,0.0,798.0097,12.578985595143807,-1.7300000000000004,-1.620000000000001,8.439999999999998,0.451,0.291599999999903,6,10.0,10.0,16.09,75.13,3.389333333333333,3.758,,,,,,,
2026-09-23T17:20:00+07:00,2026-09-23T17:31:09.453853+07:00,valid,current,11.157564216666666,STA2285,AWS Batur Dieng,-7.20399,109.91158,2078.0,Kab. Banjarnegara,15.81,15.63,81.3,81.3,False,3.282,162.1,0.0,798.1256,12.611759459112518,-1.8100000000000005,-1.8599999999999977,9.060000000000002,-0.4620000000000002,0.2346000000000003,6,10.0,10.0,15.63,76.64,3.312333333333333,3.758,,,,,,,
2026-09-23T17:40:00+07:00,2026-09-23T17:46:28.145659+07:00,valid,current,6.469094316666667,STA2285,AWS Batur Dieng,-7.20399,109.91158,2078.0,Kab. Banjarnegara,15.12,14.85,83.2,83.2,False,2.099,155.0,0.0,798.2767,12.289786408951462,-2.1899999999999995,-2.369999999999999,9.840000000000003,-1.3279999999999998,0.3157999999999674,6,10.0,10.0,14.85,79.85833333333332,2.892,3.758,,,,,,,
2026-09-23T17:50:00+07:00,2026-09-23T18:01:12.974293+07:00,valid,current,11.216238216666666,STA2285,AWS Batur Dieng,-7.20399,109.91158,2078.0,Kab. Banjarnegara,14.72,14.59,85.9,85.9,False,1.347,162.1,0.0,798.2996,12.383988755489474,-2.28,-2.1900000000000013,10.400000000000006,-1.89,0.2980000000000018,6,10.0,10.0,14.59,81.59166666666668,2.577,3.758,,,,,,,
2026-09-23T18:10:00+07:00,2026-09-23T18:16:14.562518+07:00,valid,current,6.242708633333334,STA2285,AWS Batur Dieng,-7.20399,109.91158,2078.0,Kab. Banjarnegara,14.5,14.2,75.54,75.54,False,1.627,143.0,0.0,798.4864,10.228658380651892,-1.7199999999999989,-1.8900000000000008,-3.489999999999995,-1.321,0.4767000000000507,6,10.0,10.0,14.2,82.32333333333334,2.081,3.282,,,,,,,
2026-09-23T18:20:00+07:00,2026-09-23T18:31:24.005786+07:00,valid,current,11.400096433333331,STA2285,AWS Batur Dieng,-7.20399,109.91158,2078.0,Kab. Banjarnegara,14.45,14.13,67.29,67.29,False,1.338,133.1,0.0,798.6039,8.460893317401508,-1.3600000000000012,-1.5,-14.009999999999993,-1.944,0.4782999999999902,6,10.0,10.0,14.13,79.98833333333334,1.7570000000000003,2.103,,,,,,,
2026-09-23T18:40:00+07:00,2026-09-23T18:46:18.379545+07:00,valid,current,6.30632575,STA2285,AWS Batur Dieng,-7.20399,109.91158,2078.0,Kab. Banjarnegara,13.02,12.75,71.08,71.08,False,2.334,143.9,0.0,798.7509,7.899390598997964,-2.1,-2.1,-12.120000000000005,0.2349999999999998,0.4741999999999962,6,10.0,10.0,12.75,75.79666666666667,1.6438333333333333,2.334,,,,,,,
2026-09-23T18:50:00+07:00,2026-09-23T19:01:14.139927+07:00,valid,current,11.23566545,STA2285,AWS Batur Dieng,-7.20399,109.91158,2078.0,Kab. Banjarnegara,12.61,12.4,71.48,71.48,False,1.616,150.4,0.0,798.8969,7.587874793298474,-2.110000000000001,-2.1899999999999995,-14.420000000000002,0.2690000000000001,0.5972999999999047,6,10.0,10.0,12.4,73.39333333333333,1.6886666666666663,2.334,,,,,,,
2026-09-23T19:00:00+07:00,2026-09-23T19:08:17.813254+07:00,valid,current,8.296887566666665,STA2285,AWS Batur Dieng,-7.20399,109.91158,2078.0,Kab. Banjarnegara,12.26,11.88,73.82,73.82,False,0.099,158.1,0.0,798.9934,7.7234592798149455,-2.1099999999999994,-2.3199999999999985,-11.580000000000013,-2.004,0.6271999999999025,6,10.0,10.0,11.88,71.46333333333334,1.354666666666667,2.334,,,,,,,
2026-09-23T19:10:00+07:00,2026-09-23T19:16:14.333135+07:00,valid,current,6.238885583333333,STA2285,AWS Batur Dieng,-7.20399,109.91158,2078.0,Kab. Banjarnegara,11.56,11.23,76.31,76.31,False,0.0,160.7,0.0,799.0429,7.533396510788578,-2.9399999999999995,-2.969999999999999,0.769999999999996,-1.627,0.5565000000000282,6,10.0,10.0,11.23,71.59166666666667,1.0835,2.334,,,,,,,
2026-09-23T19:20:00+07:00,2026-09-23T19:31:14.503055+07:00,valid,current,11.241717583333331,STA2285,AWS Batur Dieng,-7.20399,109.91158,2078.0,Kab. Banjarnegara,11.69,11.23,77.71,77.71,False,0.0,171.7,0.0,799.1126,7.926342662945188,-2.76,-2.9000000000000004,10.419999999999987,-1.338,0.5087000000000899,6,10.0,10.0,11.23,73.32833333333333,0.8605,2.334,,,,,,,
2026-09-23T19:40:00+07:00,2026-09-23T19:46:26.086455+07:00,valid,current,6.43477425,STA2285,AWS Batur Dieng,-7.20399,109.91158,2078.0,Kab. Banjarnegara,11.48,11.05,78.69,78.69,False,0.0,177.9,0.0,799.2027,7.906603368507915,-1.5399999999999991,-1.6999999999999993,7.609999999999999,-2.334,0.4518000000000484,6,10.0,10.0,11.05,76.02333333333333,0.2858333333333333,1.616,,,,,,,
2026-09-23T19:50:00+07:00,2026-09-23T20:01:54.138808+07:00,valid,current,11.902313466666667,STA2285,AWS Batur Dieng,-7.20399,109.91158,2078.0,Kab. Banjarnegara,11.27,10.94,78.54,78.54,False,0.0,178.8,0.0,799.2302,7.674454478622179,-1.34,-1.4600000000000009,7.060000000000002,-1.616,0.3333000000000083,6,10.0,10.0,10.94,77.2,0.0165,0.099,,,,,,,
2026-09-23T20:10:00+07:00,2026-09-23T20:16:09.138513+07:00,valid,current,6.15230855,STA2285,AWS Batur Dieng,-7.20399,109.91158,2078.0,Kab. Banjarnegara,11.5,10.91,73.57,73.57,False,0.0,164.0,0.0,799.3482,6.940691310572677,-0.0600000000000005,-0.3200000000000003,-2.740000000000009,0.0,0.3052999999999883,6,10.0,10.0,10.91,77.47333333333333,0.0,0.0,,,,,,,
2026-09-23T20:20:00+07:00,2026-09-23T20:31:18.420666+07:00,valid,current,11.3070111,STA2285,AWS Batur Dieng,-7.20399,109.91158,2078.0,Kab. Banjarnegara,11.63,10.91,67.83,67.83,False,0.0,185.0,0.0,799.5146,5.885433835639044,-0.0599999999999987,-0.3200000000000003,-9.879999999999995,0.0,0.4019999999999299,6,10.0,10.0,10.91,75.82666666666667,0.0,0.0,,,,,,,
2026-09-23T20:40:00+07:00,2026-09-23T20:46:12.340200+07:00,valid,current,6.20567,STA2285,AWS Batur Dieng,-7.20399,109.91158,2078.0,Kab. Banjarnegara,10.86,10.7,68.22,68.22,False,0.0,177.3,0.0,799.6644,5.2322006921615145,-0.620000000000001,-0.3500000000000014,-10.47,0.0,0.4616999999999507,6,10.0,10.0,10.7,72.55333333333333,0.0,0.0,,,,,,,
2026-09-23T20:50:00+07:00,2026-09-23T21:01:26.350293+07:00,valid,current,11.43917155,STA2285,AWS Batur Dieng,-7.20399,109.91158,2078.0,Kab. Banjarnegara,10.6,10.33,71.45,71.45,False,0.0,166.9,0.0,799.663,5.649710690035414,-0.6699999999999999,-0.6099999999999994,-7.090000000000003,0.0,0.4328000000000429,6,10.0,10.0,10.33,71.37166666666666,0.0,0.0,,,,,,,
2026-09-23T21:10:00+07:00,2026-09-23T21:16:17.488255+07:00,valid,current,6.2914709166666665,STA2285,AWS Batur Dieng,-7.20399,109.91158,2078.0,Kab. Banjarnegara,9.94,9.39,73.47,73.47,False,0.0,175.6,0.0,799.6613,5.416307932441073,-1.5600000000000005,-1.5199999999999996,-0.0999999999999943,0.0,0.3130999999999631,6,10.0,10.0,9.39,70.63166666666666,0.0,0.0,,,,,,,
2026-09-23T21:20:00+07:00,2026-09-23T21:31:37.340216+07:00,valid,current,11.622336933333337,STA2285,AWS Batur Dieng,-7.20399,109.91158,2078.0,Kab. Banjarnegara,9.46,9.3,74.36,74.36,False,0.0,157.0,0.0,799.6614,5.126302090833696,-2.17,-1.6099999999999994,6.530000000000001,0.0,0.1467999999999847,6,10.0,10.0,9.3,71.72000000000001,0.0,0.0,,,,,,,
2026-09-23T21:40:00+07:00,2026-09-23T21:46:19.203257+07:00,valid,current,6.3200542833333335,STA2285,AWS Batur Dieng,-7.20399,109.91158,2078.0,Kab. Banjarnegara,9.8,9.3,73.87,73.87,False,0.0,159.6,0.0,799.6593,5.359454516308546,-1.0599999999999987,-1.3999999999999986,5.650000000000006,0.0,-0.0050999999999703,6,10.0,10.0,9.3,73.90833333333333,0.0,0.0,,,,,,,
2026-09-23T21:50:00+07:00,2026-09-23T22:02:03.351067+07:00,valid,current,12.055851116666666,STA2285,AWS Batur Dieng,-7.20399,109.91158,2078.0,Kab. Banjarnegara,10.03,9.3,72.19,72.19,False,0.0,163.8,0.0,799.659,5.2499168368095575,-0.5700000000000003,-1.0299999999999994,0.7399999999999949,0.0,-0.004000000000019,6,10.0,10.0,9.3,74.03166666666667,0.0,0.0,,,,,,,
2026-09-23T22:10:00+07:00,2026-09-23T22:16:17.585901+07:00,valid,current,6.293098349999999,STA2285,AWS Batur Dieng,-7.20399,109.91158,2078.0,Kab. Banjarnegara,9.92,9.3,70.86,70.86,False,0.0,168.2,0.0,799.6586,4.87692876107807,-0.0199999999999995,-0.0899999999999998,-2.6099999999999994,0.0,-0.0027000000000043,6,10.0,10.0,9.3,72.68833333333333,0.0,0.0,,,,,,,
2026-09-23T22:20:00+07:00,2026-09-23T22:31:16.006960+07:00,valid,current,11.266782666666668,STA2285,AWS Batur Dieng,-7.20399,109.91158,2078.0,Kab. Banjarnegara,9.95,9.3,70.34,70.34,False,0.0,162.2,0.0,799.577,4.800081688130899,0.4899999999999984,0.0,-4.019999999999996,0.0,-0.0843999999999596,6,10.0,10.0,9.3,72.01833333333333,0.0,0.0,,,,,,,
2026-09-23T22:40:00+07:00,2026-09-23T22:46:29.510430+07:00,valid,current,6.4918405,STA2285,AWS Batur Dieng,-7.20399,109.91158,2078.0,Kab. Banjarnegara,9.57,9.3,72.64,72.64,False,0.0,177.5,0.0,799.2512,4.896260944581494,-0.2300000000000004,0.0,-1.230000000000004,0.0,-0.4080999999999903,6,10.0,10.0,9.3,70.77833333333332,0.0,0.0,,,,,,,
2026-09-23T22:50:00+07:00,2026-09-23T23:01:36.216290+07:00,valid,current,11.603604833333332,STA2285,AWS Batur Dieng,-7.20399,109.91158,2078.0,Kab. Banjarnegara,9.58,9.22,72.26,72.26,False,0.0,173.3,0.0,799.1914,4.830641755372506,-0.4499999999999993,-0.08,0.0700000000000073,0.0,-0.4675999999999476,6,10.0,10.0,9.22,70.78999999999999,0.0,0.0,,,,,,,
2026-09-23T23:10:00+07:00,2026-09-23T23:16:08.412493+07:00,valid,current,6.140208216666666,STA2285,AWS Batur Dieng,-7.20399,109.91158,2078.0,Kab. Banjarnegara,9.44,8.37,74.68,74.68,False,0.0,69.89,0.0,799.0313,5.16872701256426,-0.4800000000000004,-0.9300000000000016,3.820000000000008,0.0,-0.6272999999999911,6,10.0,10.0,8.37,72.41,0.0,0.0,,,,,,,
2026-09-23T23:20:00+07:00,2026-09-23T23:31:19.680730+07:00,valid,current,11.328012166666667,STA2285,AWS Batur Dieng,-7.20399,109.91158,2078.0,Kab. Banjarnegara,8.47,8.15,78.33,78.33,False,0.0,206.5,0.0,799.031,4.91421253815063,-1.4799999999999986,-1.1500000000000004,7.989999999999995,0.0,-0.5460000000000491,6,10.0,10.0,8.15,73.74166666666666,0.0,0.0,,,,,,,
2026-09-23T23:40:00+07:00,2026-09-23T23:53:52.001093+07:00,valid,current,13.866684883333331,STA2285,AWS Batur Dieng,-7.20399,109.91158,2078.0,Kab. Banjarnegara,8.53,7.921,79.33,79.33,False,0.0,239.1,0.0,798.8365,5.154822381082198,-1.040000000000001,-1.3790000000000004,6.689999999999998,0.0,-0.4147000000000389,6,10.0,10.0,7.921,76.23333333333333,0.0,0.0,,,,,,,
2026-09-23T23:50:00+07:00,2026-09-24T00:01:27.365720+07:00,valid,current,11.456095333333334,STA2285,AWS Batur Dieng,-7.20399,109.91158,2078.0,Kab. Banjarnegara,7.874,7.73,81.2,81.2,False,0.0,195.4,0.0,798.7357,4.850065062085669,-1.7060000000000004,-1.4900000000000002,8.939999999999998,0.0,-0.4557000000000926,6,10.0,10.0,7.73,77.72333333333333,0.0,0.0,,,,,,,
2026-09-24T00:10:00+07:00,2026-09-24T00:16:21.099026+07:00,valid,current,6.351650433333333,STA2285,AWS Batur Dieng,-7.20399,109.91158,2078.0,Kab. Banjarnegara,7.943,7.659,83.6,83.6,False,0.0,201.9,0.0,798.5836,5.336200401624585,-1.497,-0.7109999999999994,8.919999999999987,0.0,-0.4476999999999407,6,10.0,10.0,7.659,80.59166666666665,0.0,0.0,,,,,,,
2026-09-24T00:20:00+07:00,2026-09-24T00:31:23.328452+07:00,valid,current,11.388807533333331,STA2285,AWS Batur Dieng,-7.20399,109.91158,2078.0,Kab. Banjarnegara,7.237,6.976,85.8,85.8,False,0.0,208.7,0.0,798.5669,5.0173398440617385,-1.2330000000000003,-1.1740000000000004,7.469999999999999,0.0,-0.4640999999999167,6,10.0,10.0,6.976,81.83666666666667,0.0,0.0,,,,,,,
2026-09-24T00:40:00+07:00,2026-09-24T00:46:21.046985+07:00,valid,current,6.350783083333334,STA2285,AWS Batur Dieng,-7.20399,109.91158,2078.0,Kab. Banjarnegara,7.281,6.866,87.3,87.3,False,0.0,134.4,0.0,798.4161,5.309861386081583,-1.2489999999999997,-1.0550000000000006,7.969999999999999,0.0,-0.4203999999999723,6,10.0,10.0,6.866,84.41666666666667,0.0,0.0,,,,,,,
2026-09-24T00:50:00+07:00,2026-09-24T01:01:44.972628+07:00,valid,current,11.7495438,STA2285,AWS Batur Dieng,-7.20399,109.91158,2078.0,Kab. Banjarnegara,6.959,6.758,89.1,89.1,False,0.0,160.5,0.0,798.1986,5.286366201993634,-0.915,-0.9720000000000004,7.899999999999991,0.0,-0.5370999999998958,6,10.0,10.0,6.758,85.73333333333333,0.0,0.0,,,,,,,
2026-09-24T01:10:00+07:00,2026-09-24T01:16:17.194741+07:00,valid,current,6.286579016666667,STA2285,AWS Batur Dieng,-7.20399,109.91158,2078.0,Kab. Banjarnegara,6.96,6.758,89.6,89.6,False,0.0,166.9,0.0,797.9571,5.367938889649936,-0.9829999999999997,-0.9009999999999998,6.0,0.0,-0.6265000000000782,6,10.0,10.0,6.758,87.93333333333334,0.0,0.0,,,,,,,
2026-09-24T01:20:00+07:00,2026-09-24T01:31:13.793403+07:00,valid,current,11.22989005,STA2285,AWS Batur Dieng,-7.20399,109.91158,2078.0,Kab. Banjarnegara,6.929,6.722,89.7,89.7,False,0.0,169.5,0.0,797.9414,5.353397962733087,-0.3079999999999998,-0.2539999999999995,3.9000000000000057,0.0,-0.6254999999999882,6,10.0,10.0,6.722,88.58333333333333,0.0,0.0,,,,,,,
2026-09-24T01:40:00+07:00,2026-09-24T01:46:13.150920+07:00,valid,current,6.219182,STA2285,AWS Batur Dieng,-7.20399,109.91158,2078.0,Kab. Banjarnegara,7.166,6.722,86.3,86.3,False,0.0,206.6,0.0,797.7674,5.031042140072561,-0.1149999999999993,-0.1439999999999992,-1.0,0.0,-0.6487000000000762,6,10.0,10.0,6.722,88.73333333333333,0.0,0.0,,,,,,,
2026-09-24T01:50:00+07:00,2026-09-24T02:01:30.643089+07:00,valid,current,11.51071815,STA2285,AWS Batur Dieng,-7.20399,109.91158,2078.0,Kab. Banjarnegara,6.957,6.722,87.2,87.2,False,0.0,162.0,0.0,797.6488,4.974481412567768,-0.0019999999999997,-0.0359999999999995,-1.899999999999992,0.0,-0.5498000000000047,6,10.0,10.0,6.722,88.41666666666667,0.0,0.0,,,,,,,
2026-09-24T02:10:00+07:00,2026-09-24T02:16:22.058802+07:00,valid,current,6.3676467,STA2285,AWS Batur Dieng,-7.20399,109.91158,2078.0,Kab. Banjarnegara,6.35,6.266,88.5,88.5,False,0.0,158.5,0.0,797.5074,4.588716274224689,-0.6100000000000003,-0.492,-1.0999999999999943,0.0,-0.4497000000000071,6,10.0,10.0,6.266,87.86666666666667,0.0,0.0,,,,,,,
2026-09-24T02:20:00+07:00,2026-09-24T02:31:05.546439+07:00,valid,current,11.09244065,STA2285,AWS Batur Dieng,-7.20399,109.91158,2078.0,Kab. Banjarnegara,6.541,6.266,89.6,89.6,False,0.0,153.2,0.0,797.381,4.9542540708091405,-0.3879999999999999,-0.4560000000000004,-0.1000000000000085,0.0,-0.5604000000000724,6,10.0,10.0,6.266,87.85000000000001,0.0,0.0,,,,,,,
2026-09-24T02:40:00+07:00,2026-09-24T02:46:19.157877+07:00,valid,current,6.31929795,STA2285,AWS Batur Dieng,-7.20399,109.91158,2078.0,Kab. Banjarnegara,6.679,6.051,88.2,88.2,False,0.0,145.1,0.0,797.4267,4.86435649560953,-0.4870000000000001,-0.6710000000000003,1.9000000000000057,0.0,-0.3406999999999698,6,10.0,10.0,6.051,88.18333333333334,0.0,0.0,,,,,,,
2026-09-24T02:50:00+07:00,2026-09-24T03:01:12.700158+07:00,valid,current,11.2116693,STA2285,AWS Batur Dieng,-7.20399,109.91158,2078.0,Kab. Banjarnegara,5.991,5.928,91.3,91.3,False,0.0,155.9,0.0,797.3521,4.680183546421885,-0.9660000000000002,-0.7940000000000005,4.099999999999994,0.0,-0.2967000000001007,6,10.0,10.0,5.928,88.86666666666666,0.0,0.0,,,,,,,
2026-09-24T03:10:00+07:00,2026-09-24T03:16:13.848071+07:00,valid,current,6.230801183333333,STA2285,AWS Batur Dieng,-7.20399,109.91158,2078.0,Kab. Banjarnegara,6.439,5.928,90.6,90.6,False,0.0,184.6,0.0,797.387,5.0128710346273895,0.0890000000000004,-0.3380000000000001,2.0999999999999943,0.0,-0.1204000000000178,6,10.0,10.0,5.928,89.89999999999999,0.0,0.0,,,,,,,
2026-09-24T03:20:00+07:00,2026-09-24T03:31:09.608995+07:00,valid,current,11.160149916666668,STA2285,AWS Batur Dieng,-7.20399,109.91158,2078.0,Kab. Banjarnegara,6.129,5.909,91.9,91.9,False,0.0,136.2,0.0,797.4252,4.910710106452345,-0.4120000000000008,-0.3570000000000002,2.300000000000012,0.0,0.0442000000000462,6,10.0,10.0,5.909,90.28333333333332,0.0,0.0,,,,,,,
2026-09-24T03:40:00+07:00,2026-09-24T03:46:23.185997+07:00,valid,current,6.386433283333333,STA2285,AWS Batur Dieng,-7.20399,109.91158,2078.0,Kab. Banjarnegara,5.773,5.6,92.8,92.8,False,0.0,161.2,0.0,797.4301,4.697734229184384,-0.9060000000000006,-0.4510000000000005,4.599999999999994,0.0,0.003400000000056,6,10.0,10.0,5.6,91.75,0.0,0.0,,,,,,,
2026-09-24T03:50:00+07:00,2026-09-24T04:01:19.911027+07:00,valid,current,11.33185045,STA2285,AWS Batur Dieng,-7.20399,109.91158,2078.0,Kab. Banjarnegara,5.59,5.266,93.5,93.5,False,0.0,127.6,0.0,797.497,4.623870995039616,-0.4009999999999998,-0.6619999999999999,2.200000000000003,0.0,0.1449000000000069,6,10.0,10.0,5.266,92.11666666666667,0.0,0.0,,,,,,,
2026-09-24T04:10:00+07:00,2026-09-24T04:16:18.024439+07:00,valid,current,6.300407316666666,STA2285,AWS Batur Dieng,-7.20399,109.91158,2078.0,Kab. Banjarnegara,5.57,4.969,95.6,95.6,False,0.0,156.2,0.0,797.6639,4.922433025256598,-0.8689999999999998,-0.9589999999999996,5.0,0.0,0.2769000000000687,6,10.0,10.0,4.969,93.35,0.0,0.0,,,,,,,
2026-09-24T04:20:00+07:00,2026-09-24T04:31:05.952235+07:00,valid,current,11.099203916666664,STA2285,AWS Batur Dieng,-7.20399,109.91158,2078.0,Kab. Banjarnegara,6.218,4.969,94.7,94.7,False,0.0,188.4,0.0,797.7902,5.4306559503301886,0.0890000000000004,-0.9399999999999996,2.799999999999997,0.0,0.3650000000000091,6,10.0,10.0,4.969,93.81666666666668,0.0,0.0,,,,,,,
2026-09-24T04:50:00+07:00,2026-09-24T05:01:21.782574+07:00,valid,current,11.3630429,STA2285,AWS Batur Dieng,-7.20399,109.91158,2078.0,Kab. Banjarnegara,5.713,4.969,94.9,94.9,False,0.0,145.7,0.0,797.8848,4.959125452970358,0.1230000000000002,-0.2969999999999997,1.4000000000000057,0.0,0.3878000000000838,6,10.0,10.0,4.969,94.58333333333331,0.0,0.0,,,,,,,
2026-09-24T05:10:00+07:00,2026-09-24T05:16:16.892620+07:00,valid,current,6.281543666666667,STA2285,AWS Batur Dieng,-7.20399,109.91158,2078.0,Kab. Banjarnegara,6.216,4.969,94.1,94.1,False,0.0,160.4,0.0,797.9776,5.337097763535041,0.6459999999999999,0.0,-1.5,0.0,0.3137000000000398,6,10.0,10.0,4.969,94.55,0.0,0.0,,,,,,,
2026-09-24T05:20:00+07:00,2026-09-24T05:31:20.558361+07:00,valid,current,11.34263935,STA2285,AWS Batur Dieng,-7.20399,109.91158,2078.0,Kab. Banjarnegara,6.119,4.969,94.6,94.6,False,0.0,207.4,0.0,798.0975,5.317065964550399,-0.0990000000000002,0.0,-0.1000000000000085,0.0,0.307299999999941,6,10.0,10.0,4.969,94.53333333333336,0.0,0.0,,,,,,,
2026-09-24T05:40:00+07:00,2026-09-24T05:46:11.916371+07:00,valid,current,6.198606183333334,STA2285,AWS Batur Dieng,-7.20399,109.91158,2078.0,Kab. Banjarnegara,7.079,4.969,94.1,94.1,False,0.0,183.6,0.0,798.4142,6.1940119788397645,1.351,0.0,-0.2000000000000028,0.0,0.4660000000000082,6,10.0,10.0,4.969,94.6,0.0,0.0,,,,,,,
2026-09-24T05:50:00+07:00,2026-09-24T06:01:13.953204+07:00,valid,current,11.2325534,STA2285,AWS Batur Dieng,-7.20399,109.91158,2078.0,Kab. Banjarnegara,6.81,4.969,93.4,93.4,False,0.0,157.0,0.0,798.5092,5.8189129298900495,1.0969999999999995,0.0,-1.5,0.0,0.6243999999999232,6,10.0,10.0,4.969,94.35,0.0,0.0,,,,,,,
2026-09-24T06:10:00+07:00,2026-09-24T06:16:13.968237+07:00,valid,current,6.23280395,STA2285,AWS Batur Dieng,-7.20399,109.91158,2078.0,Kab. Banjarnegara,7.013,4.969,93.3,93.3,False,0.296,152.6,0.0,798.595,6.004793232516792,0.7969999999999997,0.0,-0.7999999999999972,0.296,0.6173999999999751,6,10.0,10.0,4.969,93.85,0.0493333333333333,0.296,,,,,,,
2026-09-24T06:20:00+07:00,2026-09-24T06:31:43.826943+07:00,valid,current,11.73044905,STA2285,AWS Batur Dieng,-7.20399,109.91158,2078.0,Kab. Banjarnegara,9.85,4.969,92.9,92.9,False,1.24,140.3,0.0,798.6957,8.755225648084776,3.731,0.0,-1.6999999999999886,1.24,0.5982000000000198,6,10.0,10.0,4.969,93.56666666666666,0.256,1.24,,,,,,,
2026-09-24T06:40:00+07:00,2026-09-24T06:46:02.306808+07:00,valid,current,6.0384468,STA2285,AWS Batur Dieng,-7.20399,109.91158,2078.0,Kab. Banjarnegara,13.67,4.969,71.49,71.49,False,0.423,146.1,0.0,799.0475,8.608622532058382,6.591,0.0,-22.61,0.423,0.6332999999999629,6,10.0,10.0,4.969,85.74833333333333,0.4508333333333333,1.24,,,,,,,
2026-09-24T06:50:00+07:00,2026-09-24T07:01:16.509686+07:00,valid,current,11.275161433333333,STA2285,AWS Batur Dieng,-7.20399,109.91158,2078.0,Kab. Banjarnegara,14.31,4.969,69.07,69.07,False,0.0,150.4,0.0,799.0612,8.71304163099315,7.500000000000001,0.0,-24.330000000000013,0.0,0.5520000000000209,6,10.0,10.0,4.969,81.69333333333333,0.4508333333333333,1.24,,,,,,,
2026-09-24T07:10:00+07:00,2026-09-24T07:16:13.905942+07:00,valid,current,6.2317657,STA2285,AWS Batur Dieng,-7.20399,109.91158,2078.0,Kab. Banjarnegara,15.97,15.69,65.05,65.05,False,0.431,107.3,0.0,799.3212,9.406115682122897,8.957,10.721,-28.25,0.135,0.7261999999999489,6,10.0,10.0,4.969,72.665,0.4733333333333333,1.24,,,,,,,
2026-09-24T07:20:00+07:00,2026-09-24T07:31:17.909315+07:00,valid,current,11.298488583333333,STA2285,AWS Batur Dieng,-7.20399,109.91158,2078.0,Kab. Banjarnegara,16.51,15.69,62.09,62.09,False,2.126,91.0,0.0,799.3637,9.225290476623622,6.660000000000002,10.721,-30.81,0.8859999999999999,0.6680000000000064,6,10.0,10.0,4.969,67.52999999999999,0.621,2.126,,,,,,,
2026-09-24T07:40:00+07:00,2026-09-24T07:46:08.288926+07:00,valid,current,6.138148766666666,STA2285,AWS Batur Dieng,-7.20399,109.91158,2078.0,Kab. Banjarnegara,17.21,15.69,62.49,62.49,False,2.417,87.8,0.0,799.533,9.98243625056432,3.540000000000001,10.721,-8.999999999999993,1.994,0.4855000000000018,6,10.0,10.0,4.969,64.67,1.2226666666666668,2.417,,,,,,,
2026-09-24T07:50:00+07:00,2026-09-24T08:01:13.101342+07:00,valid,current,11.2183557,STA2285,AWS Batur Dieng,-7.20399,109.91158,2078.0,Kab. Banjarnegara,17.62,15.69,60.5,60.5,False,1.842,88.3,0.0,799.575,9.885722434649177,3.3100000000000005,10.721,-8.569999999999993,1.842,0.5138000000000602,6,10.0,10.0,4.969,63.24166666666667,1.5296666666666667,2.417,,,,,,,
2026-09-24T08:10:00+07:00,2026-09-24T08:20:06.677444+07:00,valid,current,10.111290733333334,STA2285,AWS Batur Dieng,-7.20399,109.91158,2078.0,Kab. Banjarnegara,19.16,15.69,45.48,45.48,False,0.91,76.36,0.0,799.7161,7.096519151897116,3.1899999999999995,0.0,-19.57,0.479,0.3949000000000069,6,10.0,10.0,15.69,58.321666666666665,1.8188333333333333,2.417,,,,,,,
2026-09-24T08:20:00+07:00,2026-09-24T08:31:14.764886+07:00,valid,current,11.246081433333334,STA2285,AWS Batur Dieng,-7.20399,109.91158,2078.0,Kab. Banjarnegara,19.6,15.69,40.66,40.66,False,1.146,91.0,0.0,799.7227,5.866035690188951,3.09,0.0,-21.430000000000007,-0.98,0.3590000000000373,6,10.0,10.0,15.69,54.75,1.6555,2.417,,,,,,,
2026-09-24T08:40:00+07:00,2026-09-24T08:46:06.237230+07:00,valid,current,6.103953833333334,STA2285,AWS Batur Dieng,-7.20399,109.91158,2078.0,Kab. Banjarnegara,20.28,15.69,39.76,39.76,False,0.136,107.6,0.0,799.7236,6.151792870846024,3.0700000000000003,0.0,-22.730000000000004,-2.281,0.1906000000000176,6,10.0,10.0,15.69,47.60666666666666,0.954,1.842,,,,,,,
2026-09-24T08:50:00+07:00,2026-09-24T09:01:15.523038+07:00,valid,current,11.2587173,STA2285,AWS Batur Dieng,-7.20399,109.91158,2078.0,Kab. Banjarnegara,20.56,15.69,40.6,40.6,False,0.216,132.2,0.0,799.7182,6.706590661115827,2.9399999999999977,0.0,-19.9,-1.626,0.1431999999999789,6,10.0,10.0,15.69,44.29,0.6829999999999999,1.256,,,,,,,
2026-09-24T09:10:00+07:00,2026-09-24T09:16:13.796731+07:00,valid,current,6.229945516666667,STA2285,AWS Batur Dieng,-7.20399,109.91158,2078.0,Kab. Banjarnegara,20.26,15.69,48.45,48.45,False,0.44,69.35,0.0,799.8006,9.032316967763837,1.1000000000000014,0.0,2.970000000000006,-0.47,0.0845000000000482,6,10.0,10.0,15.69,42.57999999999999,0.57,1.146,,,,,,,
2026-09-24T09:20:00+07:00,2026-09-24T09:31:08.683416+07:00,valid,current,11.1447236,STA2285,AWS Batur Dieng,-7.20399,109.91158,2078.0,Kab. Banjarnegara,20.22,15.69,48.83,48.83,False,0.328,68.19,0.0,799.8793,9.111562193342449,0.6199999999999974,0.0,8.170000000000002,-0.8179999999999998,0.1565999999999121,6,10.0,10.0,15.69,43.94166666666666,0.4336666666666666,1.048,,,,,,,
2026-09-24T09:40:00+07:00,2026-09-24T09:46:15.148149+07:00,valid,current,6.25246915,STA2285,AWS Batur Dieng,-7.20399,109.91158,2078.0,Kab. Banjarnegara,20.33,15.69,51.86,51.86,False,1.582,99.1,0.0,799.7225,10.109951243387524,0.0499999999999971,0.0,12.1,1.4460000000000002,-0.0011000000000649,6,10.0,10.0,15.69,47.41,0.6681666666666667,1.582,,,,,,,
2026-09-24T09:50:00+07:00,2026-09-24T10:01:26.955125+07:00,valid,current,11.449252083333333,STA2285,AWS Batur Dieng,-7.20399,109.91158,2078.0,Kab. Banjarnegara,20.31,15.69,50.04,50.04,False,0.633,95.1,0.0,799.722,9.558208469407257,-0.25,0.0,9.439999999999998,0.417,0.0037999999999556,6,10.0,10.0,15.69,48.98333333333334,0.7376666666666667,1.582,,,,,,,
2026-09-24T10:10:00+07:00,2026-09-24T10:16:18.194482+07:00,valid,current,6.303241366666667,STA2285,AWS Batur Dieng,-7.20399,109.91158,2078.0,Kab. Banjarnegara,20.39,15.69,56.84,56.84,False,0.773,248.2,0.0,799.721,11.545238704770776,0.129999999999999,0.0,8.39,0.333,-0.0796000000000276,6,10.0,10.0,15.69,51.803333333333335,0.6668333333333334,1.582,,,,,,,
2026-09-24T10:20:00+07:00,2026-09-24T10:31:10.808551+07:00,valid,current,11.180142516666669,STA2285,AWS Batur Dieng,-7.20399,109.91158,2078.0,Kab. Banjarnegara,20.36,15.69,59.6,59.6,False,0.968,246.5,0.0,799.6078,12.236515283275512,0.1400000000000005,0.0,10.770000000000003,0.6399999999999999,-0.2714999999999463,6,10.0,10.0,15.69,53.598333333333336,0.7735,1.582,,,,,,,
2026-09-24T10:40:00+07:00,2026-09-24T10:46:05.575577+07:00,valid,current,6.092926283333333,STA2285,AWS Batur Dieng,-7.20399,109.91158,2078.0,Kab. Banjarnegara,20.12,15.69,60.59,60.59,False,0.341,212.3,0.0,799.436,12.261510827623292,-0.2099999999999973,0.0,8.730000000000004,-1.241,-0.2864999999999327,6,10.0,10.0,15.69,57.07166666666666,0.5886666666666668,0.968,,,,,,,
2026-09-24T10:50:00+07:00,2026-09-24T11:01:13.060504+07:00,valid,current,11.217675066666668,STA2285,AWS Batur Dieng,-7.20399,109.91158,2078.0,Kab. Banjarnegara,19.34,15.69,56.16,56.16,False,0.121,163.8,0.0,799.3774,10.383854763699096,-0.9699999999999988,0.0,6.119999999999997,-0.512,-0.344600000000014,6,10.0,10.0,15.69,58.09166666666666,0.5033333333333333,0.968,,,,,,,
2026-09-24T11:10:00+07:00,2026-09-24T11:16:14.654447+07:00,valid,current,6.244240783333334,STA2285,AWS Batur Dieng,-7.20399,109.91158,2078.0,Kab. Banjarnegara,19.14,15.69,65.47,65.47,False,0.614,248.8,0.0,799.1204,12.51463212868106,-1.25,0.0,8.629999999999995,-0.159,-0.6005999999999858,6,10.0,10.0,15.69,60.42666666666668,0.5621666666666667,0.968,,,,,,,
2026-09-24T11:20:00+07:00,2026-09-24T11:31:11.604406+07:00,valid,current,11.193406766666667,STA2285,AWS Batur Dieng,-7.20399,109.91158,2078.0,Kab. Banjarnegara,19.43,15.69,68.78,68.78,False,0.324,243.5,0.0,799.0878,13.545957305692909,-0.9299999999999996,0.0,9.18,-0.6439999999999999,-0.5199999999999818,6,10.0,10.0,15.69,61.95666666666667,0.4548333333333333,0.802,,,,,,,
2026-09-24T11:30:00+07:00,2026-09-24T11:46:25.603900+07:00,valid,current,16.426731666666665,STA2285,AWS Batur Dieng,-7.20399,109.91158,2078.0,Kab. Banjarnegara,19.56,15.69,65.01,65.01,False,1.055,170.8,0.0,799.0862,12.805867111214148,-0.8000000000000007,0.0,2.280000000000008,0.5279999999999999,-0.4749000000000478,6,10.0,10.0,15.69,62.336666666666666,0.5428333333333333,1.055,,,,,,,
2026-09-24T11:50:00+07:00,2026-09-24T12:01:12.608121+07:00,valid,current,11.21013535,STA2285,AWS Batur Dieng,-7.20399,109.91158,2078.0,Kab. Banjarnegara,18.72,15.69,65.87,65.87,False,1.962,131.4,0.0,798.9362,12.208184239811654,-0.620000000000001,0.0,9.710000000000008,1.841,-0.4411999999999807,6,10.0,10.0,15.69,64.00666666666666,0.9638333333333332,1.962,,,,,,,
2026-09-24T12:10:00+07:00,2026-09-24T12:16:11.736386+07:00,valid,current,6.195606433333333,STA2285,AWS Batur Dieng,-7.20399,109.91158,2078.0,Kab. Banjarnegara,18.9,15.69,67.59,67.59,False,1.011,114.1,0.0,798.7834,12.77252479805747,-0.240000000000002,0.0,2.1200000000000045,0.3969999999999999,-0.3369999999999891,6,10.0,10.0,15.69,65.90666666666668,0.9585,1.962,,,,,,,
2026-09-24T12:20:00+07:00,2026-09-24T12:31:09.766411+07:00,valid,current,11.162773516666666,STA2285,AWS Batur Dieng,-7.20399,109.91158,2078.0,Kab. Banjarnegara,18.84,15.69,67.2,67.2,False,1.318,144.3,0.0,798.7268,12.626964246120544,-0.5899999999999999,0.0,-1.5799999999999983,0.994,-0.36099999999999,6,10.0,10.0,15.69,65.64333333333333,1.1241666666666668,1.962,,,,,,,
2026-09-24T12:40:00+07:00,2026-09-24T12:46:13.738896+07:00,valid,current,6.2289816,STA2285,AWS Batur Dieng,-7.20399,109.91158,2078.0,Kab. Banjarnegara,18.48,15.69,73.35,73.35,False,1.923,268.4,0.0,798.6306,13.623509747466368,-0.6400000000000006,0.0,12.449999999999996,0.897,-0.3509999999999991,6,10.0,10.0,15.69,68.51833333333333,1.3141666666666667,1.962,,,,,,,
2026-09-24T12:50:00+07:00,2026-09-24T13:01:16.681602+07:00,valid,current,11.2780267,STA2285,AWS Batur Dieng,-7.20399,109.91158,2078.0,Kab. Banjarnegara,18.76,15.69,73.04,73.04,False,2.046,264.3,0.0,798.5273,13.827948050625311,0.0400000000000027,0.0,7.170000000000002,0.0839999999999998,-0.4089000000000169,6,10.0,10.0,15.69,69.71333333333334,1.3281666666666665,2.046,,,,,,,
2026-09-24T13:10:00+07:00,2026-09-24T13:17:00.907800+07:00,valid,current,7.01513,STA2285,AWS Batur Dieng,-7.20399,109.91158,2078.0,Kab. Banjarnegara,19.88,15.69,68.15,68.15,False,1.234,273.3,0.0,798.2409,13.834167103061043,0.9800000000000004,0.0,0.5600000000000023,0.2230000000000001,-0.5425000000000182,6,10.0,10.0,15.69,70.71833333333332,1.5664999999999998,2.046,,,,,,,
2026-09-24T13:20:00+07:00,2026-09-24T13:31:14.880897+07:00,valid,current,11.24801495,STA2285,AWS Batur Dieng,-7.20399,109.91158,2078.0,Kab. Banjarnegara,19.53,15.69,63.89,63.89,False,0.777,285.7,0.0,798.2742,12.512168860705248,0.6900000000000013,0.0,-3.3100000000000023,-0.541,-0.4526000000000749,6,10.0,10.0,15.69,70.16666666666667,1.476333333333333,2.046,,,,,,,
2026-09-24T13:40:00+07:00,2026-09-24T13:46:16.349082+07:00,valid,current,6.272484700000001,STA2285,AWS Batur Dieng,-7.20399,109.91158,2078.0,Kab. Banjarnegara,19.95,15.69,58.42,58.42,False,1.338,302.2,0.0,798.1587,11.548455464075186,1.4699999999999989,0.0,-14.929999999999993,-0.585,-0.4719000000000051,6,10.0,10.0,15.69,66.66666666666667,1.2045,2.046,,,,,,,
2026-09-24T13:50:00+07:00,2026-09-24T14:01:16.533745+07:00,valid,current,11.275562416666666,STA2285,AWS Batur Dieng,-7.20399,109.91158,2078.0,Kab. Banjarnegara,19.34,15.69,59.53,59.53,False,1.742,237.2,0.0,798.135,11.26060311684454,0.5799999999999983,0.0,-13.510000000000003,-0.3039999999999998,-0.3922999999999774,6,10.0,10.0,15.69,64.415,1.1538333333333333,1.742,,,,,,,
2026-09-24T14:10:00+07:00,2026-09-24T14:16:07.090746+07:00,valid,current,6.118179100000001,STA2285,AWS Batur Dieng,-7.20399,109.91158,2078.0,Kab. Banjarnegara,20.37,15.69,56.59,56.59,False,1.592,237.9,0.0,798.0071,11.459889987354902,0.490000000000002,0.0,-11.560000000000002,0.3580000000000001,-0.2337999999999738,6,10.0,10.0,15.69,59.87166666666667,1.3113333333333337,2.167,,,,,,,
2026-09-24T14:20:00+07:00,2026-09-24T14:31:21.795209+07:00,valid,current,11.363253483333333,STA2285,AWS Batur Dieng,-7.20399,109.91158,2078.0,Kab. Banjarnegara,21.05,15.69,57.49,57.49,False,1.586,175.8,0.0,798.0091,12.33460977611621,1.5199999999999996,0.0,-6.399999999999999,0.809,-0.2650999999999612,6,10.0,10.0,15.69,58.80500000000001,1.4461666666666666,2.167,,,,,,,
2026-09-24T14:30:00+07:00,2026-09-24T14:46:14.386287+07:00,valid,current,16.23977145,STA2285,AWS Batur Dieng,-7.20399,109.91158,2078.0,Kab. Banjarnegara,20.6,15.69,60.37,60.37,False,0.848,113.2,0.0,798.011,12.657713544807054,0.4400000000000013,0.0,-3.3700000000000045,0.596,-0.1484000000000378,6,10.0,10.0,15.69,58.24333333333333,1.5455000000000003,2.167,,,,,,,
2026-09-24T14:50:00+07:00,2026-09-24T15:01:13.907246+07:00,valid,current,11.231787433333333,STA2285,AWS Batur Dieng,-7.20399,109.91158,2078.0,Kab. Banjarnegara,18.12,15.69,75.53,75.53,False,2.333,143.2,0.0,797.9292,13.726723996395208,-1.2199999999999989,0.0,16.0,0.5910000000000002,-0.2057999999999538,6,10.0,10.0,15.69,62.71333333333333,1.7123333333333337,2.333,,,,,,,
2026-09-24T15:10:00+07:00,2026-09-24T15:16:14.144134+07:00,valid,current,6.2357355666666665,STA2285,AWS Batur Dieng,-7.20399,109.91158,2078.0,Kab. Banjarnegara,17.56,15.69,82.1,82.1,False,2.296,148.2,0.0,797.8458,14.470134278112926,-2.8100000000000023,0.0,25.50999999999999,0.7039999999999997,-0.1612999999999829,6,10.0,10.0,15.69,70.32833333333333,1.8538333333333328,2.333,,,,,,,
2026-09-24T15:20:00+07:00,2026-09-24T15:31:19.916228+07:00,valid,current,11.331937133333334,STA2285,AWS Batur Dieng,-7.20399,109.91158,2078.0,Kab. Banjarnegara,17.5,15.69,81.6,81.6,False,2.215,153.1,0.0,797.8425,14.31706033333868,-3.5500000000000007,0.0,24.109999999999992,0.6289999999999998,-0.1666000000000167,6,10.0,10.0,15.69,74.34666666666668,1.9586666666666663,2.333,,,,,,,
2026-09-24T15:40:00+07:00,2026-09-24T15:46:39.447651+07:00,valid,current,6.6574608500000005,STA2285,AWS Batur Dieng,-7.20399,109.91158,2078.0,Kab. Banjarnegara,17.4,15.69,77.62,77.62,False,1.602,175.0,0.0,797.8378,13.449224343327137,-1.490000000000002,0.0,8.38000000000001,-0.1459999999999999,-0.1509999999999536,6,10.0,10.0,15.69,78.78333333333333,2.0436666666666663,2.333,,,,,,,
2026-09-24T15:50:00+07:00,2026-09-24T16:01:13.552113+07:00,valid,current,11.22586855,STA2285,AWS Batur Dieng,-7.20399,109.91158,2078.0,Kab. Banjarnegara,17.57,15.69,77.84,77.84,False,1.105,176.4,0.0,797.8396,13.657635045616692,-0.5500000000000007,0.0,2.3100000000000023,-1.2280000000000002,-0.0896000000000185,6,10.0,10.0,15.69,79.16833333333334,1.839,2.312,,,,,,,
2026-09-24T16:10:00+07:00,2026-09-24T16:16:12.532021+07:00,valid,current,6.208867016666667,STA2285,AWS Batur Dieng,-7.20399,109.91158,2078.0,Kab. Banjarnegara,17.28,15.69,85.7,85.7,False,1.545,169.2,0.0,797.7952,14.86137191351706,-0.2799999999999976,0.0,3.6000000000000085,-0.7509999999999999,-0.0506000000000312,6,10.0,10.0,15.69,80.49499999999999,1.671,2.215,,,,,,,
2026-09-24T16:20:00+07:00,2026-09-24T16:31:22.624731+07:00,valid,current,11.37707885,STA2285,AWS Batur Dieng,-7.20399,109.91158,2078.0,Kab. Banjarnegara,17.19,15.69,85.3,85.3,False,0.088,142.0,0.0,797.9631,14.700463205766123,-0.3099999999999987,0.0,3.700000000000003,-2.127,0.1206000000000813,6,10.0,10.0,15.69,81.11166666666666,1.3165,2.055,,,,,,,
2026-09-24T16:40:00+07:00,2026-09-24T16:46:15.507811+07:00,valid,current,6.258463516666667,STA2285,AWS Batur Dieng,-7.20399,109.91158,2078.0,Kab. Banjarnegara,16.88,15.69,86.8,86.8,False,0.946,126.7,0.0,797.9863,14.666347628729856,-0.5199999999999996,0.0,9.179999999999993,-0.6560000000000001,0.1485000000000127,6,10.0,10.0,15.69,84.02333333333334,1.089,2.055,,,,,,,
2026-09-24T16:50:00+07:00,2026-09-24T17:01:19.136563+07:00,valid,current,11.318942716666667,STA2285,AWS Batur Dieng,-7.20399,109.91158,2078.0,Kab. Banjarnegara,16.75,15.69,87.4,87.4,False,0.607,152.1,0.0,798.1125,14.645292003550022,-0.8200000000000003,0.0,9.560000000000002,-0.498,0.2728999999999359,6,10.0,10.0,15.69,85.61666666666667,1.006,2.055,,,,,,,
2026-09-24T17:10:00+07:00,2026-09-24T17:16:07.209565+07:00,valid,current,6.120159416666667,STA2285,AWS Batur Dieng,-7.20399,109.91158,2078.0,Kab. Banjarnegara,16.49,15.69,90.4,90.4,False,0.0,116.2,0.0,798.2988,14.912666897362444,-0.7900000000000027,0.0,4.700000000000003,-1.545,0.5036000000000058,6,10.0,10.0,15.69,87.5,0.4085,0.946,,,,,,,
2026-09-24T17:20:00+07:00,2026-09-24T17:31:48.109557+07:00,valid,current,11.80182595,STA2285,AWS Batur Dieng,-7.20399,109.91158,2078.0,Kab. Banjarnegara,16.43,15.69,91.6,91.6,False,0.625,108.1,0.0,798.4482,15.058304614887184,-0.7600000000000016,0.0,6.299999999999997,0.537,0.4850999999999885,6,10.0,10.0,15.69,88.55000000000001,0.498,0.946,,,,,,,
2026-09-24T17:40:00+07:00,2026-09-24T17:46:08.442115+07:00,valid,current,6.140701916666667,STA2285,AWS Batur Dieng,-7.20399,109.91158,2078.0,Kab. Banjarnegara,16.19,15.69,94.0,94.0,False,0.056,99.8,0.0,798.6055,15.22292869987866,-0.6899999999999977,0.0,7.200000000000003,-0.8899999999999999,0.619199999999978,6,10.0,10.0,15.69,90.7,0.2171666666666666,0.625,,,,,,,
2026-09-24T17:50:00+07:00,2026-09-24T18:01:44.425958+07:00,valid,current,11.740432633333334,STA2285,AWS Batur Dieng,-7.20399,109.91158,2078.0,Kab. Banjarnegara,15.99,15.69,94.8,94.8,False,0.0,110.2,0.0,798.6634,15.156240736612048,-0.7599999999999998,0.0,7.399999999999991,-0.607,0.5509000000000697,6,10.0,10.0,15.69,91.93333333333334,0.116,0.625,,,,,,,
2026-09-24T18:10:00+07:00,2026-09-24T18:16:10.506875+07:00,valid,current,6.175114583333333,STA2285,AWS Batur Dieng,-7.20399,109.91158,2078.0,Kab. Banjarnegara,15.83,15.69,95.9,95.9,False,0.0,133.8,0.0,798.8964,15.176715981554246,-0.6599999999999984,0.0,5.5,0.0,0.5975999999999431,6,10.0,10.0,15.69,94.05,0.1135,0.625,,,,,,,
2026-09-24T18:20:00+07:00,2026-09-24T18:31:20.504992+07:00,valid,current,11.341749866666667,STA2285,AWS Batur Dieng,-7.20399,109.91158,2078.0,Kab. Banjarnegara,15.81,15.69,96.1,96.1,False,0.0,128.1,0.0,798.9713,15.189243911728664,-0.6199999999999992,0.0,4.5,-0.625,0.5230999999999995,6,10.0,10.0,15.69,94.8,0.0093333333333333,0.056,,,,,,,
2026-09-24T18:40:00+07:00,2026-09-24T18:46:18.011837+07:00,valid,current,6.3001972833333335,STA2285,AWS Batur Dieng,-7.20399,109.91158,2078.0,Kab. Banjarnegara,15.9,15.69,96.2,96.2,False,0.0,99.5,0.0,799.0453,15.295015234024511,-0.2900000000000009,0.0,2.200000000000003,-0.056,0.4397999999999911,6,10.0,10.0,15.69,95.75,0.0,0.0,,,,,,,
2026-09-24T18:50:00+07:00,2026-09-24T18:59:04.196365+07:00,valid,current,9.069939416666667,STA2285,AWS Batur Dieng,-7.20399,109.91158,2078.0,Kab. Banjarnegara,15.91,15.69,96.6,96.6,False,0.0,77.34,0.0,799.2034,15.36963596144007,-0.08,0.0,1.7999999999999972,0.0,0.5399999999999636,6,10.0,10.0,15.69,96.05,0.0,0.0,,,,,,,
2026-09-24T19:10:00+07:00,2026-09-24T19:16:05.031009+07:00,valid,current,6.08385015,STA2285,AWS Batur Dieng,-7.20399,109.91158,2078.0,Kab. Banjarnegara,15.72,15.63,96.7,96.7,False,0.0,69.24,0.0,799.5206,15.19653425030332,-0.1099999999999994,-0.0599999999999987,0.7999999999999972,0.0,0.6241999999999734,6,10.0,10.0,15.63,96.35,0.0,0.0,,,,,,,
2026-09-24T19:20:00+07:00,2026-09-24T19:31:11.702853+07:00,valid,current,11.19504755,STA2285,AWS Batur Dieng,-7.20399,109.91158,2078.0,Kab. Banjarnegara,15.42,15.28,96.9,96.9,False,0.0,101.1,0.0,799.6462,14.92984069220433,-0.3900000000000005,-0.4100000000000001,0.8000000000000114,0.0,0.6748999999999796,6,10.0,10.0,15.28,96.48333333333332,0.0,0.0,,,,,,,
2026-09-24T19:40:00+07:00,2026-09-24T19:46:16.456076+07:00,valid,current,6.274267933333333,STA2285,AWS Batur Dieng,-7.20399,109.91158,2078.0,Kab. Banjarnegara,15.21,15.01,98.0,98.0,False,0.0,288.9,0.0,799.6677,14.895837237784402,-0.6899999999999995,-0.6799999999999997,1.7999999999999972,0.0,0.6223999999999705,6,10.0,10.0,15.01,97.06666666666668,0.0,0.0,,,,,,,
2026-09-24T19:50:00+07:00,2026-09-24T20:01:26.230963+07:00,valid,current,11.437182716666666,STA2285,AWS Batur Dieng,-7.20399,109.91158,2078.0,Kab. Banjarnegara,14.73,14.53,97.8,97.8,False,0.0,169.7,0.0,799.8384,14.385395316004384,-1.1799999999999995,-1.16,1.2000000000000028,0.0,0.6349999999999909,6,10.0,10.0,14.53,97.26666666666668,0.0,0.0,,,,,,,
2026-09-24T20:10:00+07:00,2026-09-24T20:16:10.823601+07:00,valid,current,6.18039335,STA2285,AWS Batur Dieng,-7.20399,109.91158,2078.0,Kab. Banjarnegara,14.23,14.04,99.0,99.0,False,0.0,187.4,0.0,800.0836,14.07480064341846,-1.4900000000000002,-1.5900000000000016,2.299999999999997,0.0,0.5630000000001019,6,10.0,10.0,14.04,97.96666666666664,0.0,0.0,,,,,,,
2026-09-24T20:20:00+07:00,2026-09-24T20:31:12.515982+07:00,valid,current,11.2085997,STA2285,AWS Batur Dieng,-7.20399,109.91158,2078.0,Kab. Banjarnegara,13.93,13.75,99.1,99.1,False,0.0,51.51,0.0,800.1402,13.79070783321411,-1.4900000000000002,-1.5299999999999994,2.1999999999999886,0.0,0.4940000000000282,6,10.0,10.0,13.75,98.33333333333331,0.0,0.0,,,,,,,
2026-09-24T20:40:00+07:00,2026-09-24T20:46:10.345041+07:00,valid,current,6.17241735,STA2285,AWS Batur Dieng,-7.20399,109.91158,2078.0,Kab. Banjarnegara,13.52,13.27,99.9,99.9,False,0.0,102.9,0.0,800.2498,13.504626872622586,-1.6900000000000013,-1.7400000000000002,1.9000000000000057,0.0,0.5821000000000822,6,10.0,10.0,13.27,98.88333333333334,0.0,0.0,,,,,,,
2026-09-24T20:50:00+07:00,2026-09-24T21:01:27.151893+07:00,valid,current,11.45253155,STA2285,AWS Batur Dieng,-7.20399,109.91158,2078.0,Kab. Banjarnegara,13.37,13.2,99.9,99.9,False,0.0,96.2,0.0,800.2877,13.354644842890735,-1.3600000000000012,-1.33,2.1000000000000085,0.0,0.4492999999999938,6,10.0,10.0,13.2,99.23333333333332,0.0,0.0,,,,,,,
2026-09-24T21:10:00+07:00,2026-09-24T21:16:19.289685+07:00,valid,current,6.32149475,STA2285,AWS Batur Dieng,-7.20399,109.91158,2078.0,Kab. Banjarnegara,12.95,12.75,100.0,100.0,False,0.0,246.3,0.0,800.3807,12.95,-1.2800000000000011,-1.2899999999999991,1.0,0.0,0.2971000000000003,6,10.0,10.0,12.75,99.61666666666667,0.0,0.0,,,,,,,
2026-09-24T21:40:00+07:00,2026-09-24T21:46:07.750975+07:00,valid,current,6.129182916666666,STA2285,AWS Batur Dieng,-7.20399,109.91158,2078.0,Kab. Banjarnegara,12.14,11.99,100.0,100.0,False,0.0,168.9,0.0,800.601,12.14,-1.379999999999999,-1.2799999999999994,0.0999999999999943,0.0,0.3511999999999489,6,10.0,10.0,11.99,99.91666666666669,0.0,0.0,,,,,,,
2026-09-24T21:50:00+07:00,2026-09-24T22:01:15.418592+07:00,valid,current,11.256976533333331,STA2285,AWS Batur Dieng,-7.20399,109.91158,2078.0,Kab. Banjarnegara,11.71,11.49,100.0,100.0,False,0.0,41.24,0.0,800.5902,11.71,-1.6599999999999984,-1.709999999999999,0.0999999999999943,0.0,0.3025000000000091,6,10.0,10.0,11.49,99.93333333333334,0.0,0.0,,,,,,,
2026-09-24T22:10:00+07:00,2026-09-24T22:16:22.438831+07:00,valid,current,6.373980516666666,STA2285,AWS Batur Dieng,-7.20399,109.91158,2078.0,Kab. Banjarnegara,11.79,11.49,100.0,100.0,False,0.0,81.1,0.0,800.5913,11.79,-1.16,-1.2599999999999998,0.0,0.0,0.2105999999999994,6,10.0,10.0,11.49,100.0,0.0,0.0,,,,,,,
2026-09-24T22:20:00+07:00,2026-09-24T22:31:25.045045+07:00,valid,current,11.417417416666666,STA2285,AWS Batur Dieng,-7.20399,109.91158,2078.0,Kab. Banjarnegara,11.74,11.43,100.0,100.0,False,0.0,20.11,0.0,800.5682,11.739999999999997,-0.9399999999999996,-1.120000000000001,0.0,0.0,0.0268000000000938,6,10.0,10.0,11.43,100.0,0.0,0.0,,,,,,,
2026-09-24T22:40:00+07:00,2026-09-24T22:46:19.798905+07:00,valid,current,6.32998175,STA2285,AWS Batur Dieng,-7.20399,109.91158,2078.0,Kab. Banjarnegara,11.22,10.95,100.0,100.0,False,0.0,274.3,0.0,800.3275,11.22,-0.92,-1.040000000000001,0.0,0.0,-0.2735000000000127,6,10.0,10.0,10.95,100.0,0.0,0.0,,,,,,,
2026-09-24T22:50:00+07:00,2026-09-24T23:01:21.474253+07:00,valid,current,11.357904216666666,STA2285,AWS Batur Dieng,-7.20399,109.91158,2078.0,Kab. Banjarnegara,10.73,10.48,100.0,100.0,False,0.0,284.7,0.0,800.3266,10.73,-0.9800000000000004,-1.0099999999999998,0.0,0.0,-0.2635999999999967,6,10.0,10.0,10.48,100.0,0.0,0.0,,,,,,,
2026-09-24T23:10:00+07:00,2026-09-24T23:16:13.583983+07:00,valid,current,6.226399716666666,STA2285,AWS Batur Dieng,-7.20399,109.91158,2078.0,Kab. Banjarnegara,10.31,10.15,100.0,100.0,False,0.0,32.29,0.0,800.2778,10.31,-1.4799999999999986,-1.34,0.0,0.0,-0.31350000000009,6,10.0,10.0,10.15,100.0,0.0,0.0,,,,,,,
2026-09-24T23:20:00+07:00,2026-09-24T23:31:18.752495+07:00,valid,current,11.312541583333331,STA2285,AWS Batur Dieng,-7.20399,109.91158,2078.0,Kab. Banjarnegara,10.9,10.15,100.0,100.0,False,0.0,45.45,0.0,800.1646,10.9,-0.8399999999999999,-1.2799999999999994,0.0,0.0,-0.4036000000000967,6,10.0,10.0,10.15,100.0,0.0,0.0,,,,,,,
2026-09-24T23:40:00+07:00,2026-09-24T23:46:10.223382+07:00,valid,current,6.1703897,STA2285,AWS Batur Dieng,-7.20399,109.91158,2078.0,Kab. Banjarnegara,10.82,9.98,100.0,100.0,False,0.0,29.38,0.0,800.1265,10.82,-0.4000000000000003,-0.9699999999999988,0.0,0.0,-0.2010000000000218,6,10.0,10.0,9.98,100.0,0.0,0.0,,,,,,,
2026-09-24T23:50:00+07:00,2026-09-25T00:05:07.754148+07:00,valid,current,15.1292358,STA2285,AWS Batur Dieng,-7.20399,109.91158,2078.0,Kab. Banjarnegara,9.95,9.83,100.0,100.0,False,0.0,116.4,0.0,799.9965,9.95,-0.7800000000000011,-0.6500000000000004,0.0,0.0,-0.3301000000000158,6,10.0,10.0,9.83,100.0,0.0,0.0,,,,,,,
2026-09-25T00:10:00+07:00,2026-09-25T00:16:10.297148+07:00,valid,current,6.1716191333333335,STA2285,AWS Batur Dieng,-7.20399,109.91158,2078.0,Kab. Banjarnegara,9.35,9.12,100.0,100.0,False,0.0,91.4,0.0,799.813,9.35,-0.9600000000000009,-1.0300000000000011,0.0,0.0,-0.4647999999999683,6,10.0,10.0,9.12,100.0,0.0,0.0,,,,,,,
2026-09-25T00:20:00+07:00,2026-09-25T00:31:16.584675+07:00,valid,current,11.27641125,STA2285,AWS Batur Dieng,-7.20399,109.91158,2078.0,Kab. Banjarnegara,9.31,9.12,100.0,100.0,False,0.0,107.4,0.0,799.7735,9.31,-1.59,-1.0300000000000011,0.0,0.0,-0.3910999999999376,6,10.0,10.0,9.12,100.0,0.0,0.0,,,,,,,
2026-09-25T00:40:00+07:00,2026-09-25T00:46:19.959468+07:00,valid,current,6.332657800000001,STA2285,AWS Batur Dieng,-7.20399,109.91158,2078.0,Kab. Banjarnegara,8.9,8.71,100.0,100.0,False,0.0,107.3,0.0,799.6533,8.9,-1.92,-1.2699999999999996,0.0,0.0,-0.4732000000000198,6,10.0,10.0,8.71,100.0,0.0,0.0,,,,,,,
2026-09-25T00:50:00+07:00,2026-09-25T01:01:06.039455+07:00,valid,current,11.100657583333334,STA2285,AWS Batur Dieng,-7.20399,109.91158,2078.0,Kab. Banjarnegara,8.83,8.28,100.0,100.0,False,0.0,130.2,0.0,799.5926,8.83,-1.1199999999999992,-1.5500000000000007,0.0,0.0,-0.4039000000000214,6,10.0,10.0,8.28,100.0,0.0,0.0,,,,,,,
2026-09-25T01:10:00+07:00,2026-09-25T01:16:17.852654+07:00,valid,current,6.2975442333333325,STA2285,AWS Batur Dieng,-7.20399,109.91158,2078.0,Kab. Banjarnegara,8.52,8.11,100.0,100.0,False,0.0,222.9,0.0,799.303,8.52,-0.8300000000000001,-1.0099999999999998,0.0,0.0,-0.5099999999999909,6,10.0,10.0,8.11,100.0,0.0,0.0,,,,,,,
2026-09-25T01:20:00+07:00,2026-09-25T01:31:13.051468+07:00,valid,current,11.217524466666667,STA2285,AWS Batur Dieng,-7.20399,109.91158,2078.0,Kab. Banjarnegara,8.21,7.981,100.0,100.0,False,0.0,152.4,0.0,799.213,8.21,-1.0999999999999996,-1.1389999999999991,0.0,0.0,-0.5605000000000473,6,10.0,10.0,7.981,100.0,0.0,0.0,,,,,,,
2026-09-25T01:40:00+07:00,2026-09-25T01:46:23.929779+07:00,valid,current,6.39882965,STA2285,AWS Batur Dieng,-7.20399,109.91158,2078.0,Kab. Banjarnegara,8.88,7.981,100.0,100.0,False,0.0,153.2,0.0,799.0871,8.880000000000003,-0.0199999999999995,-0.729000000000001,0.0,0.0,-0.5661999999999807,6,10.0,10.0,7.981,100.0,0.0,0.0,,,,,,,
2026-09-25T01:50:00+07:00,2026-09-25T02:01:14.456450+07:00,valid,current,11.240940833333331,STA2285,AWS Batur Dieng,-7.20399,109.91158,2078.0,Kab. Banjarnegara,8.25,7.943,100.0,100.0,False,0.0,190.7,0.0,799.0309,8.25,-0.5800000000000001,-0.3369999999999997,0.0,0.0,-0.5616999999999734,6,10.0,10.0,7.943,100.0,0.0,0.0,,,,,,,
2026-09-25T02:10:00+07:00,2026-09-25T02:16:13.079714+07:00,valid,current,6.217995233333334,STA2285,AWS Batur Dieng,-7.20399,109.91158,2078.0,Kab. Banjarnegara,8.13,7.844,100.0,100.0,False,0.0,84.8,0.0,799.0228,8.130000000000003,-0.3899999999999988,-0.2659999999999991,0.0,0.0,-0.2802000000000362,6,10.0,10.0,7.844,100.0,0.0,0.0,,,,,,,
2026-09-25T02:20:00+07:00,2026-09-25T02:31:11.152497+07:00,valid,current,11.18587495,STA2285,AWS Batur Dieng,-7.20399,109.91158,2078.0,Kab. Banjarnegara,8.58,7.844,100.0,100.0,False,0.0,158.2,0.0,799.0226,8.58,0.3699999999999992,-0.1369999999999995,0.0,0.0,-0.1903999999999541,6,10.0,10.0,7.844,100.0,0.0,0.0,,,,,,,
2026-09-25T02:40:00+07:00,2026-09-25T02:46:23.813137+07:00,valid,current,6.396885616666666,STA2285,AWS Batur Dieng,-7.20399,109.91158,2078.0,Kab. Banjarnegara,7.866,7.613,100.0,100.0,False,0.0,280.9,0.0,798.9845,7.866,-1.0140000000000011,-0.3679999999999994,0.0,0.0,-0.1025999999999385,6,10.0,10.0,7.613,100.0,0.0,0.0,,,,,,,
2026-09-25T02:50:00+07:00,2026-09-25T03:01:17.646269+07:00,valid,current,11.294104483333332,STA2285,AWS Batur Dieng,-7.20399,109.91158,2078.0,Kab. Banjarnegara,7.773,7.613,100.0,100.0,False,0.0,109.6,0.0,798.9783,7.772999999999999,-0.4770000000000003,-0.3299999999999992,0.0,0.0,-0.0525999999999839,6,10.0,10.0,7.613,100.0,0.0,0.0,,,,,,,
2026-09-25T03:10:00+07:00,2026-09-25T03:16:27.751981+07:00,valid,current,6.462533016666667,STA2285,AWS Batur Dieng,-7.20399,109.91158,2078.0,Kab. Banjarnegara,8.04,7.446,100.0,100.0,False,0.0,176.4,0.0,799.0211,8.039999999999997,-0.0900000000000016,-0.3980000000000006,0.0,0.0,-0.0016999999999143,6,10.0,10.0,7.446,100.0,0.0,0.0,,,,,,,
2026-09-25T03:20:00+07:00,2026-09-25T03:31:05.902778+07:00,valid,current,11.098379633333334,STA2285,AWS Batur Dieng,-7.20399,109.91158,2078.0,Kab. Banjarnegara,8.3,7.446,100.0,100.0,False,0.0,209.7,0.0,799.0202,8.3,-0.2799999999999993,-0.3980000000000006,0.0,0.0,-0.0023999999999659,6,10.0,10.0,7.446,100.0,0.0,0.0,,,,,,,
2026-09-25T03:40:00+07:00,2026-09-25T03:46:30.153214+07:00,valid,current,6.502553566666666,STA2285,AWS Batur Dieng,-7.20399,109.91158,2078.0,Kab. Banjarnegara,7.521,7.406,100.0,100.0,False,0.0,155.9,0.0,799.023,7.521,-0.3449999999999997,-0.2070000000000007,0.0,0.0,0.038499999999999,6,10.0,10.0,7.406,100.0,0.0,0.0,,,,,,,
2026-09-25T03:50:00+07:00,2026-09-25T04:01:17.711715+07:00,valid,current,11.29519525,STA2285,AWS Batur Dieng,-7.20399,109.91158,2078.0,Kab. Banjarnegara,7.624,7.406,100.0,100.0,False,0.0,67.45,0.0,799.0207,7.624,-0.149,-0.2070000000000007,0.0,0.0,0.0424000000000432,6,10.0,10.0,7.406,100.0,0.0,0.0,,,,,,,
2026-09-25T04:10:00+07:00,2026-09-25T04:16:16.165971+07:00,valid,current,6.26943285,STA2285,AWS Batur Dieng,-7.20399,109.91158,2078.0,Kab. Banjarnegara,7.447,7.334,100.0,100.0,False,0.0,46.48,0.0,799.0218,7.447,-0.5929999999999991,-0.1120000000000001,0.0,0.0,0.0006999999999379,6,10.0,10.0,7.334,100.0,0.0,0.0,,,,,,,
2026-09-25T04:20:00+07:00,2026-09-25T04:31:15.093871+07:00,valid,current,11.251564516666669,STA2285,AWS Batur Dieng,-7.20399,109.91158,2078.0,Kab. Banjarnegara,7.996,7.334,100.0,100.0,False,0.0,37.46,0.0,799.0206,7.996000000000001,-0.3040000000000002,-0.1120000000000001,0.0,0.0,0.0003999999998995,6,10.0,10.0,7.334,100.0,0.0,0.0,,,,,,,
2026-09-25T04:40:00+07:00,2026-09-25T04:46:01.033745+07:00,valid,current,6.0172290833333335,STA2285,AWS Batur Dieng,-7.20399,109.91158,2078.0,Kab. Banjarnegara,7.753,7.334,100.0,100.0,False,0.0,77.91,0.0,799.1777,7.752999999999997,0.2320000000000002,-0.072,0.0,0.0,0.1546999999999343,6,10.0,10.0,7.334,100.0,0.0,0.0,,,,,,,
2026-09-25T04:50:00+07:00,2026-09-25T05:01:35.583287+07:00,valid,current,11.593054783333336,STA2285,AWS Batur Dieng,-7.20399,109.91158,2078.0,Kab. Banjarnegara,7.879,7.334,100.0,100.0,False,0.0,230.0,0.0,799.1781,7.879,0.2549999999999999,-0.072,0.0,0.0,0.1573999999999387,6,10.0,10.0,7.334,100.0,0.0,0.0,,,,,,,
2026-09-25T05:10:00+07:00,2026-09-25T05:16:12.970867+07:00,valid,current,6.216181116666666,STA2285,AWS Batur Dieng,-7.20399,109.91158,2078.0,Kab. Banjarnegara,7.598,7.086,100.0,100.0,False,0.0,141.3,0.0,799.3282,7.598,0.1509999999999998,-0.2479999999999993,0.0,0.0,0.3064000000000533,6,10.0,10.0,7.086,100.0,0.0,0.0,,,,,,,
2026-09-25T05:20:00+07:00,2026-09-25T05:31:21.232113+07:00,valid,current,11.35386855,STA2285,AWS Batur Dieng,-7.20399,109.91158,2078.0,Kab. Banjarnegara,7.529,7.086,100.0,100.0,False,0.0,59.58,0.0,799.4694,7.529,-0.4670000000000005,-0.2479999999999993,0.0,0.0,0.4488000000000056,6,10.0,10.0,7.086,100.0,0.0,0.0,,,,,,,
2026-09-25T05:40:00+07:00,2026-09-25T05:46:16.162754+07:00,valid,current,6.269379233333334,STA2285,AWS Batur Dieng,-7.20399,109.91158,2078.0,Kab. Banjarnegara,7.13,6.983,100.0,100.0,False,0.0,89.7,0.0,799.6457,7.130000000000001,-0.6230000000000002,-0.351,0.0,0.0,0.4680000000000746,6,10.0,10.0,6.983,100.0,0.0,0.0,,,,,,,
2026-09-25T05:50:00+07:00,2026-09-25T06:01:12.780455+07:00,valid,current,11.213007583333331,STA2285,AWS Batur Dieng,-7.20399,109.91158,2078.0,Kab. Banjarnegara,7.735,6.983,100.0,100.0,False,0.0,160.9,0.0,799.6446,7.734999999999999,-0.1439999999999992,-0.351,0.0,0.0,0.4664999999999963,6,10.0,10.0,6.983,100.0,0.0,0.0,,,,,,,
2026-09-25T06:10:00+07:00,2026-09-25T06:16:24.858876+07:00,valid,current,6.4143146,STA2285,AWS Batur Dieng,-7.20399,109.91158,2078.0,Kab. Banjarnegara,7.643,6.983,100.0,100.0,False,0.0,251.1,0.0,799.8964,7.643000000000001,0.0449999999999999,-0.1030000000000006,0.0,0.0,0.5681999999999334,6,10.0,10.0,6.983,100.0,0.0,0.0,,,,,,,
2026-09-25T06:20:00+07:00,2026-09-25T06:31:15.527085+07:00,valid,current,11.25878475,STA2285,AWS Batur Dieng,-7.20399,109.91158,2078.0,Kab. Banjarnegara,8.41,6.983,100.0,100.0,False,0.0,239.0,0.0,800.0409,8.41,0.8810000000000002,-0.1030000000000006,0.0,0.0,0.5715000000000146,6,10.0,10.0,6.983,100.0,0.0,0.0,,,,,,,
2026-09-25T06:40:00+07:00,2026-09-25T06:46:14.560543+07:00,valid,current,6.242675716666667,STA2285,AWS Batur Dieng,-7.20399,109.91158,2078.0,Kab. Banjarnegara,11.54,6.983,100.0,100.0,False,0.0,324.2,0.0,800.1839,11.54,4.409999999999999,0.0,0.0,0.0,0.5381999999999607,6,10.0,10.0,6.983,100.0,0.0,0.0,,,,,,,
2026-09-25T06:50:00+07:00,2026-09-25T07:01:17.303579+07:00,partial,current,11.288392983333331,STA2285,AWS Batur Dieng,-7.20399,109.91158,,Kab. Banjarnegara,,,,,False,,,,,,,,,,,6,10.0,10.0,6.983,100.0,0.0,0.0,9.0,9.0,9.0,9.0,9.0,9.0,9.0
2026-09-25T07:10:00+07:00,2026-09-25T07:16:23.574690+07:00,valid,current,6.392911499999999,STA2285,AWS Batur Dieng,-7.20399,109.91158,2078.0,Kab. Banjarnegara,16.24,15.37,100.0,100.0,False,0.0,113.4,0.0,800.4774,16.240000000000002,8.596999999999998,8.387,0.0,0.0,0.5810000000000173,6,10.0,10.0,6.983,100.0,0.0,0.0,,,,,,,
2026-09-25T07:20:00+07:00,2026-09-25T07:31:09.494124+07:00,valid,current,11.1582354,STA2285,AWS Batur Dieng,-7.20399,109.91158,2078.0,Kab. Banjarnegara,17.44,15.37,99.9,99.9,False,0.0,105.0,0.0,800.4826,17.424153523876416,9.03,8.387,-0.0999999999999943,0.0,0.4417000000000826,6,10.0,10.0,6.983,99.98333333333332,0.0,0.0,,,,,,,
2026-09-25T07:40:00+07:00,2026-09-25T07:46:05.207009+07:00,valid,current,6.086783483333334,STA2285,AWS Batur Dieng,-7.20399,109.91158,2078.0,Kab. Banjarnegara,18.79,15.37,80.4,80.4,False,0.0,144.1,0.0,800.741,15.34454769171815,7.25,8.387,-19.599999999999994,0.0,0.5570999999999913,6,10.0,10.0,6.983,96.16666666666669,0.0,0.0,,,,,,,
2026-09-25T07:50:00+07:00,2026-09-25T08:01:13.785351+07:00,valid,current,11.22975585,STA2285,AWS Batur Dieng,-7.20399,109.91158,2078.0,Kab. Banjarnegara,18.63,15.37,66.85,66.85,False,0.0,127.0,0.0,800.8118,12.347271488266763,5.879999999999999,8.387,-33.150000000000006,0.0,0.5143999999999096,6,10.0,10.0,6.983,90.64166666666668,0.0,0.0,,,,,,,
2026-09-25T08:10:00+07:00,2026-09-25T08:16:09.195769+07:00,valid,current,6.1532628166666665,STA2285,AWS Batur Dieng,-7.20399,109.91158,2078.0,Kab. Banjarnegara,19.38,15.37,58.58,58.58,False,0.0,124.1,0.0,800.9665,11.055472911153744,3.140000000000001,0.0,-41.42,0.0,0.4891000000000076,6,10.0,10.0,15.37,77.24,0.0,0.0,,,,,,,
2026-09-25T08:20:00+07:00,2026-09-25T08:31:08.352522+07:00,valid,current,11.1392087,STA2285,AWS Batur Dieng,-7.20399,109.91158,2078.0,Kab. Banjarnegara,19.57,15.37,56.49,56.49,False,0.027,131.5,0.0,801.0546,10.68643588546272,2.129999999999999,0.0,-43.41,0.027,0.5720000000000027,6,10.0,10.0,15.37,70.00500000000001,0.0045,0.027,,,,,,,
2026-09-25T08:40:00+07:00,2026-09-25T08:52:33.224399+07:00,valid,current,12.553739983333331,STA2285,AWS Batur Dieng,-7.20399,109.91158,2078.0,Kab. Banjarnegara,20.04,15.37,56.66,56.66,False,0.0,160.4,0.0,801.1206,11.17047276216383,1.25,0.0,-23.74000000000001,0.0,0.3795999999999822,6,10.0,10.0,15.37,59.26500000000001,0.0045,0.027,,,,,,,
2026-09-25T08:50:00+07:00,2026-09-25T09:01:27.687426+07:00,valid,current,11.4614571,STA2285,AWS Batur Dieng,-7.20399,109.91158,2078.0,Kab. Banjarnegara,20.55,15.37,56.11,56.11,False,0.0,190.1,0.0,801.1137,11.499009137041533,1.9200000000000017,0.0,-10.739999999999997,0.0,0.301900000000046,6,10.0,10.0,15.37,57.475,0.0045,0.027,,,,,,,
2026-09-25T09:10:00+07:00,2026-09-25T09:16:10.861846+07:00,valid,current,6.181030766666667,STA2285,AWS Batur Dieng,-7.20399,109.91158,2078.0,Kab. Banjarnegara,20.63,15.37,54.61,54.61,False,0.0,276.5,0.0,800.966,11.164179169646763,1.25,0.0,-3.969999999999999,0.0,-0.0004999999999881,6,10.0,10.0,15.37,55.821666666666665,0.0045,0.027,,,,,,,
2026-09-25T09:20:00+07:00,2026-09-25T09:31:13.741736+07:00,valid,current,11.229028933333332,STA2285,AWS Batur Dieng,-7.20399,109.91158,2078.0,Kab. Banjarnegara,20.98,15.37,55.0,55.0,False,0.621,276.5,0.0,800.9654,11.597155701563194,1.41,0.0,-1.490000000000002,0.594,-0.0892000000000052,6,10.0,10.0,15.37,55.57333333333333,0.1035,0.621,,,,,,,
2026-09-25T09:40:00+07:00,2026-09-25T09:46:14.415963+07:00,valid,current,6.24026605,STA2285,AWS Batur Dieng,-7.20399,109.91158,2078.0,Kab. Banjarnegara,20.7,15.37,56.01,56.01,False,1.138,260.7,0.0,800.8886,11.611874822930655,0.6600000000000001,0.0,-0.6499999999999986,1.138,-0.2319999999999709,6,10.0,10.0,15.37,55.26,0.5884999999999999,1.772,,,,,,,
2026-09-25T09:50:00+07:00,2026-09-25T10:01:20.719214+07:00,valid,current,11.345320233333332,STA2285,AWS Batur Dieng,-7.20399,109.91158,2078.0,Kab. Banjarnegara,20.49,15.37,57.45,57.45,False,0.272,264.9,0.0,800.8142,11.800372244640345,-0.0600000000000022,0.0,1.3400000000000034,0.272,-0.2994999999999663,6,10.0,10.0,15.37,55.48333333333334,0.6338333333333334,1.772,,,,,,,
2026-09-25T10:10:00+07:00,2026-09-25T10:16:13.247727+07:00,valid,current,6.22079545,STA2285,AWS Batur Dieng,-7.20399,109.91158,2078.0,Kab. Banjarnegara,19.68,15.37,58.11,58.11,False,1.211,82.3,0.0,800.9464,11.215102419725609,-0.9499999999999992,0.0,3.5,1.211,-0.0195999999999685,6,10.0,10.0,15.37,56.15500000000001,0.9848333333333334,1.772,,,,,,,
2026-09-25T10:40:00+07:00,2026-09-25T10:46:18.010612+07:00,valid,current,6.300176866666666,STA2285,AWS Batur Dieng,-7.20399,109.91158,2078.0,Kab. Banjarnegara,20.37,15.37,58.52,58.52,False,0.706,101.7,0.0,800.777,11.9679902940681,-0.3299999999999983,0.0,2.510000000000005,-0.4319999999999999,-0.111599999999953,6,10.0,10.0,15.37,57.99166666666667,1.0165,1.881,,,,,,,
2026-09-25T10:50:00+07:00,2026-09-25T11:01:17.593853+07:00,valid,current,11.293230883333331,STA2285,AWS Batur Dieng,-7.20399,109.91158,2078.0,Kab. Banjarnegara,19.54,15.37,69.48,69.48,False,2.038,127.5,0.0,800.6262,13.80693203996182,-0.9499999999999992,0.0,12.03,1.7659999999999998,-0.1879999999999881,6,10.0,10.0,15.37,59.99666666666667,1.3108333333333333,2.038,,,,,,,
2026-09-25T11:10:00+07:00,2026-09-25T11:16:22.577437+07:00,valid,current,6.376290616666666,STA2285,AWS Batur Dieng,-7.20399,109.91158,2078.0,Kab. Banjarnegara,18.63,15.37,78.13,78.13,False,0.89,121.2,0.0,800.4886,14.743660860639435,-1.0500000000000007,0.0,20.02,-0.321,-0.4578000000000202,6,10.0,10.0,15.37,66.52833333333334,1.5233333333333334,2.491,,,,,,,
2026-09-25T11:20:00+07:00,2026-09-25T11:31:04.190740+07:00,valid,current,11.069845666666668,STA2285,AWS Batur Dieng,-7.20399,109.91158,2078.0,Kab. Banjarnegara,18.54,15.37,77.49,77.49,False,1.027,76.9,0.0,800.4869,14.52886338928935,-1.3100000000000025,0.0,17.479999999999997,-0.1069999999999999,-0.338799999999992,6,10.0,10.0,15.37,69.44166666666668,1.5054999999999998,2.491,,,,,,,
2026-09-25T11:40:00+07:00,2026-09-25T11:46:15.347005+07:00,valid,current,6.255783416666668,STA2285,AWS Batur Dieng,-7.20399,109.91158,2078.0,Kab. Banjarnegara,18.48,15.37,79.28,79.28,False,1.42,85.7,0.0,800.2115,14.82470219513517,-1.8900000000000008,0.0,20.76,0.714,-0.5655000000000427,6,10.0,10.0,15.37,75.83166666666666,1.3203333333333334,2.491,,,,,,,
2026-09-25T11:50:00+07:00,2026-09-25T12:01:16.112322+07:00,valid,current,11.2685387,STA2285,AWS Batur Dieng,-7.20399,109.91158,2078.0,Kab. Banjarnegara,18.4,15.37,82.2,82.2,False,0.654,154.1,0.0,800.1689,15.309267373298956,-1.1400000000000006,0.0,12.72,-1.384,-0.457300000000032,6,10.0,10.0,15.37,77.95166666666667,1.0896666666666668,2.491,,,,,,,
2026-09-25T12:10:00+07:00,2026-09-25T12:16:20.520095+07:00,valid,current,6.342001583333333,STA2285,AWS Batur Dieng,-7.20399,109.91158,2078.0,Kab. Banjarnegara,18.53,15.37,84.0,84.0,False,1.837,241.0,0.0,799.9086,15.774502338436736,-0.0999999999999978,0.0,5.8700000000000045,0.947,-0.5800000000000409,6,10.0,10.0,15.37,80.28666666666668,0.9473333333333334,1.837,,,,,,,
2026-09-25T12:20:00+07:00,2026-09-25T12:31:15.982401+07:00,valid,current,11.26637335,STA2285,AWS Batur Dieng,-7.20399,109.91158,2078.0,Kab. Banjarnegara,19.21,15.37,81.7,81.7,False,1.706,315.0,0.0,799.7906,16.004585303017862,0.6700000000000017,0.0,4.210000000000008,0.679,-0.6962999999999511,6,10.0,10.0,15.37,80.98833333333333,1.0605,1.837,,,,,,,
2026-09-25T12:40:00+07:00,2026-09-25T12:46:11.736829+07:00,valid,current,6.1956138166666666,STA2285,AWS Batur Dieng,-7.20399,109.91158,2078.0,Kab. Banjarnegara,18.24,15.37,80.4,80.4,False,2.446,249.3,0.0,799.6954,14.808912677993971,-0.240000000000002,0.0,1.1200000000000043,1.0260000000000002,-0.5161000000000513,6,10.0,10.0,15.37,81.72833333333334,1.6313333333333333,2.455,,,,,,,
2026-09-25T12:50:00+07:00,2026-09-25T13:01:29.776603+07:00,valid,current,11.496276716666667,STA2285,AWS Batur Dieng,-7.20399,109.91158,2078.0,Kab. Banjarnegara,17.79,15.37,84.8,84.8,False,2.613,313.7,0.0,799.6503,15.197470026834774,-0.6099999999999994,0.0,2.5999999999999943,1.959,-0.5185999999999922,6,10.0,10.0,15.37,82.16166666666668,1.957833333333333,2.613,,,,,,,
2026-09-25T13:10:00+07:00,2026-09-25T13:16:09.943948+07:00,valid,current,6.165732466666666,STA2285,AWS Batur Dieng,-7.20399,109.91158,2078.0,Kab. Banjarnegara,17.57,15.37,86.5,86.5,False,1.849,322.6,0.0,799.4027,15.290679656317833,-0.9600000000000009,0.0,2.5,0.012,-0.5058999999999969,6,10.0,10.0,15.37,82.845,2.1411666666666664,2.613,,,,,,,
2026-09-25T13:20:00+07:00,2026-09-25T13:31:19.122177+07:00,valid,current,11.31870295,STA2285,AWS Batur Dieng,-7.20399,109.91158,2078.0,Kab. Banjarnegara,18.06,15.37,84.7,84.7,False,1.901,307.2,0.0,799.3763,15.44372099332879,-1.150000000000002,0.0,3.0,0.195,-0.4143000000000256,6,10.0,10.0,15.37,83.345,2.173666666666666,2.613,,,,,,,
2026-09-25T13:40:00+07:00,2026-09-25T13:46:04.207256+07:00,valid,current,6.070120933333333,STA2285,AWS Batur Dieng,-7.20399,109.91158,2078.0,Kab. Banjarnegara,17.5,15.37,84.1,84.1,False,1.605,270.3,0.0,799.195,14.784508926040168,-0.7399999999999984,0.0,3.6999999999999886,-0.8410000000000002,-0.5003999999998996,6,10.0,10.0,15.37,84.63333333333333,2.0690000000000004,2.668,,,,,,,
2026-09-25T13:50:00+07:00,2026-09-25T14:01:47.085475+07:00,valid,current,11.784757916666669,STA2285,AWS Batur Dieng,-7.20399,109.91158,2078.0,Kab. Banjarnegara,18.36,15.37,81.6,81.6,False,2.451,282.1,0.0,799.0681,15.156142121922787,0.5700000000000003,0.0,-3.200000000000003,-0.1619999999999999,-0.5822000000000571,6,10.0,10.0,15.37,84.10000000000001,2.0420000000000003,2.668,,,,,,,
2026-09-25T14:10:00+07:00,2026-09-25T14:16:15.017812+07:00,valid,current,6.250296866666667,STA2285,AWS Batur Dieng,-7.20399,109.91158,2078.0,Kab. Banjarnegara,18.76,15.37,74.93,74.93,False,0.723,234.7,0.0,799.0553,14.222060836042486,1.1900000000000013,0.0,-11.569999999999991,-1.126,-0.3473999999999932,6,10.0,10.0,15.37,80.89666666666668,1.7155000000000002,2.668,,,,,,,
2026-09-25T14:20:00+07:00,2026-09-25T14:31:09.136544+07:00,valid,current,11.152275733333331,STA2285,AWS Batur Dieng,-7.20399,109.91158,2078.0,Kab. Banjarnegara,18.16,15.37,77.48,77.48,False,0.158,105.1,0.0,798.9216,14.15842683138455,0.1000000000000014,0.0,-7.219999999999999,-1.743,-0.4547000000000025,6,10.0,10.0,15.37,79.69333333333334,1.425,2.668,,,,,,,
2026-09-25T14:40:00+07:00,2026-09-25T14:46:11.881810+07:00,valid,current,6.198030166666666,STA2285,AWS Batur Dieng,-7.20399,109.91158,2078.0,Kab. Banjarnegara,17.32,15.37,83.1,83.1,False,0.283,240.9,0.0,798.9128,14.423000539817062,-0.1799999999999997,0.0,-1.0,-1.322,-0.2822000000001026,6,10.0,10.0,15.37,79.24333333333334,0.7871666666666668,2.451,,,,,,,
2026-09-25T14:50:00+07:00,2026-09-25T15:01:08.281996+07:00,valid,current,11.138033266666667,STA2285,AWS Batur Dieng,-7.20399,109.91158,2078.0,Kab. Banjarnegara,17.4,15.37,84.4,84.4,False,0.0,202.1,0.0,798.7743,14.741809811025638,-0.9600000000000009,0.0,2.800000000000012,-2.451,-0.2937999999999192,6,10.0,10.0,15.37,79.71,0.3786666666666666,0.945,,,,,,,
2026-09-25T15:10:00+07:00,2026-09-25T15:16:10.893924+07:00,valid,current,6.1815654,STA2285,AWS Batur Dieng,-7.20399,109.91158,2078.0,Kab. Banjarnegara,17.43,15.37,83.5,83.5,False,0.79,158.6,0.0,798.6464,14.604957835767651,-1.3300000000000018,0.0,8.569999999999993,0.067,-0.4089000000000169,6,10.0,10.0,15.37,82.31333333333333,0.2608333333333333,0.79,,,,,,,
2026-09-25T15:20:00+07:00,2026-09-25T15:31:51.762665+07:00,valid,current,11.862711083333332,STA2285,AWS Batur Dieng,-7.20399,109.91158,2078.0,Kab. Banjarnegara,17.93,15.37,81.8,81.8,False,1.424,143.2,0.0,798.6234,14.77458945135707,-0.2300000000000004,0.0,4.319999999999993,1.266,-0.2982000000000653,6,10.0,10.0,15.37,83.03333333333333,0.4718333333333333,1.424,,,,,,,
2026-09-25T15:40:00+07:00,2026-09-25T15:46:34.619175+07:00,valid,current,6.57698625,STA2285,AWS Batur Dieng,-7.20399,109.91158,2078.0,Kab. Banjarnegara,17.25,15.37,84.6,84.6,False,2.645,139.5,0.0,798.561,14.631535986694493,-0.0700000000000002,0.0,1.5,2.362,-0.3517999999999119,6,10.0,10.0,15.37,83.36666666666667,1.3088333333333333,2.823,,,,,,,
2026-09-25T15:50:00+07:00,2026-09-25T16:01:15.039177+07:00,valid,current,11.25065295,STA2285,AWS Batur Dieng,-7.20399,109.91158,2078.0,Kab. Banjarnegara,17.07,15.37,87.1,87.1,False,3.276,139.1,0.0,798.4809,14.906705425513056,-0.3299999999999983,0.0,2.6999999999999886,3.276,-0.2934000000000196,6,10.0,10.0,15.37,83.81666666666666,1.854833333333333,3.276,,,,,,,
2026-09-25T16:00:00+07:00,2026-09-25T16:16:09.343454+07:00,valid,current,16.155724233333334,STA2285,AWS Batur Dieng,-7.20399,109.91158,2078.0,Kab. Banjarnegara,17.14,15.37,88.4,88.4,False,1.347,129.4,0.0,798.5446,15.205995779296977,-0.1999999999999993,0.0,4.5,1.176,-0.2052000000001044,6,10.0,10.0,15.37,84.56666666666666,2.0508333333333333,3.276,,,,,,,
2026-09-25T16:20:00+07:00,2026-09-25T16:31:14.507452+07:00,valid,current,11.241790866666664,STA2285,AWS Batur Dieng,-7.20399,109.91158,2078.0,Kab. Banjarnegara,17.0,15.37,88.7,88.7,False,2.02,136.8,0.0,798.6183,15.120769727178676,-0.9299999999999996,0.0,6.900000000000006,0.5960000000000001,-0.0050999999999703,6,10.0,10.0,15.37,86.18333333333334,2.316,3.276,,,,,,,
2026-09-25T16:40:00+07:00,2026-09-25T16:46:05.480973+07:00,valid,current,6.09134955,STA2285,AWS Batur Dieng,-7.20399,109.91158,2078.0,Kab. Banjarnegara,16.87,15.37,90.2,90.2,False,0.264,118.1,0.0,798.6078,15.253558450258122,-0.379999999999999,0.0,5.6000000000000085,-2.381,0.0467999999999619,6,10.0,10.0,15.37,88.41666666666667,1.5616666666666663,3.276,,,,,,,
2026-09-25T16:50:00+07:00,2026-09-25T17:01:15.741337+07:00,valid,current,11.262355616666667,STA2285,AWS Batur Dieng,-7.20399,109.91158,2078.0,Kab. Banjarnegara,16.74,15.37,91.1,91.1,False,1.827,99.5,0.0,798.6066,15.27974053100962,-0.3300000000000018,0.0,4.0,-1.4489999999999998,0.1256999999999379,6,10.0,10.0,15.37,89.08333333333333,1.3201666666666665,2.02,,,,,,,
2026-09-25T17:20:00+07:00,2026-09-25T17:31:14.752607+07:00,valid,current,11.245876783333332,STA2285,AWS Batur Dieng,-7.20399,109.91158,2078.0,Kab. Banjarnegara,16.46,15.37,93.7,93.7,False,0.337,165.5,0.0,798.8988,15.441048950952068,-0.5399999999999991,0.0,5.0,-1.683,0.2805000000000746,6,10.0,10.0,15.37,91.85,0.8954999999999999,1.827,,,,,,,
2026-09-25T17:40:00+07:00,2026-09-25T17:46:16.586272+07:00,valid,current,6.276437866666667,STA2285,AWS Batur Dieng,-7.20399,109.91158,2078.0,Kab. Banjarnegara,16.0,15.99,63.89,63.89,False,0.0,135.9,0.0,799.0532,9.167141147136824,-0.870000000000001,0.620000000000001,-26.31,-0.264,0.4453999999999496,6,10.0,10.0,15.37,88.26499999999999,0.8823333333333331,1.827,,,,,,,
2026-09-25T17:50:00+07:00,2026-09-25T18:00:58.793869+07:00,valid,current,10.979897816666666,STA2285,AWS Batur Dieng,-7.20399,109.91158,2078.0,Kab. Banjarnegara,16.04,15.97,89.2,89.2,False,1.129,111.0,0.0,799.0527,14.261416852381828,-0.6999999999999993,0.6000000000000014,-1.899999999999992,-0.698,0.4461000000000013,6,10.0,10.0,15.37,87.94833333333334,0.766,1.323,,,,,,,
2026-09-25T18:10:00+07:00,2026-09-25T18:16:17.708799+07:00,valid,current,6.29514665,STA2285,AWS Batur Dieng,-7.20399,109.91158,2078.0,Kab. Banjarnegara,15.78,15.73,95.6,95.6,False,0.714,147.3,0.0,799.2112,15.07822690253019,-0.7999999999999989,0.3600000000000012,2.1999999999999886,-0.609,0.4069999999999254,6,10.0,10.0,15.37,88.765,0.5583333333333332,1.129,,,,,,,
2026-09-25T18:20:00+07:00,2026-09-25T18:31:15.312171+07:00,valid,current,11.25520285,STA2285,AWS Batur Dieng,-7.20399,109.91158,2078.0,Kab. Banjarnegara,15.7,15.42,95.4,95.4,False,0.304,137.5,0.0,799.0954,14.966111300215164,-0.7600000000000016,0.0500000000000007,1.7000000000000028,-0.033,0.1965999999999894,6,10.0,10.0,15.37,89.04833333333333,0.5528333333333333,1.129,,,,,,,
2026-09-25T18:40:00+07:00,2026-09-25T18:46:12.511053+07:00,valid,current,6.20851755,STA2285,AWS Batur Dieng,-7.20399,109.91158,2078.0,Kab. Banjarnegara,15.45,15.39,97.0,97.0,False,0.292,117.7,0.0,799.5267,14.975756167821624,-0.5500000000000007,-0.5999999999999996,33.11,0.292,0.4735000000000582,6,10.0,10.0,15.39,94.81666666666666,0.4676666666666666,1.129,,,,,,,
2026-09-25T18:50:00+07:00,2026-09-25T19:01:26.249177+07:00,valid,current,11.437486283333334,STA2285,AWS Batur Dieng,-7.20399,109.91158,2078.0,Kab. Banjarnegara,15.42,15.39,97.0,97.0,False,1.626,112.0,0.0,799.5633,14.945866140673008,-0.6199999999999992,-0.5800000000000001,7.799999999999997,0.4969999999999999,0.5106000000000677,6,10.0,10.0,15.39,96.11666666666667,0.5505,1.626,,,,,,,
2026-09-25T19:10:00+07:00,2026-09-25T19:22:16.417642+07:00,valid,current,12.273627366666666,STA2285,AWS Batur Dieng,-7.20399,109.91158,2078.0,Kab. Banjarnegara,14.79,14.71,95.2,95.2,False,0.667,129.2,0.0,799.6743,14.028876651567984,-0.9900000000000002,-1.0199999999999996,-0.3999999999999915,-0.0469999999999999,0.463100000000054,6,10.0,10.0,14.71,96.03333333333336,0.547,1.626,,,,,,,
2026-09-25T19:20:00+07:00,2026-09-25T19:31:16.637310+07:00,valid,current,11.2772885,STA2285,AWS Batur Dieng,-7.20399,109.91158,2078.0,Kab. Banjarnegara,15.0,14.71,94.3,94.3,False,1.819,126.9,0.0,799.8182,14.090942873047736,-0.6999999999999993,-0.7099999999999991,-1.1000000000000083,1.515,0.7228000000000065,6,10.0,10.0,14.71,95.85,0.7995,1.819,,,,,,,
2026-09-25T19:40:00+07:00,2026-09-25T19:46:14.814734+07:00,valid,current,6.246912233333333,STA2285,AWS Batur Dieng,-7.20399,109.91158,2078.0,Kab. Banjarnegara,14.49,14.27,93.7,93.7,False,0.11,147.2,0.0,799.969,13.48643109129748,-0.9599999999999992,-1.120000000000001,-3.299999999999997,-0.182,0.4423000000000456,6,10.0,10.0,14.27,94.81666666666666,0.9361666666666668,1.819,,,,,,,
2026-09-25T19:50:00+07:00,2026-09-25T20:01:15.813538+07:00,valid,current,11.263558966666666,STA2285,AWS Batur Dieng,-7.20399,109.91158,2078.0,Kab. Banjarnegara,14.47,14.27,94.7,94.7,False,0.0,151.9,0.0,800.1286,13.629748838173366,-0.9499999999999992,-1.120000000000001,-2.299999999999997,-1.626,0.5652999999999793,6,10.0,10.0,14.27,94.43333333333334,0.6651666666666667,1.819,,,,,,,
2026-09-25T20:10:00+07:00,2026-09-25T20:16:12.684835+07:00,valid,current,6.211413916666667,STA2285,AWS Batur Dieng,-7.20399,109.91158,2078.0,Kab. Banjarnegara,14.53,14.27,93.3,93.3,False,0.0,116.9,0.0,800.1441,13.460395087494906,-0.2599999999999998,-0.4400000000000013,-1.9000000000000057,-0.667,0.4697999999999638,6,10.0,10.0,14.27,93.91666666666669,0.4985,1.819,,,,,,,
2026-09-25T20:20:00+07:00,2026-09-25T20:31:24.571529+07:00,valid,current,11.409525483333336,STA2285,AWS Batur Dieng,-7.20399,109.91158,2078.0,Kab. Banjarnegara,14.1,13.93,93.4,93.4,False,0.0,116.6,0.0,800.1442,13.050355776978964,-0.9000000000000004,-0.7800000000000011,-0.8999999999999915,-1.819,0.3259999999999081,6,10.0,10.0,13.93,93.76666666666668,0.1953333333333333,1.062,,,,,,,
2026-09-25T20:40:00+07:00,2026-09-25T20:46:19.065534+07:00,valid,current,6.3177589,STA2285,AWS Batur Dieng,-7.20399,109.91158,2078.0,Kab. Banjarnegara,12.98,12.51,94.6,94.6,False,0.0,181.6,0.0,800.2926,12.133367793933916,-1.5099999999999998,-1.7599999999999998,0.8999999999999915,-0.11,0.3235999999999421,6,10.0,10.0,12.51,93.96666666666668,0.0,0.0,,,,,,,
2026-09-25T20:50:00+07:00,2026-09-25T21:01:19.667668+07:00,valid,current,11.327794466666669,STA2285,AWS Batur Dieng,-7.20399,109.91158,2078.0,Kab. Banjarnegara,12.47,12.28,95.8,95.8,False,0.0,201.4,0.0,800.2925,11.817723037885507,-2.0,-1.99,1.0999999999999943,0.0,0.1639000000000123,6,10.0,10.0,12.28,94.15,0.0,0.0,,,,,,,
2026-09-25T21:10:00+07:00,2026-09-25T21:16:17.557820+07:00,valid,current,6.292630333333333,STA2285,AWS Batur Dieng,-7.20399,109.91158,2078.0,Kab. Banjarnegara,12.2,12.03,98.2,98.2,False,0.0,92.3,0.0,800.3692,11.924049241249012,-2.33,-2.24,4.900000000000006,0.0,0.2250999999999976,6,10.0,10.0,12.03,95.43333333333334,0.0,0.0,,,,,,,
2026-09-25T21:20:00+07:00,2026-09-25T21:31:15.769878+07:00,valid,current,11.262831299999998,STA2285,AWS Batur Dieng,-7.20399,109.91158,2078.0,Kab. Banjarnegara,12.4,11.96,99.1,99.1,False,0.0,148.7,0.0,800.4474,12.262361142864732,-1.6999999999999993,-1.9699999999999989,5.699999999999989,0.0,0.3032000000000607,6,10.0,10.0,11.96,96.38333333333333,0.0,0.0,,,,,,,
2026-09-25T21:40:00+07:00,2026-09-25T21:46:14.702527+07:00,valid,current,6.245042116666666,STA2285,AWS Batur Dieng,-7.20399,109.91158,2078.0,Kab. Banjarnegara,13.38,11.96,99.8,99.8,False,0.0,108.7,0.0,800.2895,13.349273752934328,0.4000000000000003,-0.5499999999999989,5.200000000000003,0.0,-0.0031000000000176,6,10.0,10.0,11.96,98.25,0.0,0.0,,,,,,,
2026-09-25T21:50:00+07:00,2026-09-25T22:01:15.919362+07:00,valid,current,11.2653227,STA2285,AWS Batur Dieng,-7.20399,109.91158,2078.0,Kab. Banjarnegara,12.8,11.96,98.9,98.9,False,0.0,171.9,0.0,800.2894,12.63109771469716,0.33,-0.3199999999999985,3.1000000000000085,0.0,-0.0031000000000176,6,10.0,10.0,11.96,98.76666666666668,0.0,0.0,,,,,,,
2026-09-25T22:10:00+07:00,2026-09-25T22:16:10.867529+07:00,valid,current,6.181125483333333,STA2285,AWS Batur Dieng,-7.20399,109.91158,2078.0,Kab. Banjarnegara,12.76,11.96,99.5,99.5,False,0.0,180.9,0.0,800.221,12.683454047941336,0.5600000000000005,-0.0699999999999985,1.2999999999999972,0.0,-0.1481999999999743,6,10.0,10.0,11.96,99.4,0.0,0.0,,,,,,,
2026-09-25T22:20:00+07:00,2026-09-25T22:31:12.678854+07:00,valid,current,11.211314233333333,STA2285,AWS Batur Dieng,-7.20399,109.91158,2078.0,Kab. Banjarnegara,11.98,11.58,99.0,99.0,False,0.0,159.5,0.0,800.1906,11.827502614651252,-0.4199999999999999,-0.3800000000000008,-0.0999999999999943,0.0,-0.2567999999999983,6,10.0,10.0,11.58,99.38333333333334,0.0,0.0,,,,,,,
2026-09-25T22:40:00+07:00,2026-09-25T22:46:16.055850+07:00,valid,current,6.2675975,STA2285,AWS Batur Dieng,-7.20399,109.91158,2078.0,Kab. Banjarnegara,11.49,11.35,99.8,99.8,False,0.0,249.6,0.0,800.1361,11.459725006036548,-1.8900000000000008,-0.6100000000000012,0.0,0.0,-0.1533999999999196,6,10.0,10.0,11.35,99.41666666666669,0.0,0.0,,,,,,,
2026-09-25T22:50:00+07:00,2026-09-25T23:01:12.721834+07:00,valid,current,11.212030566666666,STA2285,AWS Batur Dieng,-7.20399,109.91158,2078.0,Kab. Banjarnegara,11.22,10.81,100.0,100.0,False,0.0,73.23,0.0,800.1366,11.22,-1.58,-1.1500000000000004,1.0999999999999943,0.0,-0.1527999999999565,6,10.0,10.0,10.81,99.6,0.0,0.0,,,,,,,
2026-09-25T23:10:00+07:00,2026-09-25T23:16:21.122355+07:00,valid,current,6.352039250000001,STA2285,AWS Batur Dieng,-7.20399,109.91158,2078.0,Kab. Banjarnegara,11.13,10.33,100.0,100.0,False,0.0,150.7,0.0,800.137,11.13,-1.629999999999999,-1.6300000000000008,0.5,0.0,-0.08400000000006,6,10.0,10.0,10.33,99.71666666666664,0.0,0.0,,,,,,,
2026-09-25T23:20:00+07:00,2026-09-25T23:31:08.706944+07:00,valid,current,11.145115733333334,STA2285,AWS Batur Dieng,-7.20399,109.91158,2078.0,Kab. Banjarnegara,10.99,10.33,100.0,100.0,False,0.0,230.8,0.0,800.0046,10.989999999999998,-0.9900000000000002,-1.25,1.0,0.0,-0.1860000000000354,6,10.0,10.0,10.33,99.88333333333333,0.0,0.0,,,,,,,
2026-09-25T23:40:00+07:00,2026-09-25T23:46:03.562563+07:00,valid,current,6.05937605,STA2285,AWS Batur Dieng,-7.20399,109.91158,2078.0,Kab. Banjarnegara,9.74,9.64,100.0,100.0,False,0.0,107.3,0.0,799.7648,9.739999999999998,-1.75,-1.709999999999999,0.2000000000000028,0.0,-0.3713000000000193,6,10.0,10.0,9.64,99.96666666666664,0.0,0.0,,,,,,,
2026-09-25T23:50:00+07:00,2026-09-26T00:01:11.340279+07:00,valid,current,11.18900465,STA2285,AWS Batur Dieng,-7.20399,109.91158,2078.0,Kab. Banjarnegara,10.34,9.64,100.0,100.0,False,0.0,103.9,0.0,799.6627,10.340000000000002,-0.8800000000000008,-1.17,0.0,0.0,-0.4739000000000715,6,10.0,10.0,9.64,99.96666666666664,0.0,0.0,,,,,,,
2026-09-26T00:10:00+07:00,2026-09-26T00:22:53.458298+07:00,valid,current,12.890971633333333,STA2285,AWS Batur Dieng,-7.20399,109.91158,2078.0,Kab. Banjarnegara,10.42,9.64,100.0,100.0,False,0.0,145.8,0.0,799.5553,10.42,-0.7100000000000009,-0.6899999999999995,0.0,0.0,-0.5816999999999553,6,10.0,10.0,9.64,100.0,0.0,0.0,,,,,,,
2026-09-26T00:20:00+07:00,2026-09-26T00:31:20.108030+07:00,valid,current,11.335133833333334,STA2285,AWS Batur Dieng,-7.20399,109.91158,2078.0,Kab. Banjarnegara,9.61,9.33,100.0,100.0,False,0.0,108.9,0.0,799.5104,9.61,-1.3800000000000008,-1.0,0.0,0.0,-0.494199999999978,6,10.0,10.0,9.33,100.0,0.0,0.0,,,,,,,
2026-09-26T00:40:00+07:00,2026-09-26T00:46:10.848585+07:00,valid,current,6.18080975,STA2285,AWS Batur Dieng,-7.20399,109.91158,2078.0,Kab. Banjarnegara,9.8,9.33,100.0,100.0,False,0.0,70.91,0.0,799.1923,9.8,0.0600000000000005,-0.3100000000000005,0.0,0.0,-0.5724999999999909,6,10.0,10.0,9.33,100.0,0.0,0.0,,,,,,,
2026-09-26T01:10:00+07:00,2026-09-26T01:16:08.860772+07:00,valid,current,6.147679533333333,STA2285,AWS Batur Dieng,-7.20399,109.91158,2078.0,Kab. Banjarnegara,8.87,8.56,100.0,100.0,False,0.0,89.3,0.0,799.0348,8.87,-1.5500000000000007,-1.08,0.0,0.0,-0.52049999999997,6,10.0,10.0,8.56,100.0,0.0,0.0,,,,,,,
2026-09-26T01:20:00+07:00,2026-09-26T01:31:06.295275+07:00,valid,current,11.10492125,STA2285,AWS Batur Dieng,-7.20399,109.91158,2078.0,Kab. Banjarnegara,8.7,8.44,100.0,100.0,False,0.0,89.3,0.0,799.0341,8.7,-0.91,-0.8900000000000006,0.0,0.0,-0.4763000000000374,6,10.0,10.0,8.44,100.0,0.0,0.0,,,,,,,
2026-09-26T01:40:00+07:00,2026-09-26T01:46:13.531346+07:00,valid,current,6.225522433333333,STA2285,AWS Batur Dieng,-7.20399,109.91158,2078.0,Kab. Banjarnegara,8.48,8.18,100.0,100.0,False,0.0,79.24,0.0,799.0338,8.479999999999999,-1.3200000000000005,-1.1500000000000004,0.0,0.0,-0.1585000000000036,6,10.0,10.0,8.18,100.0,0.0,0.0,,,,,,,
2026-09-26T01:50:00+07:00,2026-09-26T02:01:09.490543+07:00,valid,current,11.158175716666667,STA2285,AWS Batur Dieng,-7.20399,109.91158,2078.0,Kab. Banjarnegara,8.33,8.1,100.0,100.0,False,0.0,64.34,0.0,798.9496,8.329999999999998,-1.5299999999999994,-1.2300000000000004,0.0,0.0,-0.243099999999913,6,10.0,10.0,8.1,100.0,0.0,0.0,,,,,,,
2026-09-26T02:10:00+07:00,2026-09-26T02:16:13.385574+07:00,valid,current,6.2230929,STA2285,AWS Batur Dieng,-7.20399,109.91158,2078.0,Kab. Banjarnegara,7.984,7.577,100.0,100.0,False,0.0,75.9,0.0,798.7323,7.983999999999999,-0.8859999999999992,-0.9830000000000004,0.0,0.0,-0.3025000000000091,6,10.0,10.0,7.577,100.0,0.0,0.0,,,,,,,
2026-09-26T02:20:00+07:00,2026-09-26T02:31:04.581739+07:00,valid,current,11.076362316666666,STA2285,AWS Batur Dieng,-7.20399,109.91158,2078.0,Kab. Banjarnegara,7.981,7.577,100.0,100.0,False,0.0,63.15,0.0,798.6466,7.980999999999998,-0.7189999999999994,-0.8629999999999995,0.0,0.0,-0.3874999999999318,6,10.0,10.0,7.577,100.0,0.0,0.0,,,,,,,
2026-09-26T02:40:00+07:00,2026-09-26T02:46:15.434374+07:00,valid,current,6.257239566666667,STA2285,AWS Batur Dieng,-7.20399,109.91158,2078.0,Kab. Banjarnegara,7.573,7.472,100.0,100.0,False,0.0,64.46,0.0,798.5798,7.573,-0.907,-0.7079999999999993,0.0,0.0,-0.4540000000000646,6,10.0,10.0,7.472,100.0,0.0,0.0,,,,,,,
2026-09-26T02:50:00+07:00,2026-09-26T03:01:17.182120+07:00,valid,current,11.286368666666668,STA2285,AWS Batur Dieng,-7.20399,109.91158,2078.0,Kab. Banjarnegara,7.664,7.425,100.0,100.0,False,0.0,64.44,0.0,798.5786,7.6640000000000015,-0.6660000000000004,-0.6749999999999998,0.0,0.0,-0.3709999999999809,6,10.0,10.0,7.425,100.0,0.0,0.0,,,,,,,
2026-09-26T03:10:00+07:00,2026-09-26T03:16:13.033154+07:00,valid,current,6.217219233333334,STA2285,AWS Batur Dieng,-7.20399,109.91158,2078.0,Kab. Banjarnegara,7.099,6.87,100.0,100.0,False,0.0,76.66,0.0,798.578,7.098999999999999,-0.8849999999999998,-0.7069999999999999,0.0,0.0,-0.1543000000000347,6,10.0,10.0,6.87,100.0,0.0,0.0,,,,,,,
2026-09-26T03:20:00+07:00,2026-09-26T03:31:05.195679+07:00,valid,current,11.08659465,STA2285,AWS Batur Dieng,-7.20399,109.91158,2078.0,Kab. Banjarnegara,7.532,6.87,100.0,100.0,False,0.0,109.9,0.0,798.5789,7.531999999999999,-0.4489999999999998,-0.7069999999999999,0.0,0.0,-0.0677000000000589,6,10.0,10.0,6.87,100.0,0.0,0.0,,,,,,,
2026-09-26T03:30:00+07:00,2026-09-26T03:36:35.787431+07:00,valid,current,6.596457183333333,STA2285,AWS Batur Dieng,-7.20399,109.91158,2078.0,Kab. Banjarnegara,7.146,6.65,100.0,100.0,False,0.0,109.3,0.0,798.6515,7.146000000000001,-0.8159999999999998,-0.9269999999999996,0.0,0.0,0.0718000000000529,6,10.0,10.0,6.65,100.0,0.0,0.0,,,,,,,
2026-09-26T03:40:00+07:00,2026-09-26T03:46:10.448726+07:00,valid,current,6.174145433333334,STA2285,AWS Batur Dieng,-7.20399,109.91158,2078.0,Kab. Banjarnegara,7.274,6.65,100.0,100.0,False,0.0,125.7,0.0,798.7247,7.274,-0.2990000000000004,-0.8220000000000001,0.0,0.0,0.1449000000000069,6,10.0,10.0,6.65,100.0,0.0,0.0,,,,,,,
2026-09-26T03:50:00+07:00,2026-09-26T04:01:08.052816+07:00,valid,current,11.1342136,STA2285,AWS Batur Dieng,-7.20399,109.91158,2078.0,Kab. Banjarnegara,7.585,6.65,100.0,100.0,False,0.0,97.2,0.0,798.7247,7.584999999999999,-0.0789999999999997,-0.7749999999999995,0.0,0.0,0.146099999999933,6,10.0,10.0,6.65,100.0,0.0,0.0,,,,,,,
2026-09-26T04:20:00+07:00,2026-09-26T04:31:17.025769+07:00,valid,current,11.283762816666666,STA2285,AWS Batur Dieng,-7.20399,109.91158,2078.0,Kab. Banjarnegara,7.416,6.65,100.0,100.0,False,0.0,160.0,0.0,798.9962,7.415999999999999,-0.1159999999999996,-0.2199999999999997,0.0,0.0,0.4173000000000684,6,10.0,10.0,6.65,100.0,0.0,0.0,,,,,,,
2026-09-26T04:40:00+07:00,2026-09-26T04:46:15.253976+07:00,valid,current,6.254232933333333,STA2285,AWS Batur Dieng,-7.20399,109.91158,2078.0,Kab. Banjarnegara,8.25,6.65,100.0,100.0,False,0.0,141.3,0.0,799.0184,8.25,0.976,0.0,0.0,0.0,0.293700000000058,6,10.0,10.0,6.65,100.0,0.0,0.0,,,,,,,
2026-09-26T04:50:00+07:00,2026-09-26T05:01:07.880345+07:00,valid,current,11.131339083333334,STA2285,AWS Batur Dieng,-7.20399,109.91158,2078.0,Kab. Banjarnegara,8.69,6.65,100.0,100.0,False,0.0,159.5,0.0,799.0514,8.69,1.1049999999999995,0.0,0.0,0.0,0.3266999999999598,6,10.0,10.0,6.65,100.0,0.0,0.0,,,,,,,
2026-09-26T05:10:00+07:00,2026-09-26T05:16:24.240494+07:00,valid,current,6.404008233333333,STA2285,AWS Batur Dieng,-7.20399,109.91158,2078.0,Kab. Banjarnegara,8.91,6.65,100.0,100.0,False,0.0,120.1,0.0,799.2079,8.91,1.17,0.0,0.0,0.0,0.3374000000000023,6,10.0,10.0,6.65,100.0,0.0,0.0,,,,,,,
2026-09-26T05:20:00+07:00,2026-09-26T05:31:14.763841+07:00,valid,current,11.246064016666669,STA2285,AWS Batur Dieng,-7.20399,109.91158,2078.0,Kab. Banjarnegara,8.87,6.65,100.0,100.0,False,0.0,116.3,0.0,799.336,8.87,1.4539999999999988,0.0,0.0,0.0,0.3397999999999683,6,10.0,10.0,6.65,100.0,0.0,0.0,,,,,,,
2026-09-26T05:40:00+07:00,2026-09-26T05:46:16.747447+07:00,valid,current,6.279124116666667,STA2285,AWS Batur Dieng,-7.20399,109.91158,2078.0,Kab. Banjarnegara,8.7,6.65,100.0,100.0,False,0.0,100.8,0.0,799.647,8.7,0.4499999999999993,0.0,0.0,0.0,0.6286000000000058,6,10.0,10.0,6.65,100.0,0.0,0.0,,,,,,,
2026-09-26T05:50:00+07:00,2026-09-26T06:01:14.990716+07:00,valid,current,11.249845266666666,STA2285,AWS Batur Dieng,-7.20399,109.91158,2078.0,Kab. Banjarnegara,8.48,6.65,100.0,100.0,False,0.0,123.4,0.0,799.6485,8.479999999999999,-0.209999999999999,0.0,0.0,0.0,0.5971000000000686,6,10.0,10.0,6.65,100.0,0.0,0.0,,,,,,,
2026-09-26T06:10:00+07:00,2026-09-26T06:16:05.747131+07:00,valid,current,6.095785516666667,STA2285,AWS Batur Dieng,-7.20399,109.91158,2078.0,Kab. Banjarnegara,8.36,6.65,100.0,100.0,False,0.0,102.5,0.0,799.6526,8.36,-0.5500000000000007,0.0,0.0,0.0,0.4447000000000116,6,10.0,10.0,6.65,100.0,0.0,0.0,,,,,,,
2026-09-26T06:20:00+07:00,2026-09-26T06:32:21.255705+07:00,valid,current,12.35426175,STA2285,AWS Batur Dieng,-7.20399,109.91158,2078.0,Kab. Banjarnegara,9.48,6.65,100.0,100.0,False,0.0,99.8,0.0,799.7658,9.480000000000002,0.6100000000000012,0.0,0.0,0.0,0.4298000000000002,6,10.0,10.0,6.65,100.0,0.0,0.0,,,,,,,
2026-09-26T06:40:00+07:00,2026-09-26T06:46:15.014189+07:00,valid,current,6.2502364833333335,STA2285,AWS Batur Dieng,-7.20399,109.91158,2078.0,Kab. Banjarnegara,11.74,6.65,100.0,100.0,False,0.0,79.03,0.0,800.0427,11.739999999999997,3.040000000000001,0.0,0.0,0.0,0.3956999999999198,6,10.0,10.0,6.65,100.0,0.0,0.0,,,,,,,
2026-09-26T06:50:00+07:00,2026-09-26T07:01:00.448042+07:00,partial,current,11.007467366666669,STA2285,AWS Batur Dieng,-7.20399,109.91158,,Kab. Banjarnegara,,,,,False,,,,,,,,,,,6,10.0,10.0,6.65,100.0,0.0,0.0,9.0,9.0,9.0,9.0,9.0,9.0,9.0
2026-09-26T07:10:00+07:00,2026-09-26T07:15:55.872202+07:00,valid,current,5.931203366666667,STA2285,AWS Batur Dieng,-7.20399,109.91158,2078.0,Kab. Banjarnegara,15.08,14.17,100.0,100.0,False,0.0,131.7,0.0,800.1679,15.080000000000004,6.720000000000001,7.52,0.0,0.0,0.5153000000000247,6,10.0,10.0,6.65,100.0,0.0,0.0,,,,,,,
2026-09-26T07:20:00+07:00,2026-09-26T07:31:09.611295+07:00,valid,current,11.16018825,STA2285,AWS Batur Dieng,-7.20399,109.91158,2078.0,Kab. Banjarnegara,16.9,14.17,99.8,99.8,False,0.0,135.7,0.0,800.1743,16.868424426924435,7.419999999999998,7.52,-0.2000000000000028,0.0,0.4085000000000036,6,10.0,10.0,6.65,99.96666666666664,0.0,0.0,,,,,,,
2026-09-26T07:40:00+07:00,2026-09-26T07:46:10.992348+07:00,valid,current,6.1832058,STA2285,AWS Batur Dieng,-7.20399,109.91158,2078.0,Kab. Banjarnegara,17.64,14.17,75.57,75.57,False,0.0,138.8,0.0,800.4506,13.27084277233928,5.9,7.52,-24.430000000000007,0.0,0.4079000000000405,6,10.0,10.0,6.65,94.01166666666666,0.0,0.0,,,,,,,
2026-09-26T07:50:00+07:00,2026-09-26T08:01:09.843374+07:00,valid,current,11.164056233333334,STA2285,AWS Batur Dieng,-7.20399,109.91158,2078.0,Kab. Banjarnegara,18.08,14.17,68.56,68.56,False,0.0,113.1,0.0,800.5751,12.206922206426478,5.389999999999999,7.52,-31.44,0.0,0.5190999999999804,6,10.0,10.0,6.65,88.77166666666666,0.0,0.0,,,,,,,
2026-09-26T08:10:00+07:00,2026-09-26T08:16:55.353578+07:00,valid,current,6.922559633333334,STA2285,AWS Batur Dieng,-7.20399,109.91158,2078.0,Kab. Banjarnegara,18.9,14.17,60.4,60.4,False,0.0,86.6,0.0,800.8136,11.065775332435011,3.82,0.0,-39.6,0.0,0.6456999999999198,6,10.0,10.0,14.17,76.05999999999999,0.0,0.0,,,,,,,
2026-09-26T08:20:00+07:00,2026-09-26T08:31:49.174636+07:00,valid,current,11.819577266666666,STA2285,AWS Batur Dieng,-7.20399,109.91158,2078.0,Kab. Banjarnegara,18.95,14.17,58.96,58.96,False,0.0,96.6,0.0,800.8145,10.749486240385105,2.0500000000000007,0.0,-40.84,0.0,0.6401999999999362,6,10.0,10.0,14.17,69.25333333333332,0.0,0.0,,,,,,,
2026-09-26T08:40:00+07:00,2026-09-26T08:56:37.513716+07:00,valid,current,16.6252286,STA2285,AWS Batur Dieng,-7.20399,109.91158,2078.0,Kab. Banjarnegara,19.83,14.17,58.85,58.85,False,0.0,156.1,0.0,800.8206,11.546913255540916,2.1899999999999977,0.0,-16.71999999999999,0.0,0.3700000000000045,6,10.0,10.0,14.17,61.42833333333334,0.0,0.0,,,,,,,
2026-09-26T08:50:00+07:00,2026-09-26T09:01:46.776102+07:00,valid,current,11.7796017,STA2285,AWS Batur Dieng,-7.20399,109.91158,2078.0,Kab. Banjarnegara,19.41,14.17,62.29,62.29,False,0.0,202.5,0.0,800.8195,12.012758518191488,1.3300000000000018,0.0,-6.270000000000003,0.0,0.2443999999999277,6,10.0,10.0,14.17,60.38333333333333,0.0,0.0,,,,,,,
2026-09-26T09:10:00+07:00,2026-09-26T09:16:44.815133+07:00,valid,current,6.746918883333334,STA2285,AWS Batur Dieng,-7.20399,109.91158,2078.0,Kab. Banjarnegara,19.65,14.17,64.01,64.01,False,0.0,255.3,0.0,800.8187,12.654475633965363,0.75,0.0,3.610000000000007,0.0,0.005100000000084,6,10.0,10.0,14.17,60.48499999999999,0.0,0.0,,,,,,,
2026-09-26T09:20:00+07:00,2026-09-26T09:31:43.027633+07:00,valid,current,11.717127216666666,STA2285,AWS Batur Dieng,-7.20399,109.91158,2078.0,Kab. Banjarnegara,19.97,14.17,64.05,64.05,False,0.0,251.9,0.0,800.8196,12.967207113272863,1.0199999999999996,0.0,5.089999999999996,0.0,0.005100000000084,6,10.0,10.0,14.17,61.333333333333336,0.0,0.0,,,,,,,
2026-09-26T09:40:00+07:00,2026-09-26T09:46:58.521643+07:00,valid,current,6.975360716666667,STA2285,AWS Batur Dieng,-7.20399,109.91158,2078.0,Kab. Banjarnegara,18.47,14.17,73.86,73.86,False,0.171,241.3,0.0,800.8265,13.720471930202274,-1.3599999999999994,0.0,15.009999999999998,0.171,0.0058999999999969,6,10.0,10.0,14.17,65.485,0.0285,0.171,,,,,,,
2026-09-26T09:50:00+07:00,2026-09-26T10:01:47.213302+07:00,valid,current,11.786888366666666,STA2285,AWS Batur Dieng,-7.20399,109.91158,2078.0,Kab. Banjarnegara,18.26,14.17,75.13,75.13,False,0.03,229.4,0.0,800.8155,13.780265424200929,-1.1499999999999986,0.0,12.839999999999996,0.03,-0.0039999999999054,6,10.0,10.0,14.17,67.625,0.0335,0.171,,,,,,,
2026-09-26T10:10:00+07:00,2026-09-26T10:16:43.241585+07:00,valid,current,6.720693083333333,STA2285,AWS Batur Dieng,-7.20399,109.91158,2078.0,Kab. Banjarnegara,17.76,14.17,83.2,83.2,False,0.075,274.7,0.0,800.7441,14.871929467480978,-1.889999999999997,0.0,19.19,0.075,-0.0746000000000322,6,10.0,10.0,14.17,74.31833333333334,0.0818333333333333,0.215,,,,,,,
2026-09-26T10:20:00+07:00,2026-09-26T10:31:48.017858+07:00,valid,current,11.800297633333336,STA2285,AWS Batur Dieng,-7.20399,109.91158,2078.0,Kab. Banjarnegara,18.45,14.17,80.8,80.8,False,0.0,186.8,0.0,800.5438,15.090604841889954,-1.5199999999999996,0.0,16.75,0.0,-0.2758000000000038,6,10.0,10.0,14.17,77.11,0.0818333333333333,0.215,,,,,,,
2026-09-26T10:40:00+07:00,2026-09-26T10:46:34.611006+07:00,valid,current,6.5768501,STA2285,AWS Batur Dieng,-7.20399,109.91158,2078.0,Kab. Banjarnegara,18.06,14.17,79.51,79.51,False,1.659,135.1,0.0,800.3234,14.46118612021018,-0.4100000000000001,0.0,5.650000000000006,1.488,-0.5031000000000176,6,10.0,10.0,14.17,79.15666666666667,0.4583333333333333,1.659,,,,,,,
2026-09-26T11:10:00+07:00,2026-09-26T11:16:34.692221+07:00,valid,current,6.578203683333333,STA2285,AWS Batur Dieng,-7.20399,109.91158,2078.0,Kab. Banjarnegara,17.28,14.17,88.9,88.9,False,1.034,142.8,0.0,800.1788,15.431857139484912,-0.4800000000000004,0.0,5.700000000000003,0.959,-0.5652999999999793,6,10.0,10.0,14.17,82.81833333333333,1.1303333333333332,2.243,,,,,,,
2026-09-26T11:20:00+07:00,2026-09-26T11:31:45.737497+07:00,valid,current,11.762291616666666,STA2285,AWS Batur Dieng,-7.20399,109.91158,2078.0,Kab. Banjarnegara,17.31,14.17,86.2,86.2,False,0.961,151.7,0.0,800.1356,14.981198001345524,-1.1400000000000006,0.0,5.400000000000006,0.961,-0.4082000000000789,6,10.0,10.0,14.17,83.71833333333333,1.2905,2.243,,,,,,,
2026-09-26T11:40:00+07:00,2026-09-26T11:46:42.999488+07:00,valid,current,6.7166581333333335,STA2285,AWS Batur Dieng,-7.20399,109.91158,2078.0,Kab. Banjarnegara,16.94,14.17,88.8,88.8,False,2.384,139.3,0.0,799.8639,15.079157801608536,-1.1199999999999974,0.0,9.289999999999992,0.7249999999999999,-0.4595000000000482,6,10.0,10.0,14.17,87.21666666666665,1.4631666666666667,2.384,,,,,,,
2026-09-26T11:50:00+07:00,2026-09-26T12:01:46.970038+07:00,valid,current,11.782833966666669,STA2285,AWS Batur Dieng,-7.20399,109.91158,2078.0,Kab. Banjarnegara,16.89,14.17,88.4,88.4,False,2.275,152.1,0.0,799.7502,14.95969687231453,-0.5399999999999991,0.0,3.200000000000003,1.2,-0.4912000000000489,6,10.0,10.0,14.17,87.75,1.663166666666667,2.384,,,,,,,
2026-09-26T12:20:00+07:00,2026-09-26T12:31:42.424308+07:00,valid,current,11.7070718,STA2285,AWS Batur Dieng,-7.20399,109.91158,2078.0,Kab. Banjarnegara,18.25,14.17,81.9,81.9,False,1.707,146.5,0.0,799.3214,15.105898531776749,0.9400000000000012,0.0,-4.299999999999997,0.7460000000000001,-0.8141999999999143,6,10.0,10.0,14.17,85.41666666666667,1.9286666666666668,2.384,,,,,,,
2026-09-26T12:40:00+07:00,2026-09-26T12:46:38.872744+07:00,valid,current,6.6478790666666665,STA2285,AWS Batur Dieng,-7.20399,109.91158,2078.0,Kab. Banjarnegara,17.79,14.17,80.9,80.9,False,0.206,222.3,0.0,799.101,14.466578355984035,0.8499999999999979,0.0,-7.899999999999991,-2.178,-0.7628999999999451,6,10.0,10.0,14.17,82.83333333333333,1.526333333333333,2.275,,,,,,,
2026-09-26T12:50:00+07:00,2026-09-26T13:02:11.653887+07:00,valid,current,12.19423145,STA2285,AWS Batur Dieng,-7.20399,109.91158,2078.0,Kab. Banjarnegara,17.79,14.17,79.5,79.5,False,0.297,214.5,0.0,799.0768,14.19663107636042,0.8999999999999986,0.0,-8.900000000000006,-1.978,-0.6733999999999014,6,10.0,10.0,14.17,81.35000000000001,1.1966666666666668,2.096,,,,,,,
2026-09-26T13:20:00+07:00,2026-09-26T13:31:55.880001+07:00,valid,current,11.93133335,STA2285,AWS Batur Dieng,-7.20399,109.91158,2078.0,Kab. Banjarnegara,18.81,14.17,76.04,76.04,False,0.577,176.9,0.0,798.705,14.497831934744804,0.5599999999999987,0.0,-5.859999999999999,-1.13,-0.6163999999999987,6,10.0,10.0,14.17,79.84,0.321,0.846,,,,,,,
2026-09-26T14:10:00+07:00,2026-09-26T14:16:55.448180+07:00,valid,current,6.924136333333333,STA2285,AWS Batur Dieng,-7.20399,109.91158,2078.0,Kab. Banjarnegara,17.89,14.17,82.5,82.5,False,2.729,130.7,0.0,798.2078,14.867799824498912,0.0500000000000007,0.0,1.4000000000000057,2.729,-0.7123000000000275,6,10.0,10.0,14.17,79.03833333333333,2.1801666666666666,3.116,,,,,,,
2026-09-26T14:20:00+07:00,2026-09-26T14:35:17.599504+07:00,valid,current,15.293325066666666,STA2285,AWS Batur Dieng,-7.20399,109.91158,2078.0,Kab. Banjarnegara,17.72,14.17,82.7,82.7,False,2.482,134.4,0.0,798.1564,14.73926949738436,-1.09,0.0,6.659999999999997,1.905,-0.5486000000000786,6,10.0,10.0,14.17,80.14833333333333,2.497666666666667,3.116,,,,,,,
2026-09-26T14:40:00+07:00,2026-09-26T14:46:49.947638+07:00,valid,current,6.832460633333333,STA2285,AWS Batur Dieng,-7.20399,109.91158,2078.0,Kab. Banjarnegara,17.58,14.17,83.4,83.4,False,3.563,129.5,0.0,797.9986,14.733131036691598,-1.2200000000000024,0.0,5.140000000000001,1.29,-0.5330000000000155,6,10.0,10.0,14.17,82.33333333333333,2.837333333333333,3.563,,,,,,,
2026-09-26T14:50:00+07:00,2026-09-26T15:01:48.069592+07:00,valid,current,11.801159866666666,STA2285,AWS Batur Dieng,-7.20399,109.91158,2078.0,Kab. Banjarnegara,18.27,14.17,83.4,83.4,False,2.039,128.1,0.0,797.7858,15.408119489929083,-0.0899999999999998,0.0,3.200000000000003,-0.1739999999999999,-0.6300999999999704,6,10.0,10.0,14.17,82.86666666666666,2.8083333333333336,3.563,,,,,,,
2026-09-26T15:10:00+07:00,2026-09-26T15:16:52.815457+07:00,valid,current,6.8802576166666665,STA2285,AWS Batur Dieng,-7.20399,109.91158,2078.0,Kab. Banjarnegara,17.66,14.17,84.0,84.0,False,1.919,118.8,0.0,797.6974,14.922705898342643,-0.2300000000000004,0.0,1.5,-0.81,-0.5104000000000042,6,10.0,10.0,14.17,82.89999999999999,2.478166666666667,3.563,,,,,,,
2026-09-26T15:20:00+07:00,2026-09-26T15:31:41.798531+07:00,valid,current,11.696642183333331,STA2285,AWS Batur Dieng,-7.20399,109.91158,2078.0,Kab. Banjarnegara,18.0,14.17,85.6,85.6,False,2.526,98.6,0.0,797.6386,15.54980972493715,0.2800000000000011,0.0,2.8999999999999915,0.0439999999999995,-0.5177999999999656,6,10.0,10.0,14.17,83.38333333333334,2.4855,3.563,,,,,,,
2026-09-26T15:40:00+07:00,2026-09-26T15:46:45.697521+07:00,valid,current,6.76162535,STA2285,AWS Batur Dieng,-7.20399,109.91158,2078.0,Kab. Banjarnegara,17.47,14.17,86.7,86.7,False,1.862,125.4,0.0,797.5671,15.22837822495138,-0.1099999999999994,0.0,3.299999999999997,-1.701,-0.4315000000000282,6,10.0,10.0,14.17,84.16666666666666,2.108,2.526,,,,,,,
2026-09-26T15:50:00+07:00,2026-09-26T16:01:48.030772+07:00,valid,current,11.800512866666669,STA2285,AWS Batur Dieng,-7.20399,109.91158,2078.0,Kab. Banjarnegara,17.37,14.17,88.8,88.8,False,0.676,105.7,0.0,797.5946,15.503019246431167,-0.8999999999999986,0.0,5.399999999999992,-1.363,-0.1911999999999807,6,10.0,10.0,14.17,85.06666666666666,1.8808333333333327,2.526,,,,,,,
2026-09-26T16:20:00+07:00,2026-09-26T16:31:44.555817+07:00,valid,current,11.74259695,STA2285,AWS Batur Dieng,-7.20399,109.91158,2078.0,Kab. Banjarnegara,17.37,14.17,89.2,89.2,False,0.269,131.5,0.0,797.6555,15.573172415029417,-0.629999999999999,0.0,3.6000000000000085,-2.257,0.0168999999999641,6,10.0,10.0,14.17,88.15000000000002,1.33,2.357,,,,,,,
2026-09-26T16:40:00+07:00,2026-09-26T16:46:37.744607+07:00,valid,current,6.629076783333333,STA2285,AWS Batur Dieng,-7.20399,109.91158,2078.0,Kab. Banjarnegara,17.72,14.17,85.9,85.9,False,0.64,127.9,0.0,797.5913,15.329548035483388,0.25,0.0,-0.7999999999999972,-1.222,0.0242000000000643,6,10.0,10.0,14.17,88.88333333333333,0.7334999999999999,1.444,,,,,,,
2026-09-26T16:50:00+07:00,2026-09-26T17:01:51.697216+07:00,valid,current,11.861620266666668,STA2285,AWS Batur Dieng,-7.20399,109.91158,2078.0,Kab. Banjarnegara,17.38,14.17,87.4,87.4,False,0.38,105.5,0.0,797.6859,15.2651131928745,0.009999999999998,0.0,-1.3999999999999917,-0.296,0.0912999999999328,6,10.0,10.0,14.17,88.64999999999999,0.6841666666666667,1.444,,,,,,,
2026-09-26T17:10:00+07:00,2026-09-26T17:16:42.857234+07:00,valid,current,6.714287233333334,STA2285,AWS Batur Dieng,-7.20399,109.91158,2078.0,Kab. Banjarnegara,16.72,14.17,89.5,89.5,False,0.534,160.0,0.0,797.8329,14.984274347749173,-0.7800000000000011,0.0,-0.4000000000000057,-0.91,0.1898999999999659,6,10.0,10.0,14.17,87.96666666666665,0.3038333333333333,0.64,,,,,,,
2026-09-26T17:20:00+07:00,2026-09-26T17:31:50.721225+07:00,valid,current,11.84535375,STA2285,AWS Batur Dieng,-7.20399,109.91158,2078.0,Kab. Banjarnegara,16.47,14.17,90.7,90.7,False,0.159,158.7,0.0,797.9258,14.944375973725274,-0.9000000000000021,0.0,1.5,-0.11,0.2703000000000202,6,10.0,10.0,14.17,88.21666666666665,0.2855,0.64,,,,,,,
2026-09-26T17:40:00+07:00,2026-09-26T17:46:33.450071+07:00,valid,current,6.557501183333333,STA2285,AWS Batur Dieng,-7.20399,109.91158,2078.0,Kab. Banjarnegara,15.8,14.17,95.4,95.4,False,1.438,131.7,0.0,797.9862,15.065544716836438,-1.9199999999999984,0.0,9.5,0.7979999999999999,0.3949000000000069,6,10.0,10.0,14.17,90.38333333333333,0.4185,1.438,,,,,,,
2026-09-26T18:10:00+07:00,2026-09-26T18:16:42.225167+07:00,valid,current,6.703752783333333,STA2285,AWS Batur Dieng,-7.20399,109.91158,2078.0,Kab. Banjarnegara,15.06,14.17,97.2,97.2,False,0.0,118.3,0.0,798.4026,14.619103229593833,-1.6599999999999984,0.0,7.700000000000003,-0.534,0.5697000000000116,6,10.0,10.0,14.17,94.60000000000002,0.3461666666666667,1.438,,,,,,,
2026-09-26T18:50:00+07:00,2026-09-26T19:01:48.324055+07:00,valid,current,11.805400916666668,STA2285,AWS Batur Dieng,-7.20399,109.91158,2078.0,Kab. Banjarnegara,14.24,13.99,99.4,99.4,False,0.0,147.0,0.0,798.6989,14.147037964520004,-1.6999999999999993,-0.1799999999999997,3.8000000000000114,-0.48,0.6039999999999281,6,10.0,10.0,13.99,98.06666666666666,0.0,0.0,,,,,,,
2026-09-26T19:10:00+07:00,2026-09-26T19:16:53.584544+07:00,valid,current,6.893075733333333,STA2285,AWS Batur Dieng,-7.20399,109.91158,2078.0,Kab. Banjarnegara,13.23,12.98,99.3,99.3,False,0.0,178.1,0.0,798.971,13.12234636413824,-1.83,-1.1899999999999995,2.0999999999999943,0.0,0.5683999999999969,6,10.0,10.0,12.98,98.98333333333332,0.0,0.0,,,,,,,
2026-09-26T19:20:00+07:00,2026-09-26T19:31:40.077948+07:00,valid,current,11.6679658,STA2285,AWS Batur Dieng,-7.20399,109.91158,2078.0,Kab. Banjarnegara,12.83,12.5,99.8,99.8,False,0.0,196.6,0.0,799.0475,12.799405414300502,-1.84,-1.67,2.0,0.0,0.6299999999999955,6,10.0,10.0,12.5,99.31666666666666,0.0,0.0,,,,,,,
2026-09-26T19:40:00+07:00,2026-09-26T19:47:23.356877+07:00,valid,current,7.389281283333333,STA2285,AWS Batur Dieng,-7.20399,109.91158,2078.0,Kab. Banjarnegara,12.05,11.84,100.0,100.0,False,0.0,160.6,0.0,799.0458,12.05,-2.389999999999999,-2.33,0.5999999999999943,0.0,0.4430999999999585,6,10.0,10.0,11.84,99.65,0.0,0.0,,,,,,,
2026-09-26T19:50:00+07:00,2026-09-26T20:01:57.640244+07:00,valid,current,11.960670733333334,STA2285,AWS Batur Dieng,-7.20399,109.91158,2078.0,Kab. Banjarnegara,11.78,11.71,100.0,100.0,False,0.0,247.4,0.0,799.1626,11.78,-2.460000000000001,-2.28,0.5999999999999943,0.0,0.4637000000000171,6,10.0,10.0,11.71,99.75,0.0,0.0,,,,,,,
2026-09-26T20:10:00+07:00,2026-09-26T20:16:50.564413+07:00,valid,current,6.842740216666667,STA2285,AWS Batur Dieng,-7.20399,109.91158,2078.0,Kab. Banjarnegara,11.56,11.15,100.0,100.0,False,0.0,154.2,0.0,799.3568,11.56,-1.67,-1.83,0.7000000000000028,0.0,0.3858000000000174,6,10.0,10.0,11.15,99.95,0.0,0.0,,,,,,,
2026-09-26T20:20:00+07:00,2026-09-26T20:31:41.701696+07:00,valid,current,11.695028266666666,STA2285,AWS Batur Dieng,-7.20399,109.91158,2078.0,Kab. Banjarnegara,11.0,10.92,100.0,100.0,False,0.0,154.0,0.0,799.5159,11.0,-1.83,-1.58,0.2000000000000028,0.0,0.4683999999999741,6,10.0,10.0,10.92,99.98333333333332,0.0,0.0,,,,,,,
2026-09-26T20:40:00+07:00,2026-09-26T20:46:37.124234+07:00,valid,current,6.618737233333333,STA2285,AWS Batur Dieng,-7.20399,109.91158,2078.0,Kab. Banjarnegara,10.46,10.03,100.0,100.0,False,0.0,279.7,0.0,799.662,10.46,-1.59,-1.8100000000000005,0.0,0.0,0.6162000000000489,6,10.0,10.0,10.03,100.0,0.0,0.0,,,,,,,
2026-09-26T20:50:00+07:00,2026-09-26T21:01:50.262760+07:00,valid,current,11.837712666666668,STA2285,AWS Batur Dieng,-7.20399,109.91158,2078.0,Kab. Banjarnegara,10.35,9.96,100.0,100.0,False,0.0,325.3,0.0,799.6613,10.35,-1.4299999999999995,-1.75,0.0,0.0,0.4986999999999852,6,10.0,10.0,9.96,100.0,0.0,0.0,,,,,,,
2026-09-26T21:10:00+07:00,2026-09-26T21:16:40.406766+07:00,valid,current,6.6734461000000005,STA2285,AWS Batur Dieng,-7.20399,109.91158,2078.0,Kab. Banjarnegara,9.64,9.46,100.0,100.0,False,0.0,157.5,0.0,799.659,9.64,-1.92,-1.6899999999999995,0.0,0.0,0.3021999999999707,6,10.0,10.0,9.46,100.0,0.0,0.0,,,,,,,
2026-09-26T21:20:00+07:00,2026-09-26T21:31:49.259442+07:00,valid,current,11.8209907,STA2285,AWS Batur Dieng,-7.20399,109.91158,2078.0,Kab. Banjarnegara,9.75,9.24,100.0,100.0,False,0.0,109.1,0.0,799.6583,9.749999999999998,-1.25,-1.6799999999999995,0.0,0.0,0.142400000000066,6,10.0,10.0,9.24,100.0,0.0,0.0,,,,,,,
2026-09-26T21:40:00+07:00,2026-09-26T21:46:54.177661+07:00,valid,current,6.902961016666667,STA2285,AWS Batur Dieng,-7.20399,109.91158,2078.0,Kab. Banjarnegara,8.94,8.6,100.0,100.0,False,0.0,151.8,0.0,799.6581,8.940000000000001,-1.5200000000000014,-1.4299999999999995,0.0,0.0,-0.0039000000000442,6,10.0,10.0,8.6,100.0,0.0,0.0,,,,,,,
2026-09-26T21:50:00+07:00,2026-09-26T22:01:46.336621+07:00,valid,current,11.772277016666669,STA2285,AWS Batur Dieng,-7.20399,109.91158,2078.0,Kab. Banjarnegara,9.03,8.6,100.0,100.0,False,0.0,265.9,0.0,799.6562,9.03,-1.3200000000000005,-1.3600000000000012,0.0,0.0,-0.0050999999999703,6,10.0,10.0,8.6,100.0,0.0,0.0,,,,,,,
2026-09-26T22:10:00+07:00,2026-09-26T22:16:40.797151+07:00,valid,current,6.679952516666666,STA2285,AWS Batur Dieng,-7.20399,109.91158,2078.0,Kab. Banjarnegara,8.69,8.45,100.0,100.0,False,0.0,266.0,0.0,799.7018,8.69,-0.9500000000000012,-1.0100000000000016,0.0,0.0,0.0428000000000565,6,10.0,10.0,8.45,100.0,0.0,0.0,,,,,,,
2026-09-26T22:20:00+07:00,2026-09-26T22:31:41.949589+07:00,valid,current,11.699159816666668,STA2285,AWS Batur Dieng,-7.20399,109.91158,2078.0,Kab. Banjarnegara,8.51,8.24,100.0,100.0,False,0.0,228.3,0.0,799.6538,8.510000000000002,-1.2400000000000002,-1.0,0.0,0.0,-0.0045000000000072,6,10.0,10.0,8.24,100.0,0.0,0.0,,,,,,,
2026-09-26T22:40:00+07:00,2026-09-26T22:46:53.116958+07:00,valid,current,6.8852826333333335,STA2285,AWS Batur Dieng,-7.20399,109.91158,2078.0,Kab. Banjarnegara,8.63,8.24,100.0,100.0,False,0.0,91.3,0.0,799.653,8.63,-0.3099999999999987,-0.3599999999999994,0.0,0.0,-0.0050999999999703,6,10.0,10.0,8.24,100.0,0.0,0.0,,,,,,,
2026-09-26T22:50:00+07:00,2026-09-26T23:01:49.413337+07:00,valid,current,11.823555616666663,STA2285,AWS Batur Dieng,-7.20399,109.91158,2078.0,Kab. Banjarnegara,8.96,8.24,100.0,100.0,False,0.0,146.7,0.0,799.6515,8.959999999999999,-0.0699999999999985,-0.3599999999999994,0.0,0.0,-0.004699999999957,6,10.0,10.0,8.24,100.0,0.0,0.0,,,,,,,
2026-09-26T23:10:00+07:00,2026-09-26T23:16:45.621701+07:00,valid,current,6.760361683333333,STA2285,AWS Batur Dieng,-7.20399,109.91158,2078.0,Kab. Banjarnegara,8.26,7.926,100.0,100.0,False,0.0,11.03,0.0,799.4605,8.260000000000002,-0.4299999999999997,-0.5239999999999991,0.0,0.0,-0.2413000000000238,6,10.0,10.0,7.926,100.0,0.0,0.0,,,,,,,
2026-09-26T23:20:00+07:00,2026-09-26T23:31:54.731681+07:00,valid,current,11.912194683333333,STA2285,AWS Batur Dieng,-7.20399,109.91158,2078.0,Kab. Banjarnegara,8.19,7.685,100.0,100.0,False,0.0,50.52,0.0,799.3868,8.190000000000001,-0.3200000000000003,-0.5550000000000006,0.0,0.0,-0.2670000000000527,6,10.0,10.0,7.685,100.0,0.0,0.0,,,,,,,
2026-09-26T23:30:00+07:00,2026-09-26T23:44:28.181724+07:00,valid,current,14.4696954,STA2285,AWS Batur Dieng,-7.20399,109.91158,2078.0,Kab. Banjarnegara,7.964,7.49,100.0,100.0,False,0.0,47.17,0.0,799.3863,7.964,-0.5060000000000002,-0.75,0.0,0.0,-0.2654999999999745,6,10.0,10.0,7.49,100.0,0.0,0.0,,,,,,,
2026-09-26T23:40:00+07:00,2026-09-26T23:46:58.378882+07:00,valid,current,6.972981366666667,STA2285,AWS Batur Dieng,-7.20399,109.91158,2078.0,Kab. Banjarnegara,7.907,7.49,100.0,100.0,False,0.0,51.92,0.0,799.1854,7.906999999999999,-0.7230000000000008,-0.75,0.0,0.0,-0.4676000000000613,6,10.0,10.0,7.49,100.0,0.0,0.0,,,,,,,
2026-09-26T23:50:00+07:00,2026-09-27T00:02:05.428923+07:00,valid,current,12.09048205,STA2285,AWS Batur Dieng,-7.20399,109.91158,2078.0,Kab. Banjarnegara,7.995,7.487,100.0,100.0,False,0.0,115.8,0.0,799.185,7.995,-0.9650000000000007,-0.7530000000000001,0.0,0.0,-0.46650000000011,6,10.0,10.0,7.487,100.0,0.0,0.0,,,,,,,
2026-09-27T00:10:00+07:00,2026-09-27T00:16:32.713967+07:00,valid,current,6.545232783333334,STA2285,AWS Batur Dieng,-7.20399,109.91158,2078.0,Kab. Banjarnegara,7.151,6.645,100.0,100.0,False,0.0,198.4,0.0,799.019,7.151,-1.109,-1.2810000000000006,0.0,0.0,-0.4415000000000191,6,10.0,10.0,6.645,100.0,0.0,0.0,,,,,,,
2026-09-27T00:20:00+07:00,2026-09-27T00:31:47.911811+07:00,valid,current,11.798530183333332,STA2285,AWS Batur Dieng,-7.20399,109.91158,2078.0,Kab. Banjarnegara,7.862,6.645,100.0,100.0,False,0.0,25.42,0.0,798.877,7.861999999999999,-0.3279999999999994,-1.04,0.0,0.0,-0.5098000000000411,6,10.0,10.0,6.645,100.0,0.0,0.0,,,,,,,
2026-09-27T00:40:00+07:00,2026-09-27T00:47:11.671723+07:00,valid,current,7.1945287166666665,STA2285,AWS Batur Dieng,-7.20399,109.91158,2078.0,Kab. Banjarnegara,7.283,6.645,100.0,100.0,False,0.0,250.7,0.0,798.6031,7.283,-0.6239999999999997,-0.8450000000000006,0.0,0.0,-0.5822999999999183,6,10.0,10.0,6.645,100.0,0.0,0.0,,,,,,,
2026-09-27T00:50:00+07:00,2026-09-27T01:02:04.741237+07:00,valid,current,12.079020616666666,STA2285,AWS Batur Dieng,-7.20399,109.91158,2078.0,Kab. Banjarnegara,7.246,6.645,100.0,100.0,False,0.0,236.9,0.0,798.4854,7.245999999999999,-0.7489999999999997,-0.8420000000000005,0.0,0.0,-0.6995999999999185,6,10.0,10.0,6.645,100.0,0.0,0.0,,,,,,,
2026-09-27T01:10:00+07:00,2026-09-27T01:17:04.417859+07:00,valid,current,7.0736309833333335,STA2285,AWS Batur Dieng,-7.20399,109.91158,2078.0,Kab. Banjarnegara,7.051,6.64,100.0,100.0,False,0.0,253.3,0.0,798.4206,7.051000000000001,-0.0999999999999996,-0.0049999999999998,0.0,0.0,-0.5983999999999696,6,10.0,10.0,6.64,100.0,0.0,0.0,,,,,,,
2026-09-27T01:50:00+07:00,2026-09-27T02:02:39.297577+07:00,valid,current,12.654959616666668,STA2285,AWS Batur Dieng,-7.20399,109.91158,2078.0,Kab. Banjarnegara,6.705,6.425,100.0,100.0,False,0.0,112.1,0.0,798.1026,6.704999999999999,-0.5410000000000004,-0.2199999999999997,0.0,0.0,-0.3827999999999747,6,10.0,10.0,6.425,100.0,0.0,0.0,,,,,,,
2026-09-27T02:10:00+07:00,2026-09-27T02:16:44.028557+07:00,valid,current,6.733809283333333,STA2285,AWS Batur Dieng,-7.20399,109.91158,2078.0,Kab. Banjarnegara,6.633,6.251,100.0,100.0,False,0.0,168.9,0.0,798.1007,6.633000000000001,-0.4180000000000001,-0.3889999999999993,0.0,0.0,-0.3199000000000751,6,10.0,10.0,6.251,100.0,0.0,0.0,,,,,,,
2026-09-27T02:20:00+07:00,2026-09-27T02:31:58.377140+07:00,valid,current,11.972952333333334,STA2285,AWS Batur Dieng,-7.20399,109.91158,2078.0,Kab. Banjarnegara,7.002,6.251,100.0,100.0,False,0.0,111.5,0.0,797.9518,7.002,-0.1800000000000006,-0.3249999999999993,0.0,0.0,-0.3932999999999538,6,10.0,10.0,6.251,100.0,0.0,0.0,,,,,,,
2026-09-27T02:40:00+07:00,2026-09-27T02:46:40.982101+07:00,valid,current,6.6830350166666666,STA2285,AWS Batur Dieng,-7.20399,109.91158,2078.0,Kab. Banjarnegara,6.882,6.251,100.0,100.0,False,0.0,107.0,0.0,797.9518,6.881999999999999,-0.0750000000000001,-0.1739999999999995,0.0,0.0,-0.303199999999947,6,10.0,10.0,6.251,100.0,0.0,0.0,,,,,,,
2026-09-27T02:50:00+07:00,2026-09-27T03:01:47.770828+07:00,valid,current,11.796180466666668,STA2285,AWS Batur Dieng,-7.20399,109.91158,2078.0,Kab. Banjarnegara,6.813,6.251,100.0,100.0,False,0.0,140.7,0.0,797.9524,6.813000000000001,0.1079999999999996,-0.1739999999999995,0.0,0.0,-0.1502000000000407,6,10.0,10.0,6.251,100.0,0.0,0.0,,,,,,,
2026-09-27T03:10:00+07:00,2026-09-27T03:16:49.270176+07:00,valid,current,6.8211696,STA2285,AWS Batur Dieng,-7.20399,109.91158,2078.0,Kab. Banjarnegara,6.46,6.251,100.0,100.0,False,0.0,248.6,0.0,798.1002,6.46,-0.17300000000000004,0.0,0.0,0.0,-0.0004999999999881766,6,10.0,10.0,6.251,100.0,0.0,0.0,,,,,,,
